date,he,aen,north,houston
2025-01-01,1,22.8,22.97,22.87
2025-01-01,2,20.84,21.11,20.93
2025-01-01,3,20.06,20.3,20.13
2025-01-01,4,21.16,21.57,21.28
2025-01-01,5,21.18,21.81,21.34
2025-01-01,6,23.45,24.33,23.68
2025-01-01,7,24.91,26.45,25.37
2025-01-01,8,28.93,30.65,29.47
2025-01-01,9,22.46,22.48,22.45
2025-01-01,10,18.74,18.93,18.77
2025-01-01,11,17.1,17.16,17.17
2025-01-01,12,16.62,16.66,16.62
2025-01-01,13,16.62,16.63,16.62
2025-01-01,14,15.52,15.5,15.44
2025-01-01,15,14.37,14.36,14.34
2025-01-01,16,15.08,15.05,14.99
2025-01-01,17,21.35,21.31,21.28
2025-01-01,18,34.64,39.25,36.66
2025-01-01,19,32.06,34.38,33.08
2025-01-01,20,30.3,29.58,29.66
2025-01-01,21,27.59,26.05,26.17
2025-01-01,22,20.44,19.34,19.72
2025-01-01,23,19.87,19.17,19.59
2025-01-01,24,18.34,17.64,18.01
2025-01-02,1,20.27,19.89,20.14
2025-01-02,2,18.03,17.65,17.9
2025-01-02,3,16.81,16.44,16.69
2025-01-02,4,17.13,16.79,17.02
2025-01-02,5,18.34,17.98,18.21
2025-01-02,6,23.4,23.09,23.28
2025-01-02,7,23.75,23.48,23.65
2025-01-02,8,26.85,26.66,26.79
2025-01-02,9,22.76,22.96,22.77
2025-01-02,10,20.52,20.36,20.44
2025-01-02,11,19.68,19.65,19.54
2025-01-02,12,19.73,19.76,19.67
2025-01-02,13,20.23,20.17,20.08
2025-01-02,14,20.54,20.39,20.13
2025-01-02,15,20.94,20.89,20.81
2025-01-02,16,20.86,20.76,20.6
2025-01-02,17,25.64,25.51,25.28
2025-01-02,18,36.94,41.03,38.62
2025-01-02,19,32.27,35.46,33.83
2025-01-02,20,29.83,31.14,30.48
2025-01-02,21,27.55,27.95,27.66
2025-01-02,22,23.42,24.02,23.67
2025-01-02,23,22.4,23.3,22.75
2025-01-02,24,21.16,22.02,21.57
2025-01-03,1,23.76,25.44,24.27
2025-01-03,2,21.76,24.21,22.45
2025-01-03,3,21.42,23.99,22.31
2025-01-03,4,21.77,25.11,22.99
2025-01-03,5,21.86,25.68,23.36
2025-01-03,6,26.01,31.54,28.18
2025-01-03,7,32.44,37.85,34.73
2025-01-03,8,37.08,45.15,40.12
2025-01-03,9,29.85,31.92,30.68
2025-01-03,10,24.49,24.76,24.56
2025-01-03,11,23,23.24,23.05
2025-01-03,12,20.77,20.94,20.81
2025-01-03,13,19.21,19.2,19.04
2025-01-03,14,17.65,17.57,17.39
2025-01-03,15,15.98,15.91,15.74
2025-01-03,16,16.33,16.2,15.96
2025-01-03,17,23.38,23.21,22.96
2025-01-03,18,34.81,34.36,34.33
2025-01-03,19,27.98,27.45,27.59
2025-01-03,20,21.51,20.87,20.69
2025-01-03,21,19.12,18.47,17.87
2025-01-03,22,15.88,15.39,15.27
2025-01-03,23,14.89,14.13,14.4
2025-01-03,24,10.4,9.4,9.57
2025-01-04,1,9.53,8.8,9.15
2025-01-04,2,5.88,5.05,5.42
2025-01-04,3,5.68,4.98,5.35
2025-01-04,4,6.41,5.77,6.08
2025-01-04,5,7.79,7.1,7.47
2025-01-04,6,10.38,9.98,10.21
2025-01-04,7,10.65,10.33,10.51
2025-01-04,8,12.92,12.7,12.8
2025-01-04,9,13.9,13.91,13.9
2025-01-04,10,12.43,12.45,12.56
2025-01-04,11,6.53,7.05,7.15
2025-01-04,12,3.21,4.13,4.06
2025-01-04,13,0.79,1.56,1.59
2025-01-04,14,0.76,1.23,1.48
2025-01-04,15,1.22,1.49,1.96
2025-01-04,16,1.59,1.8,2.28
2025-01-04,17,4.19,4.21,4.59
2025-01-04,18,10.63,9.59,10.46
2025-01-04,19,10.97,9.45,10.56
2025-01-04,20,9,8.06,9.03
2025-01-04,21,8.09,7.07,7.62
2025-01-04,22,7.26,5.99,6.7
2025-01-04,23,2.99,2.13,2.54
2025-01-04,24,1.66,0.8,1.03
2025-01-05,1,1.45,0.4,0.67
2025-01-05,2,0.78,0.12,0.1
2025-01-05,3,0.55,0.02,-0.1
2025-01-05,4,0.78,0.01,-0.03
2025-01-05,5,1.16,0.19,0.28
2025-01-05,6,2.81,1.24,1.57
2025-01-05,7,6.03,4.74,4.91
2025-01-05,8,8.36,6.62,7.14
2025-01-05,9,2.07,1.74,1.84
2025-01-05,10,0.92,1,1.78
2025-01-05,11,0.7,0.86,2.33
2025-01-05,12,1,1.15,3.18
2025-01-05,13,0.95,0.98,2.78
2025-01-05,14,0.82,1.02,2.59
2025-01-05,15,0.89,1.08,1.84
2025-01-05,16,1.82,1.93,2.52
2025-01-05,17,8.15,9.22,8.98
2025-01-05,18,23.39,23.03,22.92
2025-01-05,19,23.63,24.6,22.89
2025-01-05,20,23.33,24.39,22.4
2025-01-05,21,23.36,24.73,22.13
2025-01-05,22,22.24,25.6,21.36
2025-01-05,23,22.02,24.23,21.22
2025-01-05,24,21.71,24.31,20.84
2025-01-06,1,21.66,23.06,20.82
2025-01-06,2,22.86,24.72,21.99
2025-01-06,3,22.47,25.21,22.15
2025-01-06,4,23.76,25.97,22.96
2025-01-06,5,28.88,30.97,27.27
2025-01-06,6,48.03,43.14,35.2
2025-01-06,7,115.61,86.55,68.78
2025-01-06,8,138.33,109.83,86.3
2025-01-06,9,66.74,47.3,37.62
2025-01-06,10,35.44,28.77,23.51
2025-01-06,11,24.79,25.68,22.37
2025-01-06,12,25.1,24.5,22.19
2025-01-06,13,23.92,22.97,21.82
2025-01-06,14,22.17,21.76,20.75
2025-01-06,15,22.05,21.22,20.53
2025-01-06,16,22.78,21.98,20.4
2025-01-06,17,45,30.48,26.97
2025-01-06,18,96.19,56.44,44.93
2025-01-06,19,152.91,73.48,59.85
2025-01-06,20,80.94,62.03,54.71
2025-01-06,21,64.9,56.78,51
2025-01-06,22,47.34,45.51,40.62
2025-01-06,23,37.65,37.74,34.54
2025-01-06,24,33.51,34.08,31.28
2025-01-07,1,37.74,39.58,35.79
2025-01-07,2,36.23,39.94,35.93
2025-01-07,3,37.11,40.43,36.06
2025-01-07,4,41.16,44.59,37.5
2025-01-07,5,44.33,45.36,40.12
2025-01-07,6,100.5,60.52,47.4
2025-01-07,7,168.44,102.49,80.87
2025-01-07,8,186.27,110.26,87.1
2025-01-07,9,67.02,57.7,46.62
2025-01-07,10,32.69,32.47,30.07
2025-01-07,11,28.64,28.25,27.72
2025-01-07,12,25.44,25.37,24.96
2025-01-07,13,25.07,24.9,24.74
2025-01-07,14,23.11,23.02,22.85
2025-01-07,15,21.25,21.12,20.96
2025-01-07,16,18.85,19.01,19.05
2025-01-07,17,26.4,24.42,24.19
2025-01-07,18,37.01,33.62,33.06
2025-01-07,19,44.61,38.19,36.43
2025-01-07,20,37.7,35.82,34.65
2025-01-07,21,35.52,34.4,33.44
2025-01-07,22,32.7,32.46,31.84
2025-01-07,23,29.32,29.43,28.59
2025-01-07,24,29.48,29.48,28.43
2025-01-08,1,27.58,28.22,26.53
2025-01-08,2,26.76,27.67,25.6
2025-01-08,3,27.62,28.52,26.44
2025-01-08,4,28.54,29.38,27.26
2025-01-08,5,31.58,32.43,29.48
2025-01-08,6,42.14,40.83,36.79
2025-01-08,7,68.84,59.49,52.76
2025-01-08,8,114.9,73.35,60.37
2025-01-08,9,60.41,55.93,48.23
2025-01-08,10,38.58,41.43,37.08
2025-01-08,11,37.05,40.02,36.72
2025-01-08,12,30.66,32.53,30.33
2025-01-08,13,28.12,28.42,26.97
2025-01-08,14,27.42,27.68,26.32
2025-01-08,15,26.1,26.44,25.67
2025-01-08,16,25.65,26.09,25.43
2025-01-08,17,35.49,34.18,31.94
2025-01-08,18,68.26,63.4,54.29
2025-01-08,19,64.63,64.28,57.26
2025-01-08,20,52.95,55.18,49.74
2025-01-08,21,39.07,43.03,40.93
2025-01-08,22,37.14,37.5,37.43
2025-01-08,23,28.98,29.44,29.61
2025-01-08,24,28.48,27.93,27.72
2025-01-09,1,26.34,28.17,26.59
2025-01-09,2,25.99,27.62,25.83
2025-01-09,3,25.28,26.94,25.34
2025-01-09,4,25.28,27.65,25.76
2025-01-09,5,25.96,28.85,26.55
2025-01-09,6,30.33,33.19,30.28
2025-01-09,7,51.15,44.19,39.39
2025-01-09,8,57.63,54.16,48.15
2025-01-09,9,50.99,56.2,45.9
2025-01-09,10,51.99,54.71,47.3
2025-01-09,11,54.69,56.36,50.74
2025-01-09,12,50.97,49.84,47.01
2025-01-09,13,44.94,45.63,39.34
2025-01-09,14,47.64,47.2,44.79
2025-01-09,15,45.07,45.47,42.83
2025-01-09,16,46.65,48.76,43.32
2025-01-09,17,68.26,60.53,53.81
2025-01-09,18,77.44,77.34,66.79
2025-01-09,19,73.6,71.69,55.24
2025-01-09,20,56.63,58.69,49.92
2025-01-09,21,49.71,51.61,45.86
2025-01-09,22,45.24,44.55,42.13
2025-01-09,23,31.06,30.81,30.01
2025-01-09,24,27.78,27.32,26.71
2025-01-10,1,30.76,31.08,30.26
2025-01-10,2,27.29,27.48,26.43
2025-01-10,3,25.09,25.07,24.17
2025-01-10,4,23.73,23.78,23.08
2025-01-10,5,24.01,24.08,23.31
2025-01-10,6,26.46,26.84,25.85
2025-01-10,7,32.08,32.11,31.32
2025-01-10,8,35.17,34.29,32.78
2025-01-10,9,30.92,30.95,29.3
2025-01-10,10,27.79,28.3,25.62
2025-01-10,11,25.57,25.72,23.96
2025-01-10,12,24.54,24.32,22.61
2025-01-10,13,22.63,22.62,21.01
2025-01-10,14,21.64,21.94,20.46
2025-01-10,15,21.11,21.4,19.98
2025-01-10,16,20.98,20.71,19.53
2025-01-10,17,28.32,25.93,24.52
2025-01-10,18,52.02,52.75,48.95
2025-01-10,19,59.5,61.89,56.31
2025-01-10,20,54.29,57.62,54.41
2025-01-10,21,45.36,45.94,44.76
2025-01-10,22,42.33,41.94,41.93
2025-01-10,23,33.17,32.1,32.28
2025-01-10,24,27.53,26.09,25.37
2025-01-11,1,28.24,26.8,26.02
2025-01-11,2,27.56,26.3,25.73
2025-01-11,3,26.72,25.6,25.22
2025-01-11,4,26.6,25.91,25.13
2025-01-11,5,27.64,26.91,25.62
2025-01-11,6,33.33,33.83,30.81
2025-01-11,7,35.51,37.76,33.53
2025-01-11,8,33.74,37.7,32.95
2025-01-11,9,26.88,32.84,27.53
2025-01-11,10,26.45,30.63,27.31
2025-01-11,11,22.26,23.31,23.04
2025-01-11,12,13.97,13.36,14.49
2025-01-11,13,5.56,4.69,5.7
2025-01-11,14,2.01,1.72,2.99
2025-01-11,15,0.79,0.75,1.62
2025-01-11,16,1.06,1.16,1.66
2025-01-11,17,5.92,6.09,7.2
2025-01-11,18,25.27,25.57,25.67
2025-01-11,19,28.51,28.49,28.49
2025-01-11,20,24.98,24.93,25.13
2025-01-11,21,25.45,24.92,25.27
2025-01-11,22,24.19,23.72,24.08
2025-01-11,23,23.37,22.58,22.95
2025-01-11,24,25.14,24.51,24.87
2025-01-12,1,25.34,24.82,25.3
2025-01-12,2,26.59,26.06,26.44
2025-01-12,3,25.71,24.81,25.32
2025-01-12,4,26.58,25.49,25.81
2025-01-12,5,26.91,25.61,25.54
2025-01-12,6,27.82,26.77,26.45
2025-01-12,7,35.3,33.81,32.51
2025-01-12,8,35.07,33.06,31.5
2025-01-12,9,28.16,27.33,27.29
2025-01-12,10,21.92,21.68,20.92
2025-01-12,11,17.74,17.37,17.34
2025-01-12,12,15.5,15.46,16.17
2025-01-12,13,17.41,17.41,18.19
2025-01-12,14,17.82,17.84,18.23
2025-01-12,15,15.03,15.07,15.56
2025-01-12,16,16.46,16.51,17.01
2025-01-12,17,23.87,23.97,24.51
2025-01-12,18,31.68,33.69,32.49
2025-01-12,19,36.4,38.71,37.19
2025-01-12,20,37.64,39.12,37.93
2025-01-12,21,39.19,39.81,39.22
2025-01-12,22,36.04,37.29,36.38
2025-01-12,23,30.62,31.91,30.98
2025-01-12,24,31.03,32.73,31.01
2025-01-13,1,24.04,25.86,24.22
2025-01-13,2,24.5,26.3,24.16
2025-01-13,3,25.05,27.49,25.2
2025-01-13,4,25.4,29.03,26.05
2025-01-13,5,28.63,33.31,29.48
2025-01-13,6,39.85,46.89,41.18
2025-01-13,7,60.75,70.18,59.56
2025-01-13,8,55.2,63.48,53.33
2025-01-13,9,41.38,37.76,35.22
2025-01-13,10,28,27.15,27.23
2025-01-13,11,24.23,24.13,23.84
2025-01-13,12,24.21,24.15,23.95
2025-01-13,13,23.38,22.55,22.97
2025-01-13,14,21.66,20.9,21.4
2025-01-13,15,17.96,17.19,18.2
2025-01-13,16,16.49,15.93,17.03
2025-01-13,17,26.32,25.02,25.33
2025-01-13,18,43.03,40.82,39.9
2025-01-13,19,41.6,37.79,38.22
2025-01-13,20,44.97,41.29,41.68
2025-01-13,21,40.69,38.36,39.21
2025-01-13,22,32.74,31.02,31.55
2025-01-13,23,28.44,27.1,27.67
2025-01-13,24,27.58,26.17,27.13
2025-01-14,1,25.88,25.67,25.7
2025-01-14,2,25.34,24.72,25.27
2025-01-14,3,26.15,25.67,25.83
2025-01-14,4,27.68,26.13,26.77
2025-01-14,5,29.86,27.61,28.38
2025-01-14,6,43.04,41.08,36.12
2025-01-14,7,68.6,62.19,51.78
2025-01-14,8,72.77,65.68,49.62
2025-01-14,9,35.83,36.6,33.51
2025-01-14,10,28.97,28.25,28.76
2025-01-14,11,27.19,26.84,25.99
2025-01-14,12,24.73,24.51,23.89
2025-01-14,13,22.6,22.77,23.23
2025-01-14,14,21.57,21.64,22.05
2025-01-14,15,21.16,21.23,21.65
2025-01-14,16,22.34,22.39,22.81
2025-01-14,17,27.35,27.29,26.9
2025-01-14,18,42.22,43.08,40.41
2025-01-14,19,41.78,43.96,40.45
2025-01-14,20,39.17,43.94,39.87
2025-01-14,21,32.77,36.68,33.75
2025-01-14,22,28.96,32.2,29.65
2025-01-14,23,27.72,30.07,28.36
2025-01-14,24,27.52,29.77,28.13
2025-01-15,1,26.1,30.9,27.53
2025-01-15,2,25.11,31.19,27.02
2025-01-15,3,24.85,31.05,26.78
2025-01-15,4,23.8,30.39,25.74
2025-01-15,5,24.8,31.39,26.53
2025-01-15,6,31.25,37.07,31.44
2025-01-15,7,47.76,54.6,45.17
2025-01-15,8,48.8,60.63,43.92
2025-01-15,9,35.55,40.14,35.48
2025-01-15,10,31.52,31.8,30.62
2025-01-15,11,28.01,28.68,27.35
2025-01-15,12,26.37,26.43,25.6
2025-01-15,13,24.47,24.7,24.4
2025-01-15,14,22.92,23.33,23.22
2025-01-15,15,21.89,22.22,22.49
2025-01-15,16,21.89,22.32,22.69
2025-01-15,17,26.61,26.91,26.27
2025-01-15,18,41.42,42.94,37.18
2025-01-15,19,42.1,44.79,39.17
2025-01-15,20,42.87,45.2,40.28
2025-01-15,21,41.12,45.03,41.64
2025-01-15,22,33.89,37.43,35.07
2025-01-15,23,29.2,32.77,30.52
2025-01-15,24,28.6,30.82,29.5
2025-01-16,1,31.38,37.58,32.24
2025-01-16,2,30.34,35.88,30.82
2025-01-16,3,30.57,34.45,30.34
2025-01-16,4,31.36,33.38,31.55
2025-01-16,5,31.27,33.79,30.94
2025-01-16,6,35.96,47.5,31.81
2025-01-16,7,60.19,79.64,50.01
2025-01-16,8,66.89,96.59,54.44
2025-01-16,9,36.52,45,32.9
2025-01-16,10,38.21,39.8,38.75
2025-01-16,11,31.13,33.86,29.44
2025-01-16,12,30.91,31.26,29.52
2025-01-16,13,28.24,27.96,26.59
2025-01-16,14,26.43,26.52,26.23
2025-01-16,15,25.36,25.71,25.26
2025-01-16,16,26.24,25.85,26.17
2025-01-16,17,30.31,29.91,29.6
2025-01-16,18,53.03,57.3,43.71
2025-01-16,19,55.73,56.66,50.68
2025-01-16,20,44.22,39.92,41.91
2025-01-16,21,34.88,32.97,33.83
2025-01-16,22,31.36,30.06,30.72
2025-01-16,23,26.34,24.98,25.54
2025-01-16,24,20.33,21.71,20.48
2025-01-17,1,15.91,13.78,17.68
2025-01-17,2,15.1,13.37,16.71
2025-01-17,3,14.44,12.46,15.84
2025-01-17,4,15.79,14.35,17.58
2025-01-17,5,18.53,16.95,20.22
2025-01-17,6,25.52,23.86,26.06
2025-01-17,7,33.23,31.72,33.71
2025-01-17,8,33.42,31.98,34.87
2025-01-17,9,26.78,24.44,27.78
2025-01-17,10,22.08,19.72,24.95
2025-01-17,11,16.49,14.75,22.72
2025-01-17,12,9.53,6.75,21.88
2025-01-17,13,3.88,2.83,9.56
2025-01-17,14,2.2,1,7.03
2025-01-17,15,2.64,0.83,9.75
2025-01-17,16,5.34,2.01,19.62
2025-01-17,17,7.59,3.98,21.48
2025-01-17,18,17.98,16.33,23.36
2025-01-17,19,21.48,19.78,25.1
2025-01-17,20,20.68,19.29,23.65
2025-01-17,21,19.52,18.35,22.6
2025-01-17,22,17.95,17.21,20.07
2025-01-17,23,16.78,16.11,17.89
2025-01-17,24,17.43,16.63,17.98
2025-01-18,1,15.89,14.19,15.35
2025-01-18,2,16.56,15.26,16.18
2025-01-18,3,17.15,15.82,16.75
2025-01-18,4,20.64,19.21,20.21
2025-01-18,5,24.78,23.49,24.39
2025-01-18,6,28.44,27.65,28.17
2025-01-18,7,31.44,31.29,31.19
2025-01-18,8,33.16,33.6,32.99
2025-01-18,9,23.19,23.24,23.09
2025-01-18,10,6.03,6.03,6.25
2025-01-18,11,5.32,5.31,5.48
2025-01-18,12,5.57,5.47,5.35
2025-01-18,13,11,10.69,10.07
2025-01-18,14,7,6.99,6.88
2025-01-18,15,1.22,1.19,1.29
2025-01-18,16,1.06,0.92,1.03
2025-01-18,17,3.64,3.15,3.51
2025-01-18,18,21.61,18.91,20.64
2025-01-18,19,20.06,16.98,18.98
2025-01-18,20,15.81,13.95,15.15
2025-01-18,21,7.5,9.76,7.96
2025-01-18,22,5.09,9.17,5.94
2025-01-18,23,12.72,17.15,13.65
2025-01-18,24,12.73,17.12,13.3
2025-01-19,1,13.46,16.04,13
2025-01-19,2,14.74,17.1,14.16
2025-01-19,3,15.75,17.42,14.7
2025-01-19,4,18.93,20.12,17.76
2025-01-19,5,28.77,30.08,26.37
2025-01-19,6,40.21,40.2,33.95
2025-01-19,7,50.41,51.26,41.52
2025-01-19,8,58.34,66.58,45.97
2025-01-19,9,39.99,42.9,29.39
2025-01-19,10,33.35,35.3,27.06
2025-01-19,11,27.49,29.65,23.33
2025-01-19,12,32.74,34.14,27.04
2025-01-19,13,30.81,31.81,26.77
2025-01-19,14,25.53,26.04,22.24
2025-01-19,15,18.91,19.31,16.9
2025-01-19,16,25.54,25.46,23.78
2025-01-19,17,36.9,35.56,33.49
2025-01-19,18,107.64,117.67,92.61
2025-01-19,19,119.21,121.24,111.81
2025-01-19,20,106.52,106.77,100.71
2025-01-19,21,92.2,90.41,88
2025-01-19,22,67.88,65.37,64.85
2025-01-19,23,44.79,42.82,43.43
2025-01-19,24,38.77,37.3,36.64
2025-01-20,1,51.89,50.34,49.45
2025-01-20,2,48.6,47.71,46.79
2025-01-20,3,48.91,47.63,46.81
2025-01-20,4,45.06,44.25,42.41
2025-01-20,5,43.46,42.24,39.56
2025-01-20,6,64.22,58.79,53.7
2025-01-20,7,91.31,76.46,65.34
2025-01-20,8,102.35,92.48,75.49
2025-01-20,9,61.68,60.27,48.92
2025-01-20,10,40.25,53.6,41.63
2025-01-20,11,33.1,39.8,31.77
2025-01-20,12,27.67,29.76,26.34
2025-01-20,13,39.3,39.68,38.8
2025-01-20,14,41.69,41.69,41.22
2025-01-20,15,43.64,43.04,42.65
2025-01-20,16,48.36,47.76,47.31
2025-01-20,17,61.76,60.23,58.51
2025-01-20,18,81.17,79.42,74.71
2025-01-20,19,84.31,78.59,73.37
2025-01-20,20,62.11,58.64,54.75
2025-01-20,21,59.02,57.15,54.41
2025-01-20,22,52.33,50.91,49.49
2025-01-20,23,57.56,56.11,54.92
2025-01-20,24,56.35,54.69,52.95
2025-01-21,1,55.82,55.39,53.89
2025-01-21,2,51.62,51.55,50.04
2025-01-21,3,55.31,55.19,53.57
2025-01-21,4,64.55,63.6,61.33
2025-01-21,5,72.66,70.9,68.06
2025-01-21,6,100,97.69,91.25
2025-01-21,7,130.7,121.22,110.11
2025-01-21,8,190.3,180.3,161.98
2025-01-21,9,168.75,159.71,143.94
2025-01-21,10,109.38,107.12,98.5
2025-01-21,11,88.73,82.63,79.97
2025-01-21,12,59.37,57.16,55.89
2025-01-21,13,49.41,47.15,46.44
2025-01-21,14,44,41.71,41.5
2025-01-21,15,38.71,36.38,36.71
2025-01-21,16,38.04,34,34.26
2025-01-21,17,45.24,41.29,41.86
2025-01-21,18,87.81,77.9,79.72
2025-01-21,19,100.25,87.88,88.17
2025-01-21,20,92.68,89.47,85.92
2025-01-21,21,100.83,98.73,93.04
2025-01-21,22,80.51,79.18,71.52
2025-01-21,23,73.56,78.81,67.97
2025-01-21,24,66.06,70.16,60.81
2025-01-22,1,62.33,53.87,45.42
2025-01-22,2,59.38,48.07,41.06
2025-01-22,3,65.88,48.93,48.38
2025-01-22,4,68.63,48.72,48.53
2025-01-22,5,71.82,51.57,50.5
2025-01-22,6,84.14,65.42,56.78
2025-01-22,7,145.93,112.66,104.84
2025-01-22,8,158.27,111.9,108.83
2025-01-22,9,111.73,76.54,74.13
2025-01-22,10,55.08,39.46,41.94
2025-01-22,11,28.58,25.03,24.84
2025-01-22,12,24.05,22.91,22.2
2025-01-22,13,22.52,21.6,21.03
2025-01-22,14,21.41,20.34,19.72
2025-01-22,15,17.84,16.67,16.41
2025-01-22,16,16.44,15.68,15.48
2025-01-22,17,23.58,23.46,23.45
2025-01-22,18,35.22,35.08,35.02
2025-01-22,19,39.68,39.49,39.55
2025-01-22,20,38.05,37.4,37.11
2025-01-22,21,35.93,35.45,35.42
2025-01-22,22,36.36,35.78,35.88
2025-01-22,23,32.93,32.03,31.52
2025-01-22,24,29.93,29.42,29.36
2025-01-23,1,27.26,26.85,26.67
2025-01-23,2,26.76,26.47,26.33
2025-01-23,3,26.9,26.72,26.4
2025-01-23,4,30.14,30.73,30.63
2025-01-23,5,27.41,28.56,28.27
2025-01-23,6,39.84,41.35,40.49
2025-01-23,7,52.17,55.32,53.68
2025-01-23,8,55.24,55.14,53.91
2025-01-23,9,30.62,32.34,31.15
2025-01-23,10,21.32,21.39,21.19
2025-01-23,11,16.87,16.82,16.77
2025-01-23,12,13.99,13.93,13.91
2025-01-23,13,9.58,9.53,9.52
2025-01-23,14,8.04,8.02,8.01
2025-01-23,15,4.91,4.9,4.88
2025-01-23,16,4.95,4.92,4.91
2025-01-23,17,16.38,16.36,16.35
2025-01-23,18,30.19,32.08,30.9
2025-01-23,19,36.28,41.54,37.23
2025-01-23,20,37.99,45.05,39.62
2025-01-23,21,41.01,49.2,42.71
2025-01-23,22,40.91,52.2,44.21
2025-01-23,23,42.62,54.54,46.58
2025-01-23,24,37.2,46.09,40.24
2025-01-24,1,41.52,42.79,40.75
2025-01-24,2,35.22,34.06,34.12
2025-01-24,3,30.54,28.68,29.73
2025-01-24,4,30.9,28.96,30.19
2025-01-24,5,30.08,28.43,29.41
2025-01-24,6,34.81,32.78,33.18
2025-01-24,7,43.47,44.13,41.19
2025-01-24,8,48.79,46.43,41.52
2025-01-24,9,28.14,32.92,25.79
2025-01-24,10,25.01,24.02,22.64
2025-01-24,11,24.87,16.78,18.33
2025-01-24,12,16.21,7.82,9.84
2025-01-24,13,14.08,7.89,9.58
2025-01-24,14,6.46,3.7,4.74
2025-01-24,15,3.14,0.95,2.1
2025-01-24,16,2.23,0.99,1.9
2025-01-24,17,7.03,5.44,6.41
2025-01-24,18,23.1,21.24,22.47
2025-01-24,19,29.4,27.76,27.97
2025-01-24,20,26.96,25.74,25.75
2025-01-24,21,28.36,26.91,26.86
2025-01-24,22,31.21,29.88,30.07
2025-01-24,23,32.22,30.13,31.49
2025-01-24,24,32.45,30.08,31.27
2025-01-25,1,30.58,28.52,30.03
2025-01-25,2,24.43,23.56,24.38
2025-01-25,3,24.02,22.93,23.8
2025-01-25,4,24.32,22.74,23.91
2025-01-25,5,23.3,21.68,22.69
2025-01-25,6,26.04,24.44,25.5
2025-01-25,7,32.16,33.05,32.47
2025-01-25,8,34.54,36.76,34.97
2025-01-25,9,26.44,27.46,26.5
2025-01-25,10,22.93,23.1,22.8
2025-01-25,11,21.07,20.83,20.95
2025-01-25,12,16.46,16.15,16.26
2025-01-25,13,16.86,16.28,16.26
2025-01-25,14,18.31,17.66,17.59
2025-01-25,15,21.51,20.48,20.27
2025-01-25,16,24.27,23.47,22.74
2025-01-25,17,26.32,23.83,24.39
2025-01-25,18,45.1,45.1,43.45
2025-01-25,19,37.6,35.96,36.15
2025-01-25,20,27.47,25.64,26.17
2025-01-25,21,24.51,22.54,23.14
2025-01-25,22,23.34,21.53,22.04
2025-01-25,23,26.81,25.79,25.42
2025-01-25,24,25.42,24.21,24.35
2025-01-26,1,26.77,25.91,25.69
2025-01-26,2,24.53,23.96,23.76
2025-01-26,3,23.04,22.6,22.54
2025-01-26,4,23.77,23.45,23.34
2025-01-26,5,26.35,26.25,26.09
2025-01-26,6,26.86,26.91,26.75
2025-01-26,7,26.36,27.7,26.56
2025-01-26,8,28.22,30.3,28.66
2025-01-26,9,33.24,34,33.41
2025-01-26,10,34.63,35.79,33.77
2025-01-26,11,35.03,36.6,34.43
2025-01-26,12,34.86,36.84,34.3
2025-01-26,13,31.93,31.7,30.54
2025-01-26,14,30.52,29.38,28.48
2025-01-26,15,30.16,29.48,28.72
2025-01-26,16,31.37,30.28,29.24
2025-01-26,17,34.72,36.26,32.54
2025-01-26,18,44.67,56.99,41.21
2025-01-26,19,48.4,58.09,45.34
2025-01-26,20,39.32,42.7,38.45
2025-01-26,21,34.82,37.84,35.63
2025-01-26,22,30.04,31.7,30.51
2025-01-26,23,28.2,29.61,28.5
2025-01-26,24,25.36,26.99,25.91
2025-01-27,1,22.12,23.38,22.44
2025-01-27,2,22.96,23.88,23.21
2025-01-27,3,23.45,25.06,23.9
2025-01-27,4,25.4,27.32,26.05
2025-01-27,5,27.2,28.76,27.57
2025-01-27,6,30.8,41.36,30.61
2025-01-27,7,43.22,57.08,42.61
2025-01-27,8,53.16,75.63,54.6
2025-01-27,9,48.12,54.61,40.76
2025-01-27,10,39.84,40.22,34.27
2025-01-27,11,35.36,34.31,30.46
2025-01-27,12,30.42,29.4,26.94
2025-01-27,13,25.06,24.17,22.82
2025-01-27,14,24.21,22.88,21.79
2025-01-27,15,24.76,22.9,21.77
2025-01-27,16,24.4,23.44,22.31
2025-01-27,17,28.36,28.01,25.39
2025-01-27,18,48.3,54.45,43.31
2025-01-27,19,55.96,62.66,49.66
2025-01-27,20,47.13,52.86,41.47
2025-01-27,21,42.36,44.18,37.66
2025-01-27,22,36.87,37.54,33.04
2025-01-27,23,33.38,33.46,30.31
2025-01-27,24,32.3,32.05,29.1
2025-01-28,1,25.09,27.2,24.06
2025-01-28,2,24.64,27.29,23.96
2025-01-28,3,24.47,27.78,24.01
2025-01-28,4,24.83,29.66,24.65
2025-01-28,5,24.96,30.88,25.05
2025-01-28,6,30.59,38.09,30.36
2025-01-28,7,48.87,57.77,45.01
2025-01-28,8,53.81,64.84,50.04
2025-01-28,9,43.15,49.18,39.88
2025-01-28,10,40.31,43.43,36.61
2025-01-28,11,35.29,36.03,31.6
2025-01-28,12,29.01,29.01,26.37
2025-01-28,13,26.63,25.81,24.08
2025-01-28,14,23.85,23.46,21.99
2025-01-28,15,24.09,23.62,22.22
2025-01-28,16,25.59,25.69,23.61
2025-01-28,17,32.18,33.98,29.53
2025-01-28,18,39.95,45.09,36.94
2025-01-28,19,41.2,46.16,37.91
2025-01-28,20,32.41,35.66,30.35
2025-01-28,21,29.37,30.26,27.03
2025-01-28,22,26.32,26.9,24.41
2025-01-28,23,26.09,26.79,24.44
2025-01-28,24,24.26,25.49,23.08
2025-01-29,1,25.31,27.01,25.16
2025-01-29,2,23.78,25.87,24.14
2025-01-29,3,22.89,25.65,23
2025-01-29,4,22.37,26.01,22.66
2025-01-29,5,23.52,27.41,23.79
2025-01-29,6,25.77,30.91,25.98
2025-01-29,7,34.79,41.29,35.21
2025-01-29,8,41.33,46.99,38.52
2025-01-29,9,39.35,44.1,37.54
2025-01-29,10,40.53,43.69,38.99
2025-01-29,11,34.66,35.87,30.68
2025-01-29,12,28.42,28.77,24.95
2025-01-29,13,25.31,25.97,22.48
2025-01-29,14,24.77,25.2,22.04
2025-01-29,15,22.54,22.86,20.12
2025-01-29,16,23.48,23.75,20.57
2025-01-29,17,25.63,27.22,22.67
2025-01-29,18,35.1,38.73,29.91
2025-01-29,19,38.43,44.37,34.05
2025-01-29,20,36.07,41.44,32.4
2025-01-29,21,34.55,38.68,30.03
2025-01-29,22,28.63,32.41,25.3
2025-01-29,23,28.03,30.22,24.02
2025-01-29,24,24.73,27.13,22.09
2025-01-30,1,26.92,28.19,23.7
2025-01-30,2,24.12,24.34,21.11
2025-01-30,3,23.72,23.24,20.58
2025-01-30,4,21.13,21.09,19.07
2025-01-30,5,22.3,21.23,20.22
2025-01-30,6,26.59,25.02,23.42
2025-01-30,7,35.22,32.4,29.75
2025-01-30,8,29.77,27.67,25.83
2025-01-30,9,23.29,23.26,22.54
2025-01-30,10,22.59,22.52,21.97
2025-01-30,11,21.74,21.74,21.36
2025-01-30,12,16.85,17.66,17.16
2025-01-30,13,15.06,15.51,15.71
2025-01-30,14,12.35,12.2,12.69
2025-01-30,15,11.12,10.5,11.45
2025-01-30,16,10.49,9.17,10.43
2025-01-30,17,16.52,15.26,16.29
2025-01-30,18,23.98,21.38,22.66
2025-01-30,19,27.57,24.66,25.68
2025-01-30,20,27.42,23.91,24.57
2025-01-30,21,24.69,20.28,21.49
2025-01-30,22,21.97,17.72,19.4
2025-01-30,23,20.69,17.12,19.22
2025-01-30,24,19.49,15.83,18.27
2025-01-31,1,16.72,13.66,15.1
2025-01-31,2,16.56,13.47,14.9
2025-01-31,3,16.31,12.55,14.18
2025-01-31,4,17.61,13.71,15.19
2025-01-31,5,18.55,14.48,16.08
2025-01-31,6,20.74,16.99,18.14
2025-01-31,7,27.33,23.42,24.41
2025-01-31,8,27.38,25.3,25.39
2025-01-31,9,18.83,18.4,18.43
2025-01-31,10,10.52,10.33,10.49
2025-01-31,11,7.3,7.29,7.36
2025-01-31,12,5.56,5.56,5.64
2025-01-31,13,4.99,5.04,5.21
2025-01-31,14,5.82,5.84,5.96
2025-01-31,15,10.54,10.53,10.47
2025-01-31,16,16.5,16.57,16.43
2025-01-31,17,23.12,23.44,23.2
2025-01-31,18,40.44,45.56,42.23
2025-01-31,19,47.05,58,51.25
2025-01-31,20,44.94,56.08,49.43
2025-01-31,21,40.36,50.89,44.64
2025-01-31,22,32.82,40.15,35.76
2025-01-31,23,27.5,30.19,28.89
2025-01-31,24,25.81,26.26,25.85
2025-02-01,1,31.7,32.37,32.43
2025-02-01,2,27.81,26.21,27.6
2025-02-01,3,27.39,23.77,26.19
2025-02-01,4,26.36,22.06,24.98
2025-02-01,5,27.93,22.69,26.13
2025-02-01,6,25.7,21.21,23.77
2025-02-01,7,27.13,23.3,25.08
2025-02-01,8,24.97,21.78,23.12
2025-02-01,9,18.71,18.27,18.3
2025-02-01,10,10.72,10.11,10.6
2025-02-01,11,7.61,6.19,7.23
2025-02-01,12,5.09,3.87,5.01
2025-02-01,13,3.42,1.95,3.42
2025-02-01,14,2.84,0.94,2.51
2025-02-01,15,1.4,0.01,1.18
2025-02-01,16,2.39,0.94,2.2
2025-02-01,17,8.22,6.9,7.99
2025-02-01,18,31.4,29.01,30.85
2025-02-01,19,27.4,23.75,26.09
2025-02-01,20,22.8,18.47,21.63
2025-02-01,21,21.53,17.13,20.36
2025-02-01,22,19.17,15.47,18.18
2025-02-01,23,18.88,15.28,17.92
2025-02-01,24,16.71,12.98,15.69
2025-02-02,1,16.52,13.7,15.69
2025-02-02,2,15.08,11.55,14
2025-02-02,3,14.98,11.2,13.8
2025-02-02,4,13.97,10.51,12.89
2025-02-02,5,15.19,11.68,14.09
2025-02-02,6,18.2,14.29,16.9
2025-02-02,7,21.55,18.15,20.23
2025-02-02,8,22.54,20.63,21.65
2025-02-02,9,11.81,11.22,11.48
2025-02-02,10,7.81,7.42,7.64
2025-02-02,11,9.34,9.3,9.32
2025-02-02,12,14.37,14.34,14.36
2025-02-02,13,13.5,13.5,13.49
2025-02-02,14,13,13,12.99
2025-02-02,15,8.22,8.19,8.21
2025-02-02,16,4.4,4.35,4.38
2025-02-02,17,13.97,13.94,13.89
2025-02-02,18,39.5,38.75,39.29
2025-02-02,19,35.15,31.43,33.89
2025-02-02,20,23.35,20.09,22.81
2025-02-02,21,17.89,14.52,16.99
2025-02-02,22,16.67,12.92,16.01
2025-02-02,23,16.1,13,15.26
2025-02-02,24,14.01,10.27,12.78
2025-02-03,1,9.45,5.13,8.59
2025-02-03,2,7.57,3.49,6.76
2025-02-03,3,5.78,2,5.12
2025-02-03,4,5.59,2,4.93
2025-02-03,5,9.15,5.22,8.15
2025-02-03,6,15.62,11.19,14.4
2025-02-03,7,21.83,17.37,20.58
2025-02-03,8,24.21,20.16,23.11
2025-02-03,9,13.39,12.34,13.19
2025-02-03,10,7.86,7.31,7.9
2025-02-03,11,10.07,10.13,10.52
2025-02-03,12,14.91,15.31,16.07
2025-02-03,13,17.74,18.08,18.66
2025-02-03,14,18.27,18.77,19.62
2025-02-03,15,19.37,20.06,21.12
2025-02-03,16,20,20.67,21.51
2025-02-03,17,19.33,19.77,20.33
2025-02-03,18,58.62,57.18,56.54
2025-02-03,19,45.43,44.35,44.84
2025-02-03,20,31.28,29.66,31.33
2025-02-03,21,25.44,24.21,25.11
2025-02-03,22,18.25,16.75,17.74
2025-02-03,23,23.73,22.2,23.44
2025-02-03,24,18.64,17.22,18.46
2025-02-04,1,12.79,12.9,16.62
2025-02-04,2,12.33,12.63,16.12
2025-02-04,3,12.66,13.39,16.76
2025-02-04,4,14.09,15.34,18.78
2025-02-04,5,15.74,16.52,19.08
2025-02-04,6,23.99,24.54,26.95
2025-02-04,7,26.7,27.27,28.12
2025-02-04,8,29.82,30.03,30.94
2025-02-04,9,27.31,27.67,28.49
2025-02-04,10,26.81,27.31,28.13
2025-02-04,11,23.49,24.12,24.95
2025-02-04,12,21.83,23.12,25.24
2025-02-04,13,19.56,21.34,24.24
2025-02-04,14,20.53,22.91,27
2025-02-04,15,18.25,20.58,24.62
2025-02-04,16,18.13,20.1,23.99
2025-02-04,17,17.12,18.32,21.7
2025-02-04,18,34,35.27,37.91
2025-02-04,19,33.36,33.14,36.3
2025-02-04,20,26.47,25.58,31
2025-02-04,21,23.24,21.31,27.3
2025-02-04,22,22.36,19.66,25.36
2025-02-04,23,21.93,18.07,23.41
2025-02-04,24,22.47,17.62,22.87
2025-02-05,1,23.3,22.42,23.24
2025-02-05,2,20.35,19.41,20.32
2025-02-05,3,17.12,16.06,17.31
2025-02-05,4,16.09,14.25,15.74
2025-02-05,5,15.67,12.61,15.04
2025-02-05,6,19.29,17.02,18.78
2025-02-05,7,24.91,22.67,24.24
2025-02-05,8,24.67,22.5,24.11
2025-02-05,9,20.98,16.8,20.29
2025-02-05,10,16.45,10.65,15.52
2025-02-05,11,14.17,9.11,13.86
2025-02-05,12,14.15,8.54,14.24
2025-02-05,13,14.1,8.26,14.47
2025-02-05,14,14.87,9.07,16.64
2025-02-05,15,15.92,10.24,18.54
2025-02-05,16,18.48,12.72,21.41
2025-02-05,17,21.14,15.91,24.97
2025-02-05,18,32.81,29.46,37.49
2025-02-05,19,34.55,30.87,37.28
2025-02-05,20,31.14,23.61,31.93
2025-02-05,21,26.99,18.8,27.6
2025-02-05,22,24.28,15.98,24.77
2025-02-05,23,21.68,14.94,22.68
2025-02-05,24,19.63,11.99,20.53
2025-02-06,1,16.07,12.43,18.09
2025-02-06,2,15.1,12.02,17.28
2025-02-06,3,15.92,12.65,17.17
2025-02-06,4,17.18,14.21,18.97
2025-02-06,5,19.96,17.44,21.07
2025-02-06,6,24.49,22.8,26.46
2025-02-06,7,27.35,26.14,29.8
2025-02-06,8,28.71,26.82,29.32
2025-02-06,9,23.28,22.93,24.21
2025-02-06,10,18.96,19.43,20.34
2025-02-06,11,20.87,21.62,21.69
2025-02-06,12,23,24.53,24.36
2025-02-06,13,22.12,23.98,23.62
2025-02-06,14,22.24,23.82,24.19
2025-02-06,15,19.89,21.04,21.73
2025-02-06,16,19.82,20.81,21.66
2025-02-06,17,23.59,24.32,24.07
2025-02-06,18,46.75,47.1,45.76
2025-02-06,19,48.33,45.02,46.29
2025-02-06,20,37.02,32.42,34.79
2025-02-06,21,30.22,26.87,28.87
2025-02-06,22,26.17,24.09,25.27
2025-02-06,23,24.18,23.14,23.62
2025-02-06,24,22.29,21.76,21.92
2025-02-07,1,24.36,22.39,23.31
2025-02-07,2,21.87,20.38,21.13
2025-02-07,3,21.7,20.02,20.97
2025-02-07,4,21.71,19.92,21.12
2025-02-07,5,25.46,23.02,24.7
2025-02-07,6,28.5,26.36,27.88
2025-02-07,7,34.18,30.6,33
2025-02-07,8,37.99,36.27,37.46
2025-02-07,9,26.77,26.04,26.47
2025-02-07,10,23.57,23.55,23.55
2025-02-07,11,20.55,20.57,20.48
2025-02-07,12,19.76,19.82,19.69
2025-02-07,13,18.8,18.89,19.2
2025-02-07,14,18.67,18.85,19.05
2025-02-07,15,19.58,17.98,19.13
2025-02-07,16,19.15,17.66,20.94
2025-02-07,17,19.53,18.81,20.64
2025-02-07,18,35.81,34.37,35.47
2025-02-07,19,34.64,31.32,33.56
2025-02-07,20,23.9,21.46,22.9
2025-02-07,21,21.69,17.74,20.71
2025-02-07,22,21.79,14.43,20.22
2025-02-07,23,22.04,13.6,19.84
2025-02-07,24,19.75,8.73,17.01
2025-02-08,1,19.62,10.32,17.23
2025-02-08,2,17.06,7.34,14.4
2025-02-08,3,15.42,6.1,12.95
2025-02-08,4,14,4.8,11.61
2025-02-08,5,14.6,5.49,12.31
2025-02-08,6,16.59,8.24,14.46
2025-02-08,7,19.26,11.93,17.45
2025-02-08,8,20.57,14.89,19.3
2025-02-08,9,12.89,8.3,12.12
2025-02-08,10,7.48,5.05,7.53
2025-02-08,11,6.81,6.59,9.64
2025-02-08,12,12.37,12.54,15.6
2025-02-08,13,16.23,17.08,19.25
2025-02-08,14,16.85,17.77,20.44
2025-02-08,15,18.27,18.93,21.89
2025-02-08,16,18.55,18.92,21.85
2025-02-08,17,18.88,19.09,21.71
2025-02-08,18,37.24,31.38,34.82
2025-02-08,19,41.86,33.76,38.43
2025-02-08,20,32.89,27.34,30.43
2025-02-08,21,28.44,24.55,26.81
2025-02-08,22,20.44,18.98,19.6
2025-02-08,23,24.04,23,23.19
2025-02-08,24,26.23,25.31,25.41
2025-02-09,1,33.58,33.92,32.32
2025-02-09,2,27.54,29.52,26.32
2025-02-09,3,29.29,31.6,28.48
2025-02-09,4,27.27,30.6,26.65
2025-02-09,5,25.75,29.18,24.86
2025-02-09,6,25.03,28.7,24.08
2025-02-09,7,24.4,23.19,23.67
2025-02-09,8,25.61,27.32,25.03
2025-02-09,9,23.15,26.74,22.02
2025-02-09,10,22.67,25.04,22.13
2025-02-09,11,23.98,27.1,23.69
2025-02-09,12,26.49,27.81,26.22
2025-02-09,13,25.23,25.46,25.14
2025-02-09,14,26.88,27.05,26.83
2025-02-09,15,25.34,25.4,25
2025-02-09,16,27.39,26.6,26.19
2025-02-09,17,28.49,28.34,28
2025-02-09,18,37,35.88,35.74
2025-02-09,19,41.5,41.85,40.65
2025-02-09,20,36.8,37.18,36.28
2025-02-09,21,38.7,38.35,37.9
2025-02-09,22,35.96,35.94,35.52
2025-02-09,23,29.31,31.93,28.85
2025-02-09,24,27.57,28.44,27.72
2025-02-10,1,21.58,23.32,22.2
2025-02-10,2,20.48,22.62,21.44
2025-02-10,3,20.48,22.45,20.84
2025-02-10,4,20.93,23.13,21.69
2025-02-10,5,22.7,26.4,24.02
2025-02-10,6,24.94,35.63,24.72
2025-02-10,7,29.05,39.16,30.83
2025-02-10,8,32.01,47.18,34.15
2025-02-10,9,31.69,40.43,34.69
2025-02-10,10,32.52,45.84,35.78
2025-02-10,11,30.32,45.03,32.95
2025-02-10,12,29.57,35.94,31.12
2025-02-10,13,25.87,30.29,27.12
2025-02-10,14,26.5,28.52,26.95
2025-02-10,15,23.85,26.85,24.45
2025-02-10,16,24.92,27.73,25.45
2025-02-10,17,27.8,30.47,27.98
2025-02-10,18,34.98,38.23,34.04
2025-02-10,19,41.72,46.92,40.31
2025-02-10,20,39.8,43.38,39.78
2025-02-10,21,34.92,38.4,35.98
2025-02-10,22,29.63,33.37,30.83
2025-02-10,23,26.02,27.9,26.35
2025-02-10,24,24.19,25.89,24.4
2025-02-11,1,20.8,23,21.42
2025-02-11,2,20.19,21.84,20.63
2025-02-11,3,19.73,21.21,20.21
2025-02-11,4,19.8,21.03,20.27
2025-02-11,5,20.94,23.14,21.25
2025-02-11,6,23.19,27.71,23.44
2025-02-11,7,27.23,31.41,27.48
2025-02-11,8,26.43,34.04,26.33
2025-02-11,9,29.97,35.32,28.2
2025-02-11,10,30.19,30.24,27.65
2025-02-11,11,28.08,28.38,26.65
2025-02-11,12,25.52,26.37,25.42
2025-02-11,13,24.47,25.15,24.56
2025-02-11,14,23.1,23.62,23.06
2025-02-11,15,22.46,22.95,22.6
2025-02-11,16,22.62,22.98,22.42
2025-02-11,17,25.62,25.63,25.13
2025-02-11,18,30.26,29.9,29.3
2025-02-11,19,34.84,34.32,32.96
2025-02-11,20,30.53,29.91,28.43
2025-02-11,21,30.76,30.77,28.22
2025-02-11,22,25.47,27.96,23.2
2025-02-11,23,24.96,26.23,22.95
2025-02-11,24,22.72,25.03,20.73
2025-02-12,1,21.56,23.82,22
2025-02-12,2,21.97,25.75,23.23
2025-02-12,3,22.53,27.37,23.97
2025-02-12,4,23.02,27.93,24.8
2025-02-12,5,23.62,28.75,25.13
2025-02-12,6,30.62,34.95,31.94
2025-02-12,7,39.01,44.4,39.46
2025-02-12,8,40.96,46.67,40.35
2025-02-12,9,30.08,31.27,30.08
2025-02-12,10,24.07,24.13,24.05
2025-02-12,11,23.7,23.68,23.59
2025-02-12,12,20.48,20.74,20.43
2025-02-12,13,18.52,18.47,18.69
2025-02-12,14,17.25,16.91,17.38
2025-02-12,15,16.15,14.72,16.29
2025-02-12,16,13.98,10.92,13.38
2025-02-12,17,16.16,14,15.69
2025-02-12,18,26.25,24.81,24.39
2025-02-12,19,31.5,28.47,29.46
2025-02-12,20,26.52,24.16,25.45
2025-02-12,21,30.47,29.65,30.34
2025-02-12,22,29.06,28.68,28.94
2025-02-12,23,24.51,25.71,23.82
2025-02-12,24,22.99,26.63,22.05
2025-02-13,1,24.58,35.42,22.78
2025-02-13,2,22.48,31.61,21.29
2025-02-13,3,22.8,30.84,22.3
2025-02-13,4,23.32,31.47,22.73
2025-02-13,5,24.64,34.31,23.05
2025-02-13,6,32.97,51.68,29.42
2025-02-13,7,57.18,86.27,46.37
2025-02-13,8,64.71,106.71,50.51
2025-02-13,9,47.49,70.28,39.07
2025-02-13,10,39.22,53.62,32.97
2025-02-13,11,35.36,42.34,28.06
2025-02-13,12,29.7,31.68,25.01
2025-02-13,13,26.51,28.08,22.71
2025-02-13,14,22.73,25.56,21.56
2025-02-13,15,23.89,25.04,21.18
2025-02-13,16,24.29,25.91,21.97
2025-02-13,17,27.72,30.86,26.61
2025-02-13,18,35.22,39.41,33.17
2025-02-13,19,43.51,48.12,42.52
2025-02-13,20,47,48.75,46.43
2025-02-13,21,42.81,43.14,42.09
2025-02-13,22,39.6,37.79,37.96
2025-02-13,23,35.1,35.38,34.21
2025-02-13,24,31.04,31.11,30.16
2025-02-14,1,33.64,31.33,32.41
2025-02-14,2,29.59,26.83,28.49
2025-02-14,3,28.86,25.99,27.92
2025-02-14,4,29.2,26.23,28.19
2025-02-14,5,29.1,26.64,28.32
2025-02-14,6,34.11,31.74,33.37
2025-02-14,7,38.36,37.65,38.18
2025-02-14,8,33.75,35.36,33.74
2025-02-14,9,27.4,30.92,27.34
2025-02-14,10,26.93,33.75,27.84
2025-02-14,11,26.07,31.09,26.61
2025-02-14,12,24.85,29.37,25.41
2025-02-14,13,24,26.77,24.35
2025-02-14,14,21.96,24.1,22.14
2025-02-14,15,21.82,23.92,22.21
2025-02-14,16,21.87,23.28,22.09
2025-02-14,17,22.55,23.74,22.54
2025-02-14,18,26.23,26.76,25.65
2025-02-14,19,30.82,37.87,31.22
2025-02-14,20,26.99,33.27,27.18
2025-02-14,21,28.98,33.79,29.49
2025-02-14,22,24.74,27.7,25.25
2025-02-14,23,24.75,25.58,24.84
2025-02-14,24,23.15,23.88,23.28
2025-02-15,1,19.89,19.19,18.97
2025-02-15,2,19.1,17.48,18.2
2025-02-15,3,18.74,17.48,18.13
2025-02-15,4,19.4,17.46,18.59
2025-02-15,5,20.17,18.72,19.75
2025-02-15,6,24.44,23.78,24.32
2025-02-15,7,29.09,28,28.75
2025-02-15,8,29.91,29.21,29.4
2025-02-15,9,27.62,27.61,27.62
2025-02-15,10,21.66,22.2,21.81
2025-02-15,11,16.18,16.79,16.46
2025-02-15,12,13.03,13.14,13.26
2025-02-15,13,6.48,5.11,6.27
2025-02-15,14,5.17,2,4.53
2025-02-15,15,3.07,1.02,3.02
2025-02-15,16,3.76,0.44,3.33
2025-02-15,17,7.66,1.65,5.19
2025-02-15,18,16.57,16.31,15.91
2025-02-15,19,26.34,25.63,26.05
2025-02-15,20,27.99,26.54,27.25
2025-02-15,21,28.13,26.75,27.54
2025-02-15,22,30.11,29.16,29.68
2025-02-15,23,29.88,28.67,29.4
2025-02-15,24,28.75,27.91,28.47
2025-02-16,1,26.25,26.55,25.78
2025-02-16,2,21.88,23.38,21.32
2025-02-16,3,18.59,20.46,17.71
2025-02-16,4,18.8,23.2,16.71
2025-02-16,5,20.31,26.1,17.83
2025-02-16,6,26.24,33.69,25.06
2025-02-16,7,33.8,38.47,32.33
2025-02-16,8,37.34,48.98,32.9
2025-02-16,9,23.88,27.53,22.52
2025-02-16,10,19.73,24.7,19
2025-02-16,11,17.08,22.11,15.65
2025-02-16,12,18.1,25.45,16.91
2025-02-16,13,19.28,28.32,17.55
2025-02-16,14,16.29,24.14,14.1
2025-02-16,15,12.65,19.64,9.87
2025-02-16,16,13.14,19.76,10.39
2025-02-16,17,17.36,28.41,14.16
2025-02-16,18,25.11,34.3,25.63
2025-02-16,19,36.94,51.15,39.03
2025-02-16,20,42.38,47.91,43.73
2025-02-16,21,38.35,38.57,38.73
2025-02-16,22,34.6,34.45,34.59
2025-02-16,23,32.4,31.79,32.45
2025-02-16,24,27.96,27.48,27.95
2025-02-17,1,22.65,22.47,22.82
2025-02-17,2,21.88,22.61,22.33
2025-02-17,3,21.64,22.68,22.17
2025-02-17,4,22.26,23.41,22.85
2025-02-17,5,25.98,26.81,26.49
2025-02-17,6,37.31,40.67,38.68
2025-02-17,7,35.99,43.26,39.87
2025-02-17,8,34.94,44.11,38.37
2025-02-17,9,24.15,30.08,25.2
2025-02-17,10,21.95,31.14,24.54
2025-02-17,11,16.86,21.37,18.61
2025-02-17,12,12.8,15.54,14.57
2025-02-17,13,3.97,7.43,6.73
2025-02-17,14,0.96,3.3,2.72
2025-02-17,15,0.35,1.22,1.14
2025-02-17,16,0.38,1.01,0.95
2025-02-17,17,2.05,2.34,2.6
2025-02-17,18,17.57,19.12,18.11
2025-02-17,19,25.97,26.5,26.11
2025-02-17,20,23.79,24.14,23.79
2025-02-17,21,23.57,23.95,23.61
2025-02-17,22,20.51,20.66,20.51
2025-02-17,23,18.5,20.37,19.1
2025-02-17,24,16.49,18.38,17.1
2025-02-18,1,16.35,17.28,16.65
2025-02-18,2,16.94,18.4,17.39
2025-02-18,3,17.74,18.64,18.03
2025-02-18,4,20.76,21.18,20.91
2025-02-18,5,22.44,22.57,22.5
2025-02-18,6,24.75,24.88,24.82
2025-02-18,7,32.46,32.31,32.47
2025-02-18,8,34.06,33.98,34.2
2025-02-18,9,31.56,31.92,31.83
2025-02-18,10,24.46,24.96,24.78
2025-02-18,11,22.55,23.63,23.12
2025-02-18,12,20.55,21.94,21.31
2025-02-18,13,19.29,20.63,19.98
2025-02-18,14,18.96,20.33,19.75
2025-02-18,15,20.18,21.91,21.04
2025-02-18,16,20.83,22.94,21.9
2025-02-18,17,22.36,26.08,23.71
2025-02-18,18,24.23,27.3,24.95
2025-02-18,19,32.35,35.33,33.14
2025-02-18,20,29.21,32.08,29.92
2025-02-18,21,30.12,32.55,30.64
2025-02-18,22,25.69,27.23,26.04
2025-02-18,23,27.49,28.95,27.98
2025-02-18,24,26.56,27.75,26.99
2025-02-19,1,25.35,27.1,25.12
2025-02-19,2,23.35,25.33,23.24
2025-02-19,3,24.09,25.73,23
2025-02-19,4,25.76,27.83,24.11
2025-02-19,5,29.65,32.25,27.94
2025-02-19,6,38.86,47.96,34.35
2025-02-19,7,55.61,64.81,43.11
2025-02-19,8,75.58,79.53,53.69
2025-02-19,9,61.69,60.74,39.15
2025-02-19,10,46.26,44.36,34.82
2025-02-19,11,36.09,36.98,30.59
2025-02-19,12,30.76,32.59,28.32
2025-02-19,13,28.37,28.76,26.48
2025-02-19,14,27.16,28.02,26.64
2025-02-19,15,26.84,27.09,26.18
2025-02-19,16,23.78,25.66,25.1
2025-02-19,17,31.5,29.78,28.76
2025-02-19,18,53.88,53.07,45.36
2025-02-19,19,112.25,116.1,99.75
2025-02-19,20,91.44,102.52,79.39
2025-02-19,21,125.63,121.61,99.8
2025-02-19,22,95.35,93.11,75.16
2025-02-19,23,116.36,115.25,101.15
2025-02-19,24,97.72,99.34,85.59
2025-02-20,1,90.15,115.61,86.95
2025-02-20,2,88.5,111.73,81.19
2025-02-20,3,89.5,117.89,86.52
2025-02-20,4,83.91,119.02,87.03
2025-02-20,5,105.38,140.51,99.7
2025-02-20,6,265.75,296.06,213.77
2025-02-20,7,793.5,941.01,788.76
2025-02-20,8,786.76,959.39,785.52
2025-02-20,9,318.69,327.62,208.76
2025-02-20,10,98.42,120.91,88.77
2025-02-20,11,40.03,65.81,54.66
2025-02-20,12,34.95,51.21,44.92
2025-02-20,13,36.65,46.44,41.81
2025-02-20,14,40.51,47.19,42.83
2025-02-20,15,40.02,44.55,40.84
2025-02-20,16,35.83,40.35,37.76
2025-02-20,17,35.79,41.86,39.1
2025-02-20,18,66.64,75.12,66.25
2025-02-20,19,111.87,136.11,112.61
2025-02-20,20,137.98,147.73,119.33
2025-02-20,21,129.73,119.67,97.68
2025-02-20,22,97.38,98.88,85.82
2025-02-20,23,56.77,66.84,59.06
2025-02-20,24,58.28,65.1,59.19
2025-02-21,1,73.01,75.07,71.17
2025-02-21,2,63.9,62.97,58.13
2025-02-21,3,63.58,62.26,56.91
2025-02-21,4,68.91,69.13,63.13
2025-02-21,5,81.69,79.98,70.5
2025-02-21,6,133.37,127.13,100.73
2025-02-21,7,253.82,231.4,197.25
2025-02-21,8,278.71,253.11,218.49
2025-02-21,9,184.89,146.92,128.41
2025-02-21,10,81.9,77.43,75.27
2025-02-21,11,60.8,59.21,58.35
2025-02-21,12,51.6,51.73,53.26
2025-02-21,13,41.85,41.64,43.11
2025-02-21,14,39.68,40.12,41.67
2025-02-21,15,38.33,39.31,40.87
2025-02-21,16,38.73,40.25,41.23
2025-02-21,17,52.36,51.74,51.55
2025-02-21,18,72.34,62.3,57.69
2025-02-21,19,135.15,119.43,107.33
2025-02-21,20,124.5,113.72,102.6
2025-02-21,21,111.89,99.8,86.72
2025-02-21,22,60.13,60.44,57.65
2025-02-21,23,59.2,58.38,56.19
2025-02-21,24,55.53,53.4,50.54
2025-02-22,1,55.83,58.38,59.64
2025-02-22,2,48.18,51.25,51.52
2025-02-22,3,45.43,47.91,47.33
2025-02-22,4,46.35,49.37,47.6
2025-02-22,5,48.67,51.87,47.62
2025-02-22,6,55.36,55.17,52.78
2025-02-22,7,120.03,108.31,91.29
2025-02-22,8,133.86,105.91,88.96
2025-02-22,9,82.31,70.83,65.66
2025-02-22,10,59.69,57.79,59.18
2025-02-22,11,54.72,52.76,54.51
2025-02-22,12,37.03,35.69,36.7
2025-02-22,13,31.56,30.96,31.84
2025-02-22,14,27.04,26.92,27.64
2025-02-22,15,24.75,25.43,25.99
2025-02-22,16,25.51,25.91,26.46
2025-02-22,17,28.13,28.81,29.47
2025-02-22,18,45.14,44.88,45.27
2025-02-22,19,58.98,58.66,58.26
2025-02-22,20,55.23,54.9,55.82
2025-02-22,21,45.06,43.51,44.83
2025-02-22,22,43.77,41.02,42.6
2025-02-22,23,33.53,32.19,33.6
2025-02-22,24,30.94,29.69,30.91
2025-02-23,1,30.25,29.98,29.43
2025-02-23,2,27.22,27.73,27.57
2025-02-23,3,25.23,26.17,25.81
2025-02-23,4,25.32,26.6,25.83
2025-02-23,5,27.44,28.82,28.39
2025-02-23,6,34.37,36.07,35.62
2025-02-23,7,44.15,45.09,45.34
2025-02-23,8,44.1,45.11,45.35
2025-02-23,9,32.99,32.98,33.02
2025-02-23,10,28.84,29.16,29.38
2025-02-23,11,27.77,28.29,28.64
2025-02-23,12,26.74,26.54,26.91
2025-02-23,13,22.1,22.67,23.07
2025-02-23,14,19.51,20.06,20.41
2025-02-23,15,18.56,18.98,19.23
2025-02-23,16,19.72,20.03,20.22
2025-02-23,17,22.31,22.77,23.05
2025-02-23,18,33.46,33.57,33.62
2025-02-23,19,45.66,52.79,48.8
2025-02-23,20,46.02,54.02,48.49
2025-02-23,21,54.51,60.61,56.6
2025-02-23,22,43.59,48.9,45.59
2025-02-23,23,32.01,34.96,33.07
2025-02-23,24,31.01,33.58,32.03
2025-02-24,1,32.51,36.61,34.18
2025-02-24,2,32.1,34.81,33.01
2025-02-24,3,32.62,34.28,32.97
2025-02-24,4,31.53,33.07,31.79
2025-02-24,5,32.55,33.63,32.57
2025-02-24,6,42.71,42.67,41.07
2025-02-24,7,50.58,51.23,50.79
2025-02-24,8,46.66,46.81,47.35
2025-02-24,9,30.37,30.56,30.49
2025-02-24,10,28.11,28.87,29.45
2025-02-24,11,25.7,26.55,27.13
2025-02-24,12,20.01,21.15,22.21
2025-02-24,13,16.83,17.79,18.89
2025-02-24,14,15.74,16.65,17.64
2025-02-24,15,14.26,15.08,16.03
2025-02-24,16,13.89,14.53,15.46
2025-02-24,17,17.66,18.08,18.42
2025-02-24,18,30.12,30.73,30.58
2025-02-24,19,52.95,54.4,53.83
2025-02-24,20,36.19,38.47,37.46
2025-02-24,21,32.04,34.19,33.29
2025-02-24,22,25.39,27.19,26.32
2025-02-24,23,24.07,25.64,24.66
2025-02-24,24,25.74,27.29,26.15
2025-02-25,1,22.49,24.63,22.67
2025-02-25,2,22.77,24.92,22.96
2025-02-25,3,23.97,26.31,24.38
2025-02-25,4,25.86,28.43,26.66
2025-02-25,5,31,34.28,31.73
2025-02-25,6,41.9,46.15,43.42
2025-02-25,7,49.57,54.89,51.17
2025-02-25,8,46.44,50.18,48.21
2025-02-25,9,27.87,28.45,28.85
2025-02-25,10,21.1,22.28,23.26
2025-02-25,11,18.18,19.44,20.58
2025-02-25,12,17,18.48,19.8
2025-02-25,13,14.61,16.09,17.47
2025-02-25,14,14.45,15.96,17.36
2025-02-25,15,12.61,14.1,15.58
2025-02-25,16,10.79,12.24,13.57
2025-02-25,17,16.16,17.89,19.45
2025-02-25,18,29.37,31.29,31.75
2025-02-25,19,49.59,51.13,49.79
2025-02-25,20,34,36.24,35.2
2025-02-25,21,27.89,28.82,29.25
2025-02-25,22,23.32,23.28,24.09
2025-02-25,23,21.26,20.63,21.11
2025-02-25,24,20.23,19.99,19.88
2025-02-26,1,17.29,15.82,16.17
2025-02-26,2,15.75,14.85,14.94
2025-02-26,3,16.18,14.93,15.34
2025-02-26,4,16.69,15.16,15.76
2025-02-26,5,19.54,17.84,18.61
2025-02-26,6,25.05,23.43,24.09
2025-02-26,7,36.97,34.94,36.49
2025-02-26,8,35.33,34.25,35.62
2025-02-26,9,19.08,19.4,19.93
2025-02-26,10,10.05,11.54,12.78
2025-02-26,11,6.63,9.15,10.92
2025-02-26,12,2.85,5.47,7.84
2025-02-26,13,2.21,5.46,9
2025-02-26,14,1.71,4.08,10.6
2025-02-26,15,1.75,3.76,12.17
2025-02-26,16,2.08,4.15,13.84
2025-02-26,17,8.47,13.63,19.39
2025-02-26,18,22.41,23.76,25.86
2025-02-26,19,32.64,32.75,33.43
2025-02-26,20,31.98,31.67,31.91
2025-02-26,21,30.66,30.69,30.75
2025-02-26,22,24.15,23.52,23.77
2025-02-26,23,24.45,23.75,24.18
2025-02-26,24,26.16,25.67,26.07
2025-02-27,1,18.27,16.42,17.77
2025-02-27,2,19.84,17.57,19.01
2025-02-27,3,21.2,19.06,20.35
2025-02-27,4,22.53,20.49,21.48
2025-02-27,5,23.14,21.09,21.46
2025-02-27,6,26.27,24.52,24.64
2025-02-27,7,35.07,33.38,33.1
2025-02-27,8,39.29,38.35,37.69
2025-02-27,9,28.97,29,28.98
2025-02-27,10,21.07,21.11,21.22
2025-02-27,11,16.52,16.59,17.18
2025-02-27,12,11.8,12.06,13.42
2025-02-27,13,12.49,13.08,14.08
2025-02-27,14,14.84,15.65,16.46
2025-02-27,15,19.26,20.47,21.18
2025-02-27,16,19.91,20.42,20.62
2025-02-27,17,21.43,23.08,23.44
2025-02-27,18,28.37,33,31.61
2025-02-27,19,48.38,59.58,53.22
2025-02-27,20,46.77,58.24,51.42
2025-02-27,21,44.72,55.4,49.12
2025-02-27,22,41.98,48.06,44.31
2025-02-27,23,36.09,42.47,37.84
2025-02-27,24,31.76,37.15,34.07
2025-02-28,1,25.7,28.88,27.29
2025-02-28,2,23.89,26.03,24.88
2025-02-28,3,22.84,23.2,23.19
2025-02-28,4,23.06,22.55,23.07
2025-02-28,5,24.86,22.97,24.46
2025-02-28,6,28.45,26.51,28.17
2025-02-28,7,33.61,32.57,34.02
2025-02-28,8,32.17,29.22,31.29
2025-02-28,9,24.24,23.53,23.86
2025-02-28,10,18.18,16.22,17.04
2025-02-28,11,16.37,9.47,12.1
2025-02-28,12,18.24,8.52,12.47
2025-02-28,13,18,8.19,12.98
2025-02-28,14,18.51,9.06,14.49
2025-02-28,15,18.82,10.47,15.52
2025-02-28,16,18.39,16.24,17.34
2025-02-28,17,20.13,20.82,21.35
2025-02-28,18,36.96,37.23,37.55
2025-02-28,19,60.2,64.77,62.73
2025-02-28,20,47.73,51.62,49.35
2025-02-28,21,39.72,41.27,40.43
2025-02-28,22,33.49,34.05,33.97
2025-02-28,23,29.15,29.39,29.39
2025-02-28,24,25.34,25.38,25.48
2025-03-01,1,30.11,30.19,30.22
2025-03-01,2,31.72,32.19,32.02
2025-03-01,3,32.44,33.01,32.64
2025-03-01,4,30.94,32.01,31.12
2025-03-01,5,33.9,34.64,33.46
2025-03-01,6,47.95,48.6,47.18
2025-03-01,7,45.66,46.15,44.89
2025-03-01,8,43.65,42.89,42.38
2025-03-01,9,22.35,22.22,22.05
2025-03-01,10,20.87,20.85,20.79
2025-03-01,11,20.26,20.5,20.61
2025-03-01,12,20.14,20.36,20.5
2025-03-01,13,20.92,21.16,21.28
2025-03-01,14,21.96,21.87,22.13
2025-03-01,15,21.86,21.8,22.12
2025-03-01,16,21.83,21.48,22.39
2025-03-01,17,24.81,24.56,24.77
2025-03-01,18,51.28,50.57,50.64
2025-03-01,19,71.98,69.26,70.59
2025-03-01,20,42.71,39.97,40.91
2025-03-01,21,28.63,25.74,27.53
2025-03-01,22,25.28,22.17,24.15
2025-03-01,23,23.27,20.26,22.46
2025-03-01,24,21.13,17.71,20.27
2025-03-02,1,24.13,21.94,23.41
2025-03-02,2,19.58,17.8,19.1
2025-03-02,3,18.64,16.23,17.87
2025-03-02,4,19.05,16.33,18.07
2025-03-02,5,18.38,15.79,17.46
2025-03-02,6,21.89,19.24,21.03
2025-03-02,7,24.63,21.82,23.82
2025-03-02,8,23.39,20.69,22.69
2025-03-02,9,12.96,10.68,12.4
2025-03-02,10,5.28,2.59,4.87
2025-03-02,11,3.15,0.2,4.34
2025-03-02,12,2.93,0.01,4.55
2025-03-02,13,2.95,0.1,5.5
2025-03-02,14,2.74,0.15,4.53
2025-03-02,15,2.72,0.54,4.58
2025-03-02,16,3.37,1.02,4.71
2025-03-02,17,14.33,11.99,16.75
2025-03-02,18,26.93,26.83,26.49
2025-03-02,19,44.24,42.13,41.89
2025-03-02,20,52.44,50.1,49.97
2025-03-02,21,42.68,39.78,40.44
2025-03-02,22,37.51,34.76,35.51
2025-03-02,23,35.5,33.4,33.81
2025-03-02,24,30.03,27.91,28.24
2025-03-03,1,33.08,32.62,32.1
2025-03-03,2,30.95,30.38,30.04
2025-03-03,3,28.57,28.04,27.85
2025-03-03,4,32.67,32.13,32.27
2025-03-03,5,36.31,35.77,36.19
2025-03-03,6,45.82,45.22,45.69
2025-03-03,7,38.65,37.62,38.3
2025-03-03,8,41.88,41.11,41.64
2025-03-03,9,25.39,25.55,25.51
2025-03-03,10,21.57,21.8,22.36
2025-03-03,11,22.09,23.3,24.06
2025-03-03,12,20.55,21.41,22.94
2025-03-03,13,19.64,20.4,23.48
2025-03-03,14,20.6,21.56,25.35
2025-03-03,15,20.29,21.64,25.47
2025-03-03,16,21.66,21.66,28.23
2025-03-03,17,24.66,22.39,31.27
2025-03-03,18,35.5,33.28,41.51
2025-03-03,19,40.42,42.52,43.56
2025-03-03,20,36.83,38.03,38.53
2025-03-03,21,33,34.12,34.58
2025-03-03,22,26.94,27.09,27.7
2025-03-03,23,26.72,26.54,26.43
2025-03-03,24,28.17,28.96,28.7
2025-03-04,1,33.13,33.74,33.63
2025-03-04,2,24.78,24.07,24.81
2025-03-04,3,21.5,19.46,21.08
2025-03-04,4,18.98,17.82,18.63
2025-03-04,5,20.02,17.76,19.11
2025-03-04,6,26.38,22.87,25.65
2025-03-04,7,32.11,32.2,32.11
2025-03-04,8,29.01,31.62,31.49
2025-03-04,9,23.61,29.61,31.77
2025-03-04,10,20.33,21.36,32.71
2025-03-04,11,15.97,19.66,29.77
2025-03-04,12,12.7,13.92,27.2
2025-03-04,13,9.55,7.02,21.53
2025-03-04,14,10.96,6.86,21.49
2025-03-04,15,11.62,7.82,22.61
2025-03-04,16,12.66,7.59,23.27
2025-03-04,17,16.76,16.4,25.61
2025-03-04,18,24.2,26.09,30.73
2025-03-04,19,48.48,52.96,50.32
2025-03-04,20,39.48,41.53,39.99
2025-03-04,21,36.69,35.85,36.83
2025-03-04,22,33.77,32.16,33.97
2025-03-04,23,30.28,26.75,29.12
2025-03-04,24,27.03,23.24,25.78
2025-03-05,1,31.99,26.06,30.11
2025-03-05,2,31.42,25.91,29.72
2025-03-05,3,30.87,26,29.48
2025-03-05,4,29.63,25.91,28.75
2025-03-05,5,30.86,28.07,30.29
2025-03-05,6,33.64,32.01,33.52
2025-03-05,7,56.86,55.85,56.39
2025-03-05,8,44.38,43.77,43.66
2025-03-05,9,21.9,21.84,25.26
2025-03-05,10,16.8,17.36,23.39
2025-03-05,11,14.94,15.32,23.11
2025-03-05,12,16.9,17.54,23.41
2025-03-05,13,20.35,21.12,25.89
2025-03-05,14,22.38,23.31,26.44
2025-03-05,15,23.74,24.62,27.36
2025-03-05,16,23.75,24.45,27.53
2025-03-05,17,27.58,28.3,29.51
2025-03-05,18,50.33,50.61,50.56
2025-03-05,19,79.4,84.5,80.4
2025-03-05,20,61.43,62.37,60.51
2025-03-05,21,53.28,51.42,51.63
2025-03-05,22,33.31,30.42,31.82
2025-03-05,23,30.47,29.67,29.82
2025-03-05,24,28.71,28.3,28.5
2025-03-06,1,23.17,24.8,26.64
2025-03-06,2,19.65,21.88,24.3
2025-03-06,3,18.17,20.73,21.79
2025-03-06,4,19.41,22.34,25.28
2025-03-06,5,23.35,27.55,27.35
2025-03-06,6,35.19,40.62,38.37
2025-03-06,7,43.99,59.61,48.86
2025-03-06,8,38.7,39.65,43.54
2025-03-06,9,23.51,27.53,32.49
2025-03-06,10,15.89,18.66,25.62
2025-03-06,11,6.22,7.98,19.07
2025-03-06,12,4.17,3.88,18.76
2025-03-06,13,3.38,1.32,18.07
2025-03-06,14,1.88,1.75,18.23
2025-03-06,15,4.57,2.67,18.58
2025-03-06,16,10.03,10.28,22.03
2025-03-06,17,12.7,13.01,22.31
2025-03-06,18,24.86,23.64,25.66
2025-03-06,19,45.9,44.96,45.79
2025-03-06,20,43.1,42.7,42.92
2025-03-06,21,41.35,39.82,40.73
2025-03-06,22,32.09,29.6,31.3
2025-03-06,23,30.58,29.37,30.08
2025-03-06,24,28.19,27.4,28.38
2025-03-07,1,24.16,23.11,24.08
2025-03-07,2,22.43,21.36,22.62
2025-03-07,3,27.04,25.97,26.9
2025-03-07,4,27.02,25.72,26.66
2025-03-07,5,30.65,27.77,29.58
2025-03-07,6,41.73,39.02,40.53
2025-03-07,7,47.09,44.48,46.09
2025-03-07,8,50.2,48.42,49.72
2025-03-07,9,27.17,26.93,27.57
2025-03-07,10,22.81,22.78,24.53
2025-03-07,11,22.72,22.54,25.64
2025-03-07,12,23.63,21.36,26.51
2025-03-07,13,25.5,22.64,28.4
2025-03-07,14,30.88,27.71,33.75
2025-03-07,15,37.85,33.14,41.79
2025-03-07,16,38.24,33.98,41.03
2025-03-07,17,39.56,39.41,40.61
2025-03-07,18,66.44,70.11,65.72
2025-03-07,19,133.25,130.04,131.28
2025-03-07,20,104.54,101.17,101.4
2025-03-07,21,63.69,55.82,59.48
2025-03-07,22,51.82,43.95,47.85
2025-03-07,23,48.76,39.9,44.71
2025-03-07,24,43.01,35.01,39.42
2025-03-08,1,33.91,27.9,31.69
2025-03-08,2,28.2,24.9,27.26
2025-03-08,3,27.17,24.67,26.61
2025-03-08,4,27.86,26.35,27.58
2025-03-08,5,30.32,28.82,29.97
2025-03-08,6,32.66,31.12,32.24
2025-03-08,7,34.84,33.29,34.39
2025-03-08,8,36.91,35.91,36.65
2025-03-08,9,31.84,31.75,32.06
2025-03-08,10,29.08,28.89,31.41
2025-03-08,11,28.7,28.06,32
2025-03-08,12,30.06,29.61,36.61
2025-03-08,13,29.17,29.04,37.6
2025-03-08,14,29.18,29.07,39.14
2025-03-08,15,29.16,28.17,41.8
2025-03-08,16,27.4,25.81,43.42
2025-03-08,17,27.78,26.1,42.56
2025-03-08,18,34.56,30.03,48.7
2025-03-08,19,40.14,36.87,48.11
2025-03-08,20,45.33,44.94,45
2025-03-08,21,40.5,40.33,40.69
2025-03-08,22,36.13,36.53,36.75
2025-03-08,23,36.63,37.15,36.24
2025-03-08,24,34.23,35.13,34.13
2025-03-09,1,28.59,29.3,27.84
2025-03-09,2,27.14,27.66,26.92
2025-03-09,4,26.09,26.69,25.5
2025-03-09,5,26.62,26.58,25.7
2025-03-09,6,27.88,27.8,26.81
2025-03-09,7,31.06,30.56,29.63
2025-03-09,8,36.94,36.73,35.43
2025-03-09,9,39.31,39.34,37.93
2025-03-09,10,26.91,27.53,27.38
2025-03-09,11,23.52,24.79,24.47
2025-03-09,12,20.97,22.69,22.96
2025-03-09,13,18.25,20.04,20.82
2025-03-09,14,16.19,17.39,18.02
2025-03-09,15,15.05,16.21,17.16
2025-03-09,16,17.14,18.68,20.15
2025-03-09,17,21.04,22.09,22.63
2025-03-09,18,26.17,25.79,24.63
2025-03-09,19,34.98,34.81,33.67
2025-03-09,20,71.47,76.19,70.71
2025-03-09,21,96.11,103.76,98.05
2025-03-09,22,99.55,104.29,101.12
2025-03-09,23,71.95,79.13,73.66
2025-03-09,24,51.37,58.31,53.67
2025-03-10,1,50.81,52.79,52.71
2025-03-10,2,42.04,42.85,43.05
2025-03-10,3,45.85,42.67,45.13
2025-03-10,4,42.18,38.54,41.12
2025-03-10,5,47.17,41.53,45.42
2025-03-10,6,65.99,58.49,62.85
2025-03-10,7,79.93,72.35,77.33
2025-03-10,8,88.8,79.87,85.33
2025-03-10,9,55.79,49.87,55.59
2025-03-10,10,26.95,27.3,29.73
2025-03-10,11,24.99,25.59,27.92
2025-03-10,12,23.06,23.2,23.82
2025-03-10,13,15.99,16.02,16.64
2025-03-10,14,13.28,13.15,15.07
2025-03-10,15,13.81,8.2,14.61
2025-03-10,16,15.01,8.28,17.45
2025-03-10,17,15.75,6.47,20.85
2025-03-10,18,22.34,20.9,25.81
2025-03-10,19,32.2,30.81,32.23
2025-03-10,20,59.25,55.48,58.18
2025-03-10,21,36.66,32.37,35.56
2025-03-10,22,25.05,22.17,29.09
2025-03-10,23,24.82,21.9,28.63
2025-03-10,24,20.74,19.09,20.85
2025-03-11,1,18.94,17.2,19.82
2025-03-11,2,17.19,14.88,18.77
2025-03-11,3,15.92,14.84,18.8
2025-03-11,4,17.51,15.62,18.58
2025-03-11,5,18.81,16.76,19.73
2025-03-11,6,24.73,25.87,26.14
2025-03-11,7,31.41,32.61,35.25
2025-03-11,8,40.81,39.96,41.89
2025-03-11,9,29.99,30.39,31.9
2025-03-11,10,15.16,13.36,25.1
2025-03-11,11,4.33,4.64,12.7
2025-03-11,12,1.92,2.35,9.76
2025-03-11,13,1.79,2.22,9.82
2025-03-11,14,2.63,2.69,14.1
2025-03-11,15,3.99,3.67,16.2
2025-03-11,16,6.16,7.44,18.19
2025-03-11,17,9.99,11.65,23.43
2025-03-11,18,17.1,16.6,29.86
2025-03-11,19,42.22,45.2,51
2025-03-11,20,76.21,75.08,76.55
2025-03-11,21,51.08,49.46,51.05
2025-03-11,22,38.45,37.18,43.68
2025-03-11,23,30.26,27.32,31.24
2025-03-11,24,26.35,24.93,29.73
2025-03-12,1,19.12,17.88,23.18
2025-03-12,2,16.8,15.52,19.16
2025-03-12,3,15.65,13.68,16.63
2025-03-12,4,15.08,13.24,16.82
2025-03-12,5,17.16,14.85,18.62
2025-03-12,6,25.68,28.45,28.89
2025-03-12,7,37.48,38.57,37.82
2025-03-12,8,47.56,49.49,48.26
2025-03-12,9,46.1,48.44,46.9
2025-03-12,10,16.74,19.5,24.44
2025-03-12,11,8.68,8.66,15.78
2025-03-12,12,12.42,6.46,25.28
2025-03-12,13,14.51,6.76,27
2025-03-12,14,17.38,7.73,29.46
2025-03-12,15,23.67,11.27,37.2
2025-03-12,16,31.51,15.94,43.45
2025-03-12,17,32.41,22.68,47.13
2025-03-12,18,33.09,27.1,45.23
2025-03-12,19,47.88,38.95,56.8
2025-03-12,20,68.53,67.9,68.91
2025-03-12,21,60.2,60.91,60.28
2025-03-12,22,42.85,41.37,43.77
2025-03-12,23,34.72,33.4,35.3
2025-03-12,24,29.85,27.03,30.08
2025-03-13,1,26.13,23.11,27.12
2025-03-13,2,25.5,22.54,25.99
2025-03-13,3,24.71,21.99,25.51
2025-03-13,4,24.66,21.96,24.58
2025-03-13,5,28.36,25.5,27.75
2025-03-13,6,31.61,28.82,30.98
2025-03-13,7,49.37,46.29,49.67
2025-03-13,8,52.96,50.45,52.17
2025-03-13,9,35.22,33.83,34.99
2025-03-13,10,24.7,22.09,24.95
2025-03-13,11,25.39,22.74,26.96
2025-03-13,12,28.61,26.14,31.63
2025-03-13,13,32.09,27.1,37.47
2025-03-13,14,36.12,24.39,43.33
2025-03-13,15,38.97,22.46,50.44
2025-03-13,16,45.38,24.22,65.18
2025-03-13,17,51.36,28.7,70.7
2025-03-13,18,45.89,30.14,63.21
2025-03-13,19,59.7,45.2,73.34
2025-03-13,20,85.79,76.99,89.84
2025-03-13,21,60.57,52.95,61.56
2025-03-13,22,37.97,28.49,43.16
2025-03-13,23,35.17,32.46,37.05
2025-03-13,24,26.01,25.13,27.87
2025-03-14,1,25.66,24.42,24.99
2025-03-14,2,21.66,20.58,21.13
2025-03-14,3,17.61,16.2,16.74
2025-03-14,4,16.38,15.08,15.79
2025-03-14,5,18.63,17.27,18.08
2025-03-14,6,24.43,23.46,24.47
2025-03-14,7,33.32,32.81,33.16
2025-03-14,8,35.71,27.12,33.7
2025-03-14,9,32.39,23.98,30.43
2025-03-14,10,24.7,15.82,25.45
2025-03-14,11,23.11,12.29,25.18
2025-03-14,12,23.8,11.19,29.73
2025-03-14,13,31.15,9.02,38.79
2025-03-14,14,37.65,9.43,44.43
2025-03-14,15,49.53,11.54,56.9
2025-03-14,16,60.48,17.25,66.23
2025-03-14,17,69.08,22.85,73.88
2025-03-14,18,78.24,30.41,79
2025-03-14,19,77.01,36.89,72.78
2025-03-14,20,76.4,56.95,70.38
2025-03-14,21,56.22,45.24,53.92
2025-03-14,22,42.74,33.13,40.39
2025-03-14,23,39.68,29.49,37.54
2025-03-14,24,34.69,25.05,32.35
2025-03-15,1,29.3,22.72,28.81
2025-03-15,2,29.17,23.43,28.23
2025-03-15,3,27.5,22.65,26.47
2025-03-15,4,26.31,23.7,26.05
2025-03-15,5,25.26,23.19,25.77
2025-03-15,6,24.67,23.05,24.04
2025-03-15,7,26.93,24.77,26.06
2025-03-15,8,26.66,25.81,25.98
2025-03-15,9,22.88,20.99,22.27
2025-03-15,10,9.66,7.04,11.12
2025-03-15,11,5.91,4.01,10.66
2025-03-15,12,5.03,3.1,11.31
2025-03-15,13,4.86,3.6,13.43
2025-03-15,14,6.02,4.61,13.52
2025-03-15,15,7.89,4.68,16.59
2025-03-15,16,10.33,6.1,22.05
2025-03-15,17,14.53,8.28,25.86
2025-03-15,18,20.82,14.24,28.72
2025-03-15,19,27.34,22.02,32.76
2025-03-15,20,84.71,84.7,84.8
2025-03-15,21,101.58,101.33,101.43
2025-03-15,22,84.78,84.6,84.69
2025-03-15,23,61.7,61.55,61.76
2025-03-15,24,66.8,66.59,66.75
2025-03-16,1,55.71,55.87,55.62
2025-03-16,2,46.33,47.5,46.72
2025-03-16,3,41.53,43.04,41.87
2025-03-16,4,40.14,41.9,40.65
2025-03-16,5,40.72,42.03,40.99
2025-03-16,6,40.17,40.34,39.82
2025-03-16,7,41.39,41.6,41.14
2025-03-16,8,41.84,41.75,41.57
2025-03-16,9,27.49,27.51,27.49
2025-03-16,10,17.87,18.01,17.89
2025-03-16,11,18.23,18.38,18.2
2025-03-16,12,16.13,16.22,16.3
2025-03-16,13,14.73,14.78,14.75
2025-03-16,14,13.31,13.34,13.51
2025-03-16,15,8.74,8.79,8.9
2025-03-16,16,12.39,12.34,12.55
2025-03-16,17,18.09,18.17,18.35
2025-03-16,18,26.43,26.72,26.69
2025-03-16,19,58.55,58.54,58.52
2025-03-16,20,167.75,168.46,167.16
2025-03-16,21,131.12,130.74,130.47
2025-03-16,22,103.26,99.92,101.93
2025-03-16,23,45.31,39.56,43.14
2025-03-16,24,37.33,31.81,35.16
2025-03-17,1,27.92,22.61,25.87
2025-03-17,2,23.57,19.52,22.1
2025-03-17,3,21.97,18.49,20.62
2025-03-17,4,18.5,16.02,17.55
2025-03-17,5,19.66,16.91,18.77
2025-03-17,6,25.07,21.47,24.21
2025-03-17,7,34.35,29.93,33.41
2025-03-17,8,38.49,34.07,37.57
2025-03-17,9,27.17,20.55,26.43
2025-03-17,10,14.13,12.17,14.59
2025-03-17,11,8.61,5.29,9.24
2025-03-17,12,5.83,3.54,7.89
2025-03-17,13,5.84,3.65,9.06
2025-03-17,14,8.01,5.62,13.77
2025-03-17,15,10.21,8.11,17.4
2025-03-17,16,15.3,14.78,25.36
2025-03-17,17,20.1,20.86,28.71
2025-03-17,18,24.31,23.6,30.39
2025-03-17,19,35.52,34.58,40.13
2025-03-17,20,48.72,46.95,50.31
2025-03-17,21,47.74,46.72,49.23
2025-03-17,22,38.31,33.34,38.71
2025-03-17,23,34.75,28.61,34.88
2025-03-17,24,26.91,20.84,26.99
2025-03-18,1,27.28,18,25.95
2025-03-18,2,26.78,16.37,25.14
2025-03-18,3,23.23,13.41,21.47
2025-03-18,4,19.55,10.4,18.31
2025-03-18,5,21.97,12.49,20.41
2025-03-18,6,29.99,18.99,28.29
2025-03-18,7,34.54,23.8,32.72
2025-03-18,8,32.52,23.39,31.07
2025-03-18,9,25.02,16.57,24.55
2025-03-18,10,13.72,9.04,13.37
2025-03-18,11,9.79,5.77,10.54
2025-03-18,12,10.87,8.07,12.77
2025-03-18,13,11.98,9.02,13.09
2025-03-18,14,13.35,11.25,16.19
2025-03-18,15,16.22,14.63,20.98
2025-03-18,16,21.24,19.62,27.48
2025-03-18,17,26.33,25.97,32.11
2025-03-18,18,29.78,26.97,33.36
2025-03-18,19,40.29,36.15,41.7
2025-03-18,20,60,52.24,59.16
2025-03-18,21,56.67,48.98,54.94
2025-03-18,22,44.52,36.39,42.59
2025-03-18,23,39.4,30.67,37.28
2025-03-18,24,35.87,27.3,33.64
2025-03-19,1,30.54,25.13,29.94
2025-03-19,2,26.97,21.45,26.45
2025-03-19,3,23.43,17.48,22.4
2025-03-19,4,22.18,15.7,21.24
2025-03-19,5,24.95,18.67,25.02
2025-03-19,6,29.28,22.67,29.62
2025-03-19,7,40.48,31.16,39.99
2025-03-19,8,46.06,35.81,44.93
2025-03-19,9,29.67,21.5,30.03
2025-03-19,10,18.37,12.82,19.51
2025-03-19,11,10.97,6.7,13.88
2025-03-19,12,6.84,4.56,11.77
2025-03-19,13,5.73,3.29,11.78
2025-03-19,14,6.84,4.41,15.34
2025-03-19,15,7.94,5.2,19.93
2025-03-19,16,9.33,5.21,21.26
2025-03-19,17,13.1,10.77,22.09
2025-03-19,18,17.48,15.2,23.85
2025-03-19,19,24.34,19,26.63
2025-03-19,20,39.72,31.73,38.98
2025-03-19,21,50.91,48.9,49.97
2025-03-19,22,45.98,44.67,45.31
2025-03-19,23,40.43,39.09,39.71
2025-03-19,24,37.77,37.05,36.43
2025-03-20,1,35.38,35.43,33.06
2025-03-20,2,36.6,36.76,33.5
2025-03-20,3,39.51,39.2,36.51
2025-03-20,4,42.57,43.35,39.14
2025-03-20,5,47.31,50.07,42.74
2025-03-20,6,63.57,65.42,58.08
2025-03-20,7,105.87,102.34,83.78
2025-03-20,8,120.43,116.03,94.1
2025-03-20,9,53.07,54.4,48.52
2025-03-20,10,22.37,23.57,23.26
2025-03-20,11,23,24.06,24.87
2025-03-20,12,21.41,22.34,23.64
2025-03-20,13,20.35,20.75,21.99
2025-03-20,14,20.75,20.77,22.28
2025-03-20,15,17.09,16.69,18.27
2025-03-20,16,18.65,18.21,20.2
2025-03-20,17,14.86,14.32,16.57
2025-03-20,18,20.18,19.36,20.64
2025-03-20,19,34.67,33.19,34.25
2025-03-20,20,74.88,70.43,73.25
2025-03-20,21,48.71,43.9,46.59
2025-03-20,22,32.43,27.64,30.4
2025-03-20,23,28.71,22.22,27.63
2025-03-20,24,26.71,19.24,25.83
2025-03-21,1,22.45,13.98,21.58
2025-03-21,2,21.03,12.45,20.05
2025-03-21,3,21.96,12.96,20.86
2025-03-21,4,22.84,13.23,21.83
2025-03-21,5,25.56,16.17,24.91
2025-03-21,6,33.76,25.3,33.9
2025-03-21,7,44.78,36.98,45.77
2025-03-21,8,44.16,38.4,45.83
2025-03-21,9,26.68,21.79,27.89
2025-03-21,10,10.69,9.18,15.16
2025-03-21,11,2.85,1.17,6.64
2025-03-21,12,1.39,0.39,4.89
2025-03-21,13,0.83,1.37,5.02
2025-03-21,14,1.64,2.39,4.52
2025-03-21,15,5.51,7.31,10.19
2025-03-21,16,10.34,13.03,16.4
2025-03-21,17,13.76,15.32,16.66
2025-03-21,18,20.11,20.89,21.11
2025-03-21,19,40.58,39.61,37.43
2025-03-21,20,90.78,87.2,80.42
2025-03-21,21,68.88,66.64,63.88
2025-03-21,22,41.49,36.92,37.68
2025-03-21,23,36.96,32.05,33.56
2025-03-21,24,29.32,24.47,26.35
2025-03-22,1,27.28,23.16,24.78
2025-03-22,2,26.88,22.91,24.75
2025-03-22,3,27.73,24.28,26.03
2025-03-22,4,28.65,25.43,27.29
2025-03-22,5,29.64,26.59,28.47
2025-03-22,6,29.96,27.28,28.99
2025-03-22,7,29.89,27.05,28.92
2025-03-22,8,28.8,26.2,27.92
2025-03-22,9,27.13,25.74,26.66
2025-03-22,10,17.28,16.63,17.62
2025-03-22,11,10.04,8.94,10.9
2025-03-22,12,9.88,7.81,11.59
2025-03-22,13,7.92,7.13,11.62
2025-03-22,14,7.28,6.27,12.19
2025-03-22,15,10.54,8.46,16.29
2025-03-22,16,12.44,10.38,20.29
2025-03-22,17,17.1,14.56,23.21
2025-03-22,18,23.31,18.92,26.46
2025-03-22,19,34.94,31.24,36.5
2025-03-22,20,46.05,40.48,45.49
2025-03-22,21,42.76,35.51,41.75
2025-03-22,22,35.47,25.92,33.76
2025-03-22,23,31.96,23.55,30.72
2025-03-22,24,28.41,20.14,27.1
2025-03-23,1,28.48,17.59,26.01
2025-03-23,2,24.1,14.4,21.91
2025-03-23,3,22.09,12.41,19.75
2025-03-23,4,23.21,13.19,20.68
2025-03-23,5,22.96,14.25,20.91
2025-03-23,6,25.05,16.57,23.02
2025-03-23,7,26.96,19.5,25.03
2025-03-23,8,28.02,22.24,26
2025-03-23,9,27.62,19.93,24.96
2025-03-23,10,21.97,11.57,18.09
2025-03-23,11,19.3,10.94,16.78
2025-03-23,12,17.3,11.06,17.34
2025-03-23,13,17.16,11.9,18.4
2025-03-23,14,17.88,13.56,19.56
2025-03-23,15,22.86,18.52,27.32
2025-03-23,16,27.64,22.68,30.24
2025-03-23,17,28.16,25.41,31.53
2025-03-23,18,30.48,24.21,36.83
2025-03-23,19,42.67,38.96,48.31
2025-03-23,20,51.17,50.22,51.13
2025-03-23,21,50.32,49.29,49.9
2025-03-23,22,44.75,42.93,44.2
2025-03-23,23,40.58,39.25,40.17
2025-03-23,24,35.16,33.86,34.71
2025-03-24,1,31.96,29.02,31.01
2025-03-24,2,30.1,27.23,29.2
2025-03-24,3,29.9,26.97,28.99
2025-03-24,4,31.11,27.48,29.97
2025-03-24,5,34.36,30.83,33.18
2025-03-24,6,43.42,38.5,41.42
2025-03-24,7,49.95,44.87,48.37
2025-03-24,8,56.9,51.61,55.24
2025-03-24,9,41.64,35.95,38.8
2025-03-24,10,25.76,24.34,27.2
2025-03-24,11,21.98,20.2,25.06
2025-03-24,12,20.8,18.72,26.1
2025-03-24,13,24.57,21.1,33.46
2025-03-24,14,26.74,22.03,38.59
2025-03-24,15,30.02,24.7,41.85
2025-03-24,16,34.24,24.85,42.5
2025-03-24,17,35.7,28.96,45.5
2025-03-24,18,43.13,37.89,47.63
2025-03-24,19,71.47,72.76,73.58
2025-03-24,20,222.47,223.27,225.62
2025-03-24,21,202.34,201.92,204.07
2025-03-24,22,101.45,97.19,101.26
2025-03-24,23,50.32,45.92,49.05
2025-03-24,24,39.37,34.32,37.49
2025-03-25,1,31.53,28.52,30.26
2025-03-25,2,27.85,25.67,26.86
2025-03-25,3,25.54,23.63,24.61
2025-03-25,4,24.18,22.43,23.26
2025-03-25,5,24.53,23.38,23.81
2025-03-25,6,27.01,26.32,26.63
2025-03-25,7,30.14,29.27,29.17
2025-03-25,8,28.88,28.13,28.12
2025-03-25,9,24.56,24.32,24.19
2025-03-25,10,13.25,11.54,13.62
2025-03-25,11,13.37,10.33,13.69
2025-03-25,12,15.58,13.09,20.29
2025-03-25,13,21.25,20.18,27.53
2025-03-25,14,30.47,27.03,35.62
2025-03-25,15,34.44,31,42.53
2025-03-25,16,47.24,37.37,54.87
2025-03-25,17,48.84,34.89,53.99
2025-03-25,18,66.11,52.07,67.32
2025-03-25,19,93.5,87.04,86.33
2025-03-25,20,162.18,154.2,155.98
2025-03-25,21,95.11,88.89,92.15
2025-03-25,22,43.72,36.68,41.1
2025-03-25,23,33.9,28.33,32.48
2025-03-25,24,31.59,26.32,30.16
2025-03-26,1,26.68,19.65,25.6
2025-03-26,2,27.2,20.53,26.09
2025-03-26,3,25.14,19.6,24.11
2025-03-26,4,23.99,19.1,22.88
2025-03-26,5,22.59,18.44,21.59
2025-03-26,6,25.63,23.09,24.88
2025-03-26,7,33.29,31.56,32.72
2025-03-26,8,42.01,41.05,41.53
2025-03-26,9,35.12,34.99,35.41
2025-03-26,10,27.25,27.4,27.46
2025-03-26,11,24.26,24.25,24.76
2025-03-26,12,23.41,23.49,24.67
2025-03-26,13,23.65,24.1,26.04
2025-03-26,14,25.65,25.38,31.7
2025-03-26,15,26.7,28.72,30.99
2025-03-26,16,25.64,26.99,36.55
2025-03-26,17,26.8,28.15,39.91
2025-03-26,18,32.2,33.33,48.61
2025-03-26,19,43.42,47.01,47.09
2025-03-26,20,50.15,51.18,51.23
2025-03-26,21,42.44,41.41,42
2025-03-26,22,34.8,36.84,35.4
2025-03-26,23,25.88,24.04,25.39
2025-03-26,24,24.22,22.48,24.38
2025-03-27,1,23.82,21.57,23.61
2025-03-27,2,21.76,18.78,21.15
2025-03-27,3,23.1,19.6,22.02
2025-03-27,4,24.33,20.69,23.01
2025-03-27,5,26.9,23.34,25.52
2025-03-27,6,29.82,26.57,28.62
2025-03-27,7,40.65,36.85,39.09
2025-03-27,8,44.18,41.12,43.24
2025-03-27,9,44.28,42.13,43.65
2025-03-27,10,36.31,35.55,36.65
2025-03-27,11,29.81,29.6,31.15
2025-03-27,12,29.41,29.73,31.77
2025-03-27,13,24.97,25.32,27.15
2025-03-27,14,23.54,23.57,28.24
2025-03-27,15,22.92,23.29,26.23
2025-03-27,16,23.32,24.2,26.94
2025-03-27,17,24.71,24.74,27.56
2025-03-27,18,27.21,26.15,29.46
2025-03-27,19,36.77,32.95,37.49
2025-03-27,20,47.59,43.55,48.35
2025-03-27,21,51.37,46.25,50.79
2025-03-27,22,48.18,41.69,46.47
2025-03-27,23,38.53,32.67,36.87
2025-03-27,24,34.79,29.7,33.19
2025-03-28,1,29.44,23.93,27.5
2025-03-28,2,27.93,23.89,26.51
2025-03-28,3,26.81,23.44,25.6
2025-03-28,4,30.97,28.54,29.99
2025-03-28,5,34.2,32.27,33.16
2025-03-28,6,37.11,35.6,36.19
2025-03-28,7,51.39,48.57,49.07
2025-03-28,8,55.26,52.17,52.97
2025-03-28,9,53.15,50.89,52.79
2025-03-28,10,40.26,39.55,41.02
2025-03-28,11,35.31,35.08,36.68
2025-03-28,12,33.31,33.41,34.76
2025-03-28,13,29.72,29.7,30.7
2025-03-28,14,26.24,26.19,27.13
2025-03-28,15,25.26,25.25,26.31
2025-03-28,16,26.06,26.05,27.35
2025-03-28,17,26.35,25.9,27.02
2025-03-28,18,31.07,29.96,31.42
2025-03-28,19,41.17,38.87,41.04
2025-03-28,20,50.31,44.46,49.35
2025-03-28,21,36.39,29.99,34.79
2025-03-28,22,28.3,22.7,27.46
2025-03-28,23,27.32,22.14,27.17
2025-03-28,24,26.65,21.45,26.51
2025-03-29,1,25.07,19.89,24.84
2025-03-29,2,26.37,20.94,26
2025-03-29,3,24.32,18.23,23.66
2025-03-29,4,23.23,17.42,22.56
2025-03-29,5,22.76,16.81,21.91
2025-03-29,6,25.76,20.02,24.79
2025-03-29,7,26.89,20.87,25.63
2025-03-29,8,28.65,23.74,27.46
2025-03-29,9,24.87,21.66,24.58
2025-03-29,10,21.52,18,21.36
2025-03-29,11,19.49,15.56,19.63
2025-03-29,12,19.76,15.75,21.45
2025-03-29,13,19.55,14.28,23.98
2025-03-29,14,20.12,13.52,28.63
2025-03-29,15,22.17,14.95,30.06
2025-03-29,16,25.08,18.05,37.22
2025-03-29,17,24.55,20.76,36.19
2025-03-29,18,28.07,27.12,35.25
2025-03-29,19,31.71,31.11,35.89
2025-03-29,20,44.83,41.97,45
2025-03-29,21,43.74,38.67,41.89
2025-03-29,22,45.6,37.68,42.49
2025-03-29,23,41.92,35.69,39.28
2025-03-29,24,37.1,31.05,34.61
2025-03-30,1,37.51,32.35,35.2
2025-03-30,2,34.29,29.95,32.66
2025-03-30,3,30.83,26.96,29.17
2025-03-30,4,27.21,22.87,25.22
2025-03-30,5,24.59,20.89,23.2
2025-03-30,6,25.45,21.88,24.08
2025-03-30,7,25.39,22.52,24.38
2025-03-30,8,24.83,22.53,24.04
2025-03-30,9,22.7,21.87,22.42
2025-03-30,10,20.95,20.92,21.04
2025-03-30,11,20.68,20.47,21.74
2025-03-30,12,20.97,21.12,23.39
2025-03-30,13,23.53,23.85,26.39
2025-03-30,14,29.3,29.81,34.09
2025-03-30,15,33.06,33.89,37.92
2025-03-30,16,28.64,29.87,32.24
2025-03-30,17,29.97,31,34.58
2025-03-30,18,32.12,33.01,35.24
2025-03-30,19,56.7,57.85,58.93
2025-03-30,20,119.2,118.51,120.72
2025-03-30,21,90.11,84.69,89.36
2025-03-30,22,58.25,50.46,56.03
2025-03-30,23,40.82,33.95,38.63
2025-03-30,24,32.99,27.5,31.38
2025-03-31,1,35.03,29.84,33.63
2025-03-31,2,34.94,30.96,33.89
2025-03-31,3,35,32.29,34.31
2025-03-31,4,35.53,33.77,35.07
2025-03-31,5,38.76,37.57,38.45
2025-03-31,6,40.05,39.09,39.85
2025-03-31,7,43.07,41.97,42.81
2025-03-31,8,46.63,42.39,45.5
2025-03-31,9,29.98,27.86,29.23
2025-03-31,10,23.03,21.04,23.69
2025-03-31,11,24.3,19.7,28.77
2025-03-31,12,23.84,19.11,31.63
2025-03-31,13,27.1,20.22,40.31
2025-03-31,14,31.74,21.44,55.5
2025-03-31,15,31.95,20.96,54.2
2025-03-31,16,33.99,22.89,57.92
2025-03-31,17,30.79,21.01,56.14
2025-03-31,18,31.39,20.84,39.32
2025-03-31,19,53.25,53.1,56.69
2025-03-31,20,105.69,110.69,112.38
2025-03-31,21,72.62,67.8,71.8
2025-03-31,22,43.3,34.55,40.23
2025-03-31,23,35.03,28.98,33.04
2025-03-31,24,27.09,22.56,25.88
2025-04-01,1,29.25,25.89,30.22
2025-04-01,2,24.49,21.89,26.52
2025-04-01,3,23.08,20.16,25.7
2025-04-01,4,23.34,20.15,25.9
2025-04-01,5,23.37,20.59,25.56
2025-04-01,6,27.83,26.36,30.83
2025-04-01,7,30.82,27.31,33.02
2025-04-01,8,32.12,28.88,33.89
2025-04-01,9,25.31,20.73,28.3
2025-04-01,10,19.89,13.95,25.39
2025-04-01,11,15.81,7.1,25.5
2025-04-01,12,15.26,5.98,26.15
2025-04-01,13,15.62,6.36,26.81
2025-04-01,14,21.27,10.49,35.73
2025-04-01,15,21.96,15.76,39.08
2025-04-01,16,27.81,22.66,47.75
2025-04-01,17,33.74,31.17,55.93
2025-04-01,18,33.43,31.15,51.12
2025-04-01,19,38.44,37.13,46.91
2025-04-01,20,49.38,50.79,51.86
2025-04-01,21,54.2,53.29,55.08
2025-04-01,22,40.59,39.17,41.63
2025-04-01,23,37.8,37.23,39.86
2025-04-01,24,32.23,31.48,35.37
2025-04-02,1,29.67,30.67,32.54
2025-04-02,2,26.79,27.69,29.03
2025-04-02,3,25.72,25.55,29.42
2025-04-02,4,25.6,25.48,27.3
2025-04-02,5,29.25,27.71,30.1
2025-04-02,6,36.84,35,37.08
2025-04-02,7,39.24,36.19,38.25
2025-04-02,8,41.69,34.06,39.41
2025-04-02,9,31.66,29.93,31.17
2025-04-02,10,24.28,24.71,27.44
2025-04-02,11,24.34,23.73,30.86
2025-04-02,12,26.1,24.81,34.66
2025-04-02,13,30.17,27.84,43.2
2025-04-02,14,36.64,29.07,53.29
2025-04-02,15,39.42,31.12,63.43
2025-04-02,16,52.1,41.46,84.22
2025-04-02,17,59.51,46.58,95.04
2025-04-02,18,77.01,62.6,97.62
2025-04-02,19,139,140,138.86
2025-04-02,20,187.48,201.88,191.14
2025-04-02,21,186.9,200.79,193.12
2025-04-02,22,111.96,110.54,107.61
2025-04-02,23,102.91,100.04,99.07
2025-04-02,24,52.56,50.68,50.38
2025-04-03,1,49.44,46.15,46.77
2025-04-03,2,46.3,41.76,43.51
2025-04-03,3,42.5,39.93,40.39
2025-04-03,4,38.26,35.57,36.38
2025-04-03,5,37.64,34.96,35.82
2025-04-03,6,42.98,39.85,41.17
2025-04-03,7,45.45,42.3,43.71
2025-04-03,8,45.36,39.26,43.02
2025-04-03,9,34.65,30.63,33.11
2025-04-03,10,27.43,24.31,29.08
2025-04-03,11,29.48,23.61,34.91
2025-04-03,12,30.31,22.12,42
2025-04-03,13,32.39,22.93,44.55
2025-04-03,14,36.89,24.53,55.77
2025-04-03,15,41.42,29.08,63.9
2025-04-03,16,52.32,35.77,92.93
2025-04-03,17,60.52,40.33,95.81
2025-04-03,18,79.39,54.74,83.83
2025-04-03,19,85.06,80.1,85.85
2025-04-03,20,98.97,96.52,98.95
2025-04-03,21,82.73,75.05,77.29
2025-04-03,22,59.12,51.55,54.51
2025-04-03,23,58.41,53.09,55.25
2025-04-03,24,45.93,41.45,43.2
2025-04-04,1,43.29,40.53,41.25
2025-04-04,2,40.74,38.09,38.85
2025-04-04,3,39.17,36.39,37.11
2025-04-04,4,38.08,35.42,36.19
2025-04-04,5,38.09,35.87,36.21
2025-04-04,6,41.46,39.44,39.71
2025-04-04,7,43.37,41.16,41.41
2025-04-04,8,43.6,37.23,40.59
2025-04-04,9,39.54,33.81,37.1
2025-04-04,10,42.47,39.84,41.85
2025-04-04,11,39.85,37.86,41.34
2025-04-04,12,35.98,34.04,41.71
2025-04-04,13,34.08,31.91,45.07
2025-04-04,14,34.82,29.43,47.77
2025-04-04,15,36.84,31.4,51.98
2025-04-04,16,40.33,31.07,50.12
2025-04-04,17,44.12,34.82,55.6
2025-04-04,18,46.4,41.18,50.79
2025-04-04,19,48.84,45.31,47.49
2025-04-04,20,53.11,49.42,49.45
2025-04-04,21,51.6,49.55,49.32
2025-04-04,22,42.21,38.58,41.27
2025-04-04,23,43.51,40.13,41.82
2025-04-04,24,38.21,34.87,36.84
2025-04-05,1,35.6,29.37,35.05
2025-04-05,2,32.01,27.06,32.13
2025-04-05,3,28.24,24.14,29.63
2025-04-05,4,24.36,21.07,26.14
2025-04-05,5,22.43,18.46,25.39
2025-04-05,6,22.93,20.17,27.51
2025-04-05,7,25.57,20.41,32.31
2025-04-05,8,27.58,22.39,34.15
2025-04-05,9,28.03,23.71,33.53
2025-04-05,10,28.87,22.63,39.56
2025-04-05,11,28.71,24.47,38.78
2025-04-05,12,27.64,23.39,38.11
2025-04-05,13,28.84,22.28,42.52
2025-04-05,14,27.11,20.39,40.29
2025-04-05,15,27.01,17.74,43.82
2025-04-05,16,26.89,19.34,40.29
2025-04-05,17,28.56,22.87,37.91
2025-04-05,18,27.82,21.76,37.93
2025-04-05,19,29.82,27.35,35.36
2025-04-05,20,34.09,32.63,35.37
2025-04-05,21,34.91,34.46,34.99
2025-04-05,22,32.3,32,31.92
2025-04-05,23,24.97,26.05,26.5
2025-04-05,24,23.7,24.23,23.75
2025-04-06,1,20.69,22.17,20.77
2025-04-06,2,20.38,21.31,20
2025-04-06,3,20.56,21.28,19.92
2025-04-06,4,22.06,22.69,21.07
2025-04-06,5,24.82,25.36,23.49
2025-04-06,6,31.73,32.42,29.95
2025-04-06,7,40.51,41.04,38.03
2025-04-06,8,42.63,42.74,39.37
2025-04-06,9,34.16,34.04,31.8
2025-04-06,10,25.76,27.46,25.31
2025-04-06,11,16.4,19.29,17.56
2025-04-06,12,12.45,15.96,15.59
2025-04-06,13,10.82,13.04,13.2
2025-04-06,14,7.75,9.75,10.36
2025-04-06,15,5.3,6.69,7.26
2025-04-06,16,7.51,8.37,8.79
2025-04-06,17,11.45,12.23,12.27
2025-04-06,18,16.39,17.56,16.16
2025-04-06,19,24.99,25.8,24.18
2025-04-06,20,59.82,60.12,56.74
2025-04-06,21,99.18,100.16,93.47
2025-04-06,22,91.8,93.19,87.07
2025-04-06,23,71.07,75.63,69.82
2025-04-06,24,56.11,60.23,55.8
2025-04-07,1,43.54,49.28,44.19
2025-04-07,2,42.77,47.8,43.24
2025-04-07,3,43.19,47.84,43.85
2025-04-07,4,42.49,45.05,43.02
2025-04-07,5,42.99,46.01,43.64
2025-04-07,6,51.1,53.14,51.63
2025-04-07,7,94.69,98.95,93.05
2025-04-07,8,89.19,96.58,88.1
2025-04-07,9,31.24,33.81,32.25
2025-04-07,10,22.89,26.57,24.3
2025-04-07,11,18.31,24.19,20.51
2025-04-07,12,16.42,21.43,18.56
2025-04-07,13,14.13,18.36,16.22
2025-04-07,14,14.5,18.15,16.5
2025-04-07,15,14.42,16.48,16.24
2025-04-07,16,13.77,15.37,15.09
2025-04-07,17,14.24,15.49,15.64
2025-04-07,18,18.32,20.35,19.59
2025-04-07,19,31.09,32.08,32.08
2025-04-07,20,90.11,96.05,92.49
2025-04-07,21,96.82,106.66,99.87
2025-04-07,22,68.68,75.98,71.1
2025-04-07,23,43.76,46.26,45.03
2025-04-07,24,32.55,33.02,33.01
2025-04-08,1,36.68,33.94,36.09
2025-04-08,2,31.92,28.76,31.01
2025-04-08,3,27.66,24.23,26.73
2025-04-08,4,27.4,24.49,26.54
2025-04-08,5,27.66,25.24,26.91
2025-04-08,6,39.55,39.04,39.27
2025-04-08,7,51.19,54.6,51.04
2025-04-08,8,47.81,50.91,47.76
2025-04-08,9,25.88,26.21,25.9
2025-04-08,10,15.83,19.76,16.73
2025-04-08,11,12.68,14.82,13.02
2025-04-08,12,11.08,12.58,11.72
2025-04-08,13,11.79,11.39,11.55
2025-04-08,14,12.54,12.65,12.9
2025-04-08,15,15.98,12.01,13.94
2025-04-08,16,18.13,13.89,15.73
2025-04-08,17,20,18.67,18.86
2025-04-08,18,20.63,23.65,22.41
2025-04-08,19,36.1,34.25,35.07
2025-04-08,20,68.05,62.9,65.23
2025-04-08,21,52.33,48.17,50.68
2025-04-08,22,30.99,30.38,30.88
2025-04-08,23,23.91,23.69,24.01
2025-04-08,24,19.7,19.53,19.89
2025-04-09,1,20.58,21.7,21.42
2025-04-09,2,17.93,19.08,18.7
2025-04-09,3,16.7,17.33,17.43
2025-04-09,4,16.52,17.17,17.21
2025-04-09,5,18.5,19.52,19.24
2025-04-09,6,25.23,28.91,27.08
2025-04-09,7,23.79,27.76,25.36
2025-04-09,8,21.09,22.24,22.07
2025-04-09,9,8.53,9.76,10.16
2025-04-09,10,3.54,3.02,5.27
2025-04-09,11,2.47,1.44,4.01
2025-04-09,12,3.36,1.79,4.33
2025-04-09,13,5.77,3.87,7.78
2025-04-09,14,6.25,6.06,10.4
2025-04-09,15,10.51,9.85,14.47
2025-04-09,16,15.88,14.69,19.93
2025-04-09,17,17.18,17.57,20.52
2025-04-09,18,19.84,25.06,24.26
2025-04-09,19,37.75,38.73,39.32
2025-04-09,20,102.79,103.04,103.6
2025-04-09,21,82.25,81.62,80.4
2025-04-09,22,48.47,47.51,47.5
2025-04-09,23,36.43,35.07,35.31
2025-04-09,24,30.82,29.73,29.86
2025-04-10,1,32.35,30.3,30.56
2025-04-10,2,28.56,27.57,27.21
2025-04-10,3,28.43,28.43,27.36
2025-04-10,4,29.48,31.16,29.2
2025-04-10,5,34.34,37.02,34.49
2025-04-10,6,42.18,48.75,44.05
2025-04-10,7,43.42,53.01,47.02
2025-04-10,8,39.84,50.18,43.05
2025-04-10,9,23.2,24.98,23.66
2025-04-10,10,11.21,14.35,13
2025-04-10,11,14.73,17.24,16.19
2025-04-10,12,15.96,18.07,17.7
2025-04-10,13,17.44,19.47,20.72
2025-04-10,14,20.64,22.64,24.7
2025-04-10,15,24.54,23.55,30.15
2025-04-10,16,24.91,25.77,33.67
2025-04-10,17,25.49,26.64,31.18
2025-04-10,18,29.9,29.78,34.57
2025-04-10,19,48.13,45.68,46.32
2025-04-10,20,110.41,108.88,110.81
2025-04-10,21,63.54,62.18,64.09
2025-04-10,22,39.44,37.02,38.39
2025-04-10,23,37.02,35.66,36.38
2025-04-10,24,30.32,28.49,29.6
2025-04-11,1,31.77,29.98,30.8
2025-04-11,2,26.46,25.02,25.72
2025-04-11,3,26.34,25.11,25.88
2025-04-11,4,28.67,27.76,28.41
2025-04-11,5,29.86,29.11,29.66
2025-04-11,6,37.29,36.53,37.09
2025-04-11,7,45.16,44.56,45.04
2025-04-11,8,40.03,39.62,40
2025-04-11,9,24,25.24,24.28
2025-04-11,10,14.08,16.85,15.03
2025-04-11,11,14.78,14.68,15.4
2025-04-11,12,15.91,13.5,17.25
2025-04-11,13,20.08,17.46,23.5
2025-04-11,14,22.72,20.05,27.08
2025-04-11,15,24.04,22.61,28.78
2025-04-11,16,28.11,26.96,33.65
2025-04-11,17,28.98,30.63,37.12
2025-04-11,18,27.85,29.07,36.8
2025-04-11,19,42.28,44.22,45.07
2025-04-11,20,92.52,90.79,92.48
2025-04-11,21,60.92,58.31,60.04
2025-04-11,22,36.83,33.25,35.66
2025-04-11,23,31.49,28.3,30.66
2025-04-11,24,26.81,24.69,26.52
2025-04-12,1,24.19,23.76,25.17
2025-04-12,2,20.95,20.87,22.07
2025-04-12,3,18.95,18.83,19.83
2025-04-12,4,18.11,17.98,18.87
2025-04-12,5,17.96,17.9,18.65
2025-04-12,6,20.14,19.94,20.73
2025-04-12,7,20.28,20.02,20.86
2025-04-12,8,20.32,20.03,20.86
2025-04-12,9,8.88,8.87,9.57
2025-04-12,10,6.04,7.56,9.06
2025-04-12,11,4.65,5.28,8.76
2025-04-12,12,7.12,6.6,11.29
2025-04-12,13,7.64,9.11,14.22
2025-04-12,14,9.23,11.13,18.03
2025-04-12,15,14.82,15.08,19.86
2025-04-12,16,15.4,18.05,21.4
2025-04-12,17,16.33,21.41,24.35
2025-04-12,18,19,28.82,25.81
2025-04-12,19,36.73,38.76,36.28
2025-04-12,20,51.24,53.32,50.22
2025-04-12,21,46.94,47.28,45.63
2025-04-12,22,35,36,35.37
2025-04-12,23,29.35,30.71,30.67
2025-04-12,24,25.17,26.64,26.73
2025-04-13,1,21.59,22.28,22.3
2025-04-13,2,19.27,20.64,20.27
2025-04-13,3,17.35,18.72,18.88
2025-04-13,4,16.13,16.8,17.18
2025-04-13,5,15.98,15.85,16.64
2025-04-13,6,16.35,17.12,17.01
2025-04-13,7,17.32,17.49,18.07
2025-04-13,8,16.17,16.17,16.45
2025-04-13,9,7.38,7.86,7.63
2025-04-13,10,1.53,3.85,5.5
2025-04-13,11,2.42,4.72,7.31
2025-04-13,12,5.2,8.7,11.82
2025-04-13,13,7.9,15.41,18.64
2025-04-13,14,11.5,21.01,22.52
2025-04-13,15,17.72,28.78,27.3
2025-04-13,16,19.02,34.46,30.42
2025-04-13,17,20.65,38.73,34.33
2025-04-13,18,25.88,43.1,38.85
2025-04-13,19,48,57.67,50.04
2025-04-13,20,73.88,77.95,70.55
2025-04-13,21,75.09,77.41,70.57
2025-04-13,22,39.2,44.55,39.59
2025-04-13,23,27.28,34.83,29.06
2025-04-13,24,22.9,28.43,24.28
2025-04-14,1,21.78,25.64,23.76
2025-04-14,2,18.85,23.03,21.06
2025-04-14,3,16.48,18.83,18.36
2025-04-14,4,16.33,18.63,17.98
2025-04-14,5,18.3,18.45,19.06
2025-04-14,6,24.71,25.17,25.25
2025-04-14,7,26.03,24.94,25.37
2025-04-14,8,30.46,28.86,29.3
2025-04-14,9,15.57,17.56,16.62
2025-04-14,10,9.24,11.92,12.34
2025-04-14,11,8.76,12.85,14.74
2025-04-14,12,12.98,16.86,18.29
2025-04-14,13,15.31,20.22,22.19
2025-04-14,14,23.12,25.56,30.47
2025-04-14,15,42.01,24.96,34.07
2025-04-14,16,60.74,29.82,38.63
2025-04-14,17,132.29,38.23,47.74
2025-04-14,18,230.85,45.47,52.54
2025-04-14,19,246.3,69.83,61.15
2025-04-14,20,296.71,122.29,109.05
2025-04-14,21,189,91.58,82.79
2025-04-14,22,67.38,46,44.09
2025-04-14,23,44.56,40.81,39.69
2025-04-14,24,28.95,28.34,28.29
2025-04-15,1,25.15,25.22,25.37
2025-04-15,2,22.43,22.57,22.59
2025-04-15,3,21.81,21.56,21.77
2025-04-15,4,20.74,20.24,20.54
2025-04-15,5,21.77,21.49,21.65
2025-04-15,6,27.78,27.47,27.65
2025-04-15,7,36.88,36.74,36.75
2025-04-15,8,41.38,40.98,41.03
2025-04-15,9,24.32,23.86,24.02
2025-04-15,10,17.09,15.35,18.18
2025-04-15,11,15.95,11.42,17.7
2025-04-15,12,17.16,11.52,20.12
2025-04-15,13,20.24,12.98,23.54
2025-04-15,14,26.16,16.46,30.06
2025-04-15,15,28.13,20.76,35.64
2025-04-15,16,30.05,22.11,36.23
2025-04-15,17,32.47,22.74,37.77
2025-04-15,18,36.01,25.46,37.94
2025-04-15,19,40.72,30.79,35.91
2025-04-15,20,80.94,73.79,75.17
2025-04-15,21,93.56,88.5,89.31
2025-04-15,22,52.18,49.29,50.3
2025-04-15,23,36.97,34.69,35.88
2025-04-15,24,29.4,26.85,28.29
2025-04-16,1,30.95,28.46,29.91
2025-04-16,2,27.77,25.25,26.8
2025-04-16,3,24.91,22.54,24.01
2025-04-16,4,24.27,21.63,23.27
2025-04-16,5,24.7,22.34,23.85
2025-04-16,6,33.72,31.47,32.89
2025-04-16,7,33.68,31.92,32.89
2025-04-16,8,32.73,31.29,32.06
2025-04-16,9,21.33,19.95,20.8
2025-04-16,10,12.16,9.6,14.14
2025-04-16,11,7.51,7.37,15.13
2025-04-16,12,8.82,8.94,18.86
2025-04-16,13,10.47,11.62,21.34
2025-04-16,14,12.96,14.63,26.19
2025-04-16,15,15.21,19.07,31.66
2025-04-16,16,18.53,25.35,35.66
2025-04-16,17,25.77,28.26,38.97
2025-04-16,18,32.22,29.41,39.91
2025-04-16,19,48.83,42.79,42.39
2025-04-16,20,58.06,52.99,51.48
2025-04-16,21,45.9,48.66,44.92
2025-04-16,22,34.76,37.9,35.35
2025-04-16,23,32.32,34.33,33.41
2025-04-16,24,22.84,24.97,24.53
2025-04-17,1,19.62,21.8,21.63
2025-04-17,2,17.37,18.96,19.22
2025-04-17,3,16.04,17.69,18.01
2025-04-17,4,15.44,16.59,17.14
2025-04-17,5,16.5,17.34,18.2
2025-04-17,6,23.47,25.24,25.71
2025-04-17,7,23.13,23.4,24.16
2025-04-17,8,23.45,24.38,24.48
2025-04-17,9,17.47,18.97,18.48
2025-04-17,10,11.98,14.96,16.76
2025-04-17,11,7.15,14.9,19.55
2025-04-17,12,12.34,21.13,25.87
2025-04-17,13,17.42,28.26,34.48
2025-04-17,14,20.41,29.51,38.51
2025-04-17,15,24.16,33.9,42.67
2025-04-17,16,26.72,37.54,42.58
2025-04-17,17,37.28,41.11,49.17
2025-04-17,18,41.46,43.27,46.64
2025-04-17,19,52.66,49.64,47.36
2025-04-17,20,54.91,50.32,47.1
2025-04-17,21,49.65,48.79,45.26
2025-04-17,22,34.75,36.73,34
2025-04-17,23,29.67,32.08,29.66
2025-04-17,24,22.98,25.59,23.93
2025-04-18,1,23.77,26.82,24.95
2025-04-18,2,19.22,22.94,20.57
2025-04-18,3,18.02,19.41,18.92
2025-04-18,4,17.8,18.75,18.26
2025-04-18,5,18.69,19.13,19.06
2025-04-18,6,23.83,23.93,23.87
2025-04-18,7,26.81,25.73,26.57
2025-04-18,8,30.14,29.08,29.54
2025-04-18,9,25.43,26.15,25.66
2025-04-18,10,18.53,22.21,22.99
2025-04-18,11,18.14,25.09,26.22
2025-04-18,12,16.8,26.01,27.89
2025-04-18,13,17.69,27.21,30.48
2025-04-18,14,20.5,30.11,35.52
2025-04-18,15,26.54,34.02,40.44
2025-04-18,16,34.33,35.69,43.67
2025-04-18,17,41.51,39.72,46.66
2025-04-18,18,56.49,42.71,50.65
2025-04-18,19,62.89,51.93,54.02
2025-04-18,20,56.89,47.75,48.19
2025-04-18,21,48.88,45.64,46.8
2025-04-18,22,39.66,39.48,39.17
2025-04-18,23,36.45,35.14,35.91
2025-04-18,24,29.63,26.68,28.23
2025-04-19,1,26.34,22.67,25.2
2025-04-19,2,22.96,20.23,22.44
2025-04-19,3,22.37,19.49,21.57
2025-04-19,4,20.91,17.78,19.84
2025-04-19,5,21.01,17.53,19.85
2025-04-19,6,22.77,18.87,21.34
2025-04-19,7,25.21,21.26,23.85
2025-04-19,8,26.46,23.72,25.47
2025-04-19,9,24.11,22.2,23.42
2025-04-19,10,22.19,22.09,22.71
2025-04-19,11,19.98,21.57,23.12
2025-04-19,12,17.98,21.67,24.28
2025-04-19,13,17.02,21.98,27.1
2025-04-19,14,16.61,20.9,26.99
2025-04-19,15,16.86,18.8,27.58
2025-04-19,16,16.9,18.71,26.02
2025-04-19,17,19.47,19.03,28.36
2025-04-19,18,22.88,22.42,27.33
2025-04-19,19,26.64,26.05,29.05
2025-04-19,20,38.92,38.49,38.66
2025-04-19,21,46.47,44.72,45.7
2025-04-19,22,40.63,38.93,40.06
2025-04-19,23,31.98,29.9,31.21
2025-04-19,24,26.6,25.27,26.11
2025-04-20,1,22.26,20.99,21.74
2025-04-20,2,22.56,21.26,22.13
2025-04-20,3,24.44,23,23.92
2025-04-20,4,26.21,24.68,25.61
2025-04-20,5,27.5,25.95,26.83
2025-04-20,6,27.05,25.18,26.06
2025-04-20,7,27.57,24.63,26.51
2025-04-20,8,26.26,23.52,25.32
2025-04-20,9,20.7,19.47,20.22
2025-04-20,10,17.47,16.24,17.37
2025-04-20,11,16.86,13.11,16.82
2025-04-20,12,17.39,12.23,16.65
2025-04-20,13,16.5,14.04,18.6
2025-04-20,14,17.06,15.56,20.14
2025-04-20,15,18.33,16.92,18.94
2025-04-20,16,21.28,19.29,20.9
2025-04-20,17,23.33,20.84,22.49
2025-04-20,18,32.69,27.23,30.33
2025-04-20,19,51.16,50.73,50.45
2025-04-20,20,172.11,169.88,168.03
2025-04-20,21,228.44,224.62,218.05
2025-04-20,22,169.57,167.73,166.53
2025-04-20,23,83.69,80.1,80.06
2025-04-20,24,50.59,47.32,47.86
2025-04-21,1,44.39,39.72,41.37
2025-04-21,2,36.01,31.91,33.33
2025-04-21,3,32.58,28.13,30.07
2025-04-21,4,30.97,26.62,28.34
2025-04-21,5,36.96,32.37,34.42
2025-04-21,6,42.2,38.21,39.74
2025-04-21,7,51.9,46.92,49.69
2025-04-21,8,39.67,37,38.22
2025-04-21,9,20.11,19.27,19.44
2025-04-21,10,16.93,18.14,18.69
2025-04-21,11,16.85,18.59,19.18
2025-04-21,12,17.15,17.53,18.76
2025-04-21,13,16.4,17.8,18.54
2025-04-21,14,19.65,18.78,22.64
2025-04-21,15,25.23,19.9,26.53
2025-04-21,16,28.69,21.37,30.15
2025-04-21,17,32.34,21.47,30.8
2025-04-21,18,34.98,17.61,27.25
2025-04-21,19,39.87,26.9,32.69
2025-04-21,20,98.49,90.99,94.95
2025-04-21,21,83.23,73.06,78.03
2025-04-21,22,43.45,32.52,38.09
2025-04-21,23,28.38,21.7,25.33
2025-04-21,24,25.49,20.74,23.3
2025-04-22,1,23.8,19.62,22.04
2025-04-22,2,20.47,16.25,18.58
2025-04-22,3,18.52,14.76,17.5
2025-04-22,4,17.93,14.37,16.86
2025-04-22,5,18.77,15.23,17.1
2025-04-22,6,22.51,19.66,21.19
2025-04-22,7,26.76,23.73,24.13
2025-04-22,8,27.94,25.51,25.08
2025-04-22,9,21.88,18.73,20.04
2025-04-22,10,21.77,20.22,20.72
2025-04-22,11,20.17,17.28,20.39
2025-04-22,12,19.29,15.05,22.22
2025-04-22,13,20.67,17.05,26.75
2025-04-22,14,24.77,20.95,30.94
2025-04-22,15,34.6,24.94,33.46
2025-04-22,16,54.57,28.87,39.86
2025-04-22,17,61.68,30.77,41.97
2025-04-22,18,69.68,29.73,40.49
2025-04-22,19,65.01,36.66,40.05
2025-04-22,20,89.94,71.56,74.28
2025-04-22,21,99.72,91.52,93.49
2025-04-22,22,82.6,59.79,70.53
2025-04-22,23,51.04,45.93,48.5
2025-04-22,24,38.05,33.66,36.07
2025-04-23,1,35.67,30.27,33.6
2025-04-23,2,32.71,27.8,30.88
2025-04-23,3,32.31,28.52,30.85
2025-04-23,4,31.82,28.99,30.69
2025-04-23,5,33.43,30.88,32.35
2025-04-23,6,37.39,35.34,36.48
2025-04-23,7,44.72,43.17,44.07
2025-04-23,8,46.1,45.52,45.78
2025-04-23,9,38.07,37.74,37.67
2025-04-23,10,28.86,28.79,29.65
2025-04-23,11,23.48,24.04,26.88
2025-04-23,12,22.01,23.21,27.43
2025-04-23,13,21.25,23.03,29.21
2025-04-23,14,19.84,20.07,27.28
2025-04-23,15,21,21.32,28.63
2025-04-23,16,26.06,22.14,28.64
2025-04-23,17,36.31,26.97,33.82
2025-04-23,18,41.19,29.26,31.76
2025-04-23,19,44.59,39.05,39.53
2025-04-23,20,55.85,48.68,50.53
2025-04-23,21,76.17,68.23,71.36
2025-04-23,22,49.22,43.54,46.9
2025-04-23,23,38.82,33.71,36.85
2025-04-23,24,28.17,24.16,26.67
2025-04-24,1,26.96,22.49,25.37
2025-04-24,2,26.23,22.27,24.84
2025-04-24,3,25.12,21.55,23.85
2025-04-24,4,27,23.52,25.77
2025-04-24,5,29.97,26.67,28.81
2025-04-24,6,35.83,32.2,34.58
2025-04-24,7,37.67,34.87,36.59
2025-04-24,8,39.54,37.34,38.49
2025-04-24,9,28.72,27.69,28.35
2025-04-24,10,23.35,23.17,24.31
2025-04-24,11,18.59,19.89,25.05
2025-04-24,12,16.96,18.06,26.82
2025-04-24,13,19.79,20.02,32.31
2025-04-24,14,29.44,19.96,30.04
2025-04-24,15,41.8,23.05,32.65
2025-04-24,16,61.75,26.2,35.43
2025-04-24,17,85.34,31.54,38.5
2025-04-24,18,82.43,33.48,37.28
2025-04-24,19,85.67,42.14,42.66
2025-04-24,20,87.41,82.25,79.29
2025-04-24,21,88.99,85.6,86.41
2025-04-24,22,60.28,55.03,57.95
2025-04-24,23,42.39,37.58,40.63
2025-04-24,24,32.86,29.46,31.66
2025-04-25,1,27.04,22.54,25.4
2025-04-25,2,25.85,22,24.57
2025-04-25,3,25.17,21.62,24.03
2025-04-25,4,25.08,22.29,24.17
2025-04-25,5,29.95,27.69,29.19
2025-04-25,6,34.07,31.98,33.35
2025-04-25,7,47.96,46.48,47.5
2025-04-25,8,42.79,41.83,42.54
2025-04-25,9,31.44,31.05,31.53
2025-04-25,10,23.5,23.64,24.82
2025-04-25,11,21.88,21.83,24.54
2025-04-25,12,22.43,23.38,28.55
2025-04-25,13,27.12,27.75,31.07
2025-04-25,14,28.3,31.23,36.02
2025-04-25,15,38.14,38.13,41.3
2025-04-25,16,52.66,38.37,40.79
2025-04-25,17,60.75,46.81,40.86
2025-04-25,18,65.78,48.32,41.07
2025-04-25,19,77.05,64.41,52.23
2025-04-25,20,80.73,98.51,86.72
2025-04-25,21,67.83,77.03,70.75
2025-04-25,22,51.67,51.9,51.62
2025-04-25,23,45.63,43.61,45
2025-04-25,24,36.51,34.76,35.93
2025-04-26,1,26.16,25.01,26.16
2025-04-26,2,23.59,22.45,23.54
2025-04-26,3,22.44,20.97,22.06
2025-04-26,4,21.73,20.77,21.64
2025-04-26,5,23.77,22.76,23.53
2025-04-26,6,26.95,26.17,26.77
2025-04-26,7,30.53,30.02,30.34
2025-04-26,8,27.78,27.37,27.44
2025-04-26,9,19.76,19.66,19.6
2025-04-26,10,16.93,18.24,18.59
2025-04-26,11,13.6,16.64,20.6
2025-04-26,12,12.85,17.57,22.77
2025-04-26,13,14.53,17.7,24.02
2025-04-26,14,15.48,18,25.19
2025-04-26,15,19.69,20.68,29.09
2025-04-26,16,30.18,20.85,31.23
2025-04-26,17,27.34,22.91,29.06
2025-04-26,18,31.91,23.6,33.34
2025-04-26,19,35.16,37.41,38.69
2025-04-26,20,66.45,68.57,70.4
2025-04-26,21,68.74,71.25,71.93
2025-04-26,22,43.57,43.39,44.92
2025-04-26,23,31.62,29,31.85
2025-04-26,24,27.3,24.78,26.97
2025-04-27,1,21.66,18.66,22.23
2025-04-27,2,21.56,17.88,22.71
2025-04-27,3,18.61,15.2,19.64
2025-04-27,4,18.69,15.02,19.85
2025-04-27,5,17.27,14.31,18.53
2025-04-27,6,19.89,17.97,21.01
2025-04-27,7,21.94,19.7,22.56
2025-04-27,8,18.93,16.19,19.45
2025-04-27,9,14.43,10.54,16.79
2025-04-27,10,10.28,9.24,16.58
2025-04-27,11,8.49,8.46,16.99
2025-04-27,12,8.93,10.14,20.22
2025-04-27,13,9.26,12.85,23.92
2025-04-27,14,12.01,14.86,25.78
2025-04-27,15,22.67,16.69,29.03
2025-04-27,16,31.13,20.13,31.36
2025-04-27,17,35.96,22.66,30.75
2025-04-27,18,38.17,28.74,35.22
2025-04-27,19,44.75,33.08,36.51
2025-04-27,20,44.02,40.54,44.56
2025-04-27,21,45.69,40.87,45.2
2025-04-27,22,39.82,30.92,38.05
2025-04-27,23,31.89,21.78,28.51
2025-04-27,24,28.45,18.83,25.89
2025-04-28,1,25.19,24.81,26.51
2025-04-28,2,20.74,19.71,22.03
2025-04-28,3,20.1,16.63,20.21
2025-04-28,4,18.88,15.33,18.97
2025-04-28,5,19.86,16.11,19.97
2025-04-28,6,23.03,19.59,23.34
2025-04-28,7,23.71,21.34,23.8
2025-04-28,8,27.52,26.35,27.7
2025-04-28,9,23.11,22.44,25.35
2025-04-28,10,16.63,19.2,25.78
2025-04-28,11,14.76,18.48,26.8
2025-04-28,12,13.74,22.07,34.09
2025-04-28,13,17.26,25.85,41.92
2025-04-28,14,16.09,23.71,40.49
2025-04-28,15,21.68,27.07,43.15
2025-04-28,16,29.81,28.97,45.03
2025-04-28,17,41.53,31.05,55.75
2025-04-28,18,53.69,36.55,66.33
2025-04-28,19,86.89,49.73,63.39
2025-04-28,20,88.58,67.32,72.52
2025-04-28,21,76.3,70.74,72.02
2025-04-28,22,50.93,49.52,50.24
2025-04-28,23,34.64,34.66,35.1
2025-04-28,24,29.07,27.81,28.56
2025-04-29,1,31.26,39.45,31.31
2025-04-29,2,28.63,26.47,27.99
2025-04-29,3,26.04,24.35,25.47
2025-04-29,4,25.55,24,24.97
2025-04-29,5,27.69,26.19,27.08
2025-04-29,6,29.68,28.38,29.1
2025-04-29,7,36.76,35.83,36.2
2025-04-29,8,35.28,34.59,34.97
2025-04-29,9,23.19,23.17,28.58
2025-04-29,10,17.12,18.85,31.73
2025-04-29,11,13.85,18.51,35.54
2025-04-29,12,13.9,21.94,39.24
2025-04-29,13,15.97,23.9,43.46
2025-04-29,14,19.95,26.14,55.72
2025-04-29,15,23.69,29.47,59.95
2025-04-29,16,32.58,29.04,63.63
2025-04-29,17,38.05,27.7,63.97
2025-04-29,18,45.29,29.16,58.21
2025-04-29,19,56.38,46.91,57.68
2025-04-29,20,81.88,75.58,75.99
2025-04-29,21,92.51,87.85,86.65
2025-04-29,22,77,75.32,74.8
2025-04-29,23,59.61,58.91,58.88
2025-04-29,24,38.61,37.91,37.96
2025-04-30,1,31.71,31.36,31.3
2025-04-30,2,29.13,28.45,28.86
2025-04-30,3,26.07,25.25,25.59
2025-04-30,4,25.51,25.02,25.23
2025-04-30,5,27.6,26.41,27.23
2025-04-30,6,32.08,31.11,31.53
2025-04-30,7,45,43.47,43.91
2025-04-30,8,46.18,44.74,45.27
2025-04-30,9,42.11,42.72,43.18
2025-04-30,10,33.27,37.2,39.96
2025-04-30,11,30.47,37.53,42.87
2025-04-30,12,24.3,32.75,39.56
2025-04-30,13,22.68,32.12,40.53
2025-04-30,14,22.71,30.38,41.97
2025-04-30,15,22.25,27.91,43.61
2025-04-30,16,28.19,26.8,47.4
2025-04-30,17,34.16,25.92,43.88
2025-04-30,18,36.45,28.3,42.38
2025-04-30,19,44.87,33.6,39.47
2025-04-30,20,86.6,82.59,81.47
2025-04-30,21,103.81,99.16,97.89
2025-04-30,22,117.96,115.06,112.49
2025-04-30,23,88.95,86.1,85.97
2025-04-30,24,60.9,59.13,59.07
2025-05-01,1,54.08,50.98,51.79
2025-05-01,2,41.03,38.18,39.38
2025-05-01,3,35.89,33.37,34.5
2025-05-01,4,33.68,31.98,32.71
2025-05-01,5,34.46,32.66,33.59
2025-05-01,6,38.92,36.94,38.07
2025-05-01,7,58.83,56.14,57.75
2025-05-01,8,44.81,43.35,44.11
2025-05-01,9,24.16,23.8,24.48
2025-05-01,10,21.23,21.87,25.4
2025-05-01,11,20.48,21.46,26.78
2025-05-01,12,22.35,23.43,32.62
2025-05-01,13,23.07,23.75,36.42
2025-05-01,14,26.96,29.01,44.77
2025-05-01,15,35.3,33.41,50.57
2025-05-01,16,52.69,38.86,59.43
2025-05-01,17,61.69,45.13,63.5
2025-05-01,18,74.42,56.54,68.03
2025-05-01,19,100.4,93.74,95.49
2025-05-01,20,187.39,175.8,172.56
2025-05-01,21,138.42,132.62,132.54
2025-05-01,22,62.49,59.39,61.05
2025-05-01,23,35.56,32.98,34.51
2025-05-01,24,27.27,25,26.44
2025-05-02,1,25.01,22.89,24.31
2025-05-02,2,24.25,23.1,23.84
2025-05-02,3,23.61,22.21,23.02
2025-05-02,4,23.21,21.3,22.48
2025-05-02,5,25.23,22.98,24.51
2025-05-02,6,27.53,24.46,26.67
2025-05-02,7,35.69,32.58,34.78
2025-05-02,8,33.75,31.12,33.25
2025-05-02,9,24.57,25.84,30.87
2025-05-02,10,18.72,22.94,30.54
2025-05-02,11,18.37,23.05,43.1
2025-05-02,12,23.44,23.33,48.16
2025-05-02,13,25.18,24.1,59
2025-05-02,14,32.77,23.22,62.15
2025-05-02,15,34.28,22.15,62.26
2025-05-02,16,38.78,20.98,61.6
2025-05-02,17,35.33,22.23,44.23
2025-05-02,18,31.45,24.22,34.98
2025-05-02,19,30.25,27.5,30.9
2025-05-02,20,39.63,38.55,38.77
2025-05-02,21,50.8,50.72,50.49
2025-05-02,22,50.96,51,50.62
2025-05-02,23,37.66,37.72,37.41
2025-05-02,24,33.08,33.09,33.01
2025-05-03,1,32.65,33.28,32.76
2025-05-03,2,35.23,36.18,35.41
2025-05-03,3,33.29,34.87,33.64
2025-05-03,4,33,35.26,33.48
2025-05-03,5,36.77,39.11,37.3
2025-05-03,6,37.52,39.79,37.93
2025-05-03,7,37.68,38.28,34.56
2025-05-03,8,27.22,36.37,28.86
2025-05-03,9,22.47,22.49,22.22
2025-05-03,10,18.94,20.28,20.66
2025-05-03,11,15.39,17.83,19.32
2025-05-03,12,11.44,14.31,17.26
2025-05-03,13,9.44,15.63,18.39
2025-05-03,14,11.87,16.47,19.28
2025-05-03,15,13.09,16.25,19.25
2025-05-03,16,16.07,17.48,21.05
2025-05-03,17,17.32,20.95,22.6
2025-05-03,18,17.79,20.55,22.14
2025-05-03,19,28.18,28.27,28.93
2025-05-03,20,69.53,66.68,65.26
2025-05-03,21,63.38,59.67,60.11
2025-05-03,22,44,41.92,43.01
2025-05-03,23,34.2,31.69,33.19
2025-05-03,24,27.76,25.7,27.02
2025-05-04,1,23.86,21.66,22.96
2025-05-04,2,22.36,20.45,21.44
2025-05-04,3,21.73,19.88,20.91
2025-05-04,4,20.95,19.13,20.06
2025-05-04,5,20.31,18.65,19.62
2025-05-04,6,20.94,19.81,20.45
2025-05-04,7,21.89,20.89,21.51
2025-05-04,8,19.83,19.49,19.72
2025-05-04,9,8.12,8.52,9.01
2025-05-04,10,4.56,6.51,7.86
2025-05-04,11,3.59,5.88,7.48
2025-05-04,12,3.18,5.4,8.2
2025-05-04,13,3.99,5.74,11.91
2025-05-04,14,5.28,5.75,14.22
2025-05-04,15,5.55,5.48,14.48
2025-05-04,16,7.05,6.07,16.66
2025-05-04,17,10.66,12.64,19.53
2025-05-04,18,13.9,15.77,23.71
2025-05-04,19,20.14,22.12,29.29
2025-05-04,20,37.87,40.04,44.25
2025-05-04,21,38.75,39.1,41.12
2025-05-04,22,31.85,31.97,33.78
2025-05-04,23,23,21.72,23.15
2025-05-04,24,20.07,18.96,20.84
2025-05-05,1,19.2,18.78,20.39
2025-05-05,2,19.8,18.76,19.62
2025-05-05,3,18.86,17.98,18.61
2025-05-05,4,19.31,18.35,18.95
2025-05-05,5,20.27,19.38,19.91
2025-05-05,6,24.61,23.76,24.3
2025-05-05,7,26.42,25.66,26.09
2025-05-05,8,25.02,24.52,24.74
2025-05-05,9,16.87,17.43,18.52
2025-05-05,10,11.9,14.34,18.42
2025-05-05,11,14.95,19.34,26.74
2025-05-05,12,15.47,19.66,29.3
2025-05-05,13,17.6,21.9,34
2025-05-05,14,18.34,23.07,45.9
2025-05-05,15,18.97,23.86,47.28
2025-05-05,16,21.84,24.43,51.04
2025-05-05,17,20.05,25.09,40.32
2025-05-05,18,20.57,26.5,36.34
2025-05-05,19,20.9,23.41,32.49
2025-05-05,20,30.56,31.59,38.61
2025-05-05,21,39,39.74,43.38
2025-05-05,22,33.82,34.79,38.15
2025-05-05,23,25.78,25.46,26.32
2025-05-05,24,21.54,22.14,24.74
2025-05-06,1,19.08,19.58,21.23
2025-05-06,2,18.25,19.16,20.63
2025-05-06,3,18.77,19.24,20.78
2025-05-06,4,19.2,19.37,21.16
2025-05-06,5,21.34,20.94,23.79
2025-05-06,6,26.58,25.17,27.28
2025-05-06,7,36.9,36.55,39.27
2025-05-06,8,41.25,41.09,44.2
2025-05-06,9,29.78,31.47,35.13
2025-05-06,10,25.08,28.62,35.63
2025-05-06,11,21,25.77,38.15
2025-05-06,12,19.53,24.08,35.99
2025-05-06,13,18.87,21.16,40.83
2025-05-06,14,20.52,20.77,50.5
2025-05-06,15,23.11,21.28,38.1
2025-05-06,16,31.56,23.48,38.17
2025-05-06,17,32.39,23.1,36.25
2025-05-06,18,33.85,24.57,29.7
2025-05-06,19,38.99,32.1,34.31
2025-05-06,20,75.86,70.97,70
2025-05-06,21,98.96,94.6,92.59
2025-05-06,22,96.7,95.82,93.11
2025-05-06,23,77.13,77.1,75.42
2025-05-06,24,49.82,50.87,49.88
2025-05-07,1,41.06,42.93,41.55
2025-05-07,2,35,37.56,35.79
2025-05-07,3,31.74,34.57,32.72
2025-05-07,4,31.5,33.91,32.5
2025-05-07,5,32.13,34.21,32.91
2025-05-07,6,37.37,38.29,37.76
2025-05-07,7,48.02,49.01,48.38
2025-05-07,8,37.14,37.62,37.34
2025-05-07,9,26.42,26.49,27.01
2025-05-07,10,22.88,23.09,23.28
2025-05-07,11,22.27,22.41,23.66
2025-05-07,12,22.06,21.45,23.49
2025-05-07,13,25.03,23.11,27.35
2025-05-07,14,30.21,23.97,31.91
2025-05-07,15,37.5,22.89,33.29
2025-05-07,16,36.11,24.47,33.63
2025-05-07,17,37.38,25.96,34.11
2025-05-07,18,35.99,26.63,30.63
2025-05-07,19,48.77,40.88,41.97
2025-05-07,20,84.87,80.01,80.4
2025-05-07,21,97.62,95.76,92.32
2025-05-07,22,71.71,71.44,70.52
2025-05-07,23,44.82,44.56,44.24
2025-05-07,24,32.27,31.98,32.25
2025-05-08,1,30.21,31,30.33
2025-05-08,2,28.99,29.25,28.71
2025-05-08,3,27.1,26.92,26.68
2025-05-08,4,26.75,26.29,26
2025-05-08,5,26.75,26.57,26.1
2025-05-08,6,28.27,27.96,27.99
2025-05-08,7,34.04,33.05,33.31
2025-05-08,8,27.59,27.02,26.5
2025-05-08,9,20.64,20.29,19.99
2025-05-08,10,19.44,20.02,20.41
2025-05-08,11,19.52,21.18,22.48
2025-05-08,12,20.14,22.02,24.4
2025-05-08,13,21.37,20.79,26.25
2025-05-08,14,25.47,25.17,34.04
2025-05-08,15,26.08,23.97,33.36
2025-05-08,16,29.55,25.04,38.41
2025-05-08,17,35.35,29.56,41.76
2025-05-08,18,38.74,36.59,40.79
2025-05-08,19,53.96,48.01,48.35
2025-05-08,20,69.27,67.92,66.99
2025-05-08,21,92.3,92.41,91.06
2025-05-08,22,73.94,74.32,73.18
2025-05-08,23,55.16,55.83,54.82
2025-05-08,24,42.15,43.53,42.17
2025-05-09,1,39.9,42.87,40.11
2025-05-09,2,34.9,38.41,35.33
2025-05-09,3,29.71,33.17,30.44
2025-05-09,4,26.96,30,27.7
2025-05-09,5,26.2,28.9,26.82
2025-05-09,6,27.55,29.95,28.01
2025-05-09,7,29.75,31.44,29.96
2025-05-09,8,24.79,25.4,24.82
2025-05-09,9,19.74,20.72,20.8
2025-05-09,10,13.72,16.96,16.99
2025-05-09,11,10.33,16.14,16.98
2025-05-09,12,8.98,14.93,16.26
2025-05-09,13,10.38,14.01,16.35
2025-05-09,14,14.82,15.91,19.43
2025-05-09,15,19.1,17.5,22.78
2025-05-09,16,25.75,18.92,25.64
2025-05-09,17,30.31,19.79,26
2025-05-09,18,30.62,22.49,26.54
2025-05-09,19,33.86,25.62,27.29
2025-05-09,20,50.29,47.96,48.11
2025-05-09,21,59.08,58.89,58.92
2025-05-09,22,53.9,54.09,53.73
2025-05-09,23,44.36,44.92,44.09
2025-05-09,24,39.06,40.1,38.46
2025-05-10,1,40.18,41.76,40
2025-05-10,2,35.98,38.01,35.96
2025-05-10,3,30.35,32.47,31.03
2025-05-10,4,25.86,27.8,26.49
2025-05-10,5,24.68,26.45,25.11
2025-05-10,6,24.82,26.33,25.08
2025-05-10,7,24.79,25.35,24.62
2025-05-10,8,22.7,22.63,22.23
2025-05-10,9,13.92,13.86,13.72
2025-05-10,10,9.13,14.42,14.32
2025-05-10,11,7.58,13.3,14.09
2025-05-10,12,6.09,11.16,13.23
2025-05-10,13,5.76,10.12,14.38
2025-05-10,14,8.94,13.7,17.58
2025-05-10,15,10.84,12.82,17.79
2025-05-10,16,23.74,16.49,18.55
2025-05-10,17,22.56,20,21.49
2025-05-10,18,26.04,19.12,22.46
2025-05-10,19,25.46,18.85,20.29
2025-05-10,20,35.68,33.84,33.78
2025-05-10,21,50.24,49.07,48.72
2025-05-10,22,46.48,45.49,45.17
2025-05-10,23,46.63,46.79,46.36
2025-05-10,24,37.92,38.41,38.07
2025-05-11,1,33.12,34.67,33.07
2025-05-11,2,33.29,35.32,33.29
2025-05-11,3,32.97,35.91,33.07
2025-05-11,4,32.4,35.82,32.38
2025-05-11,5,31.54,35.84,32.11
2025-05-11,6,29.8,33.91,29.82
2025-05-11,7,27.73,30.37,28.03
2025-05-11,8,24.04,24.7,24.15
2025-05-11,9,19.82,20.02,19.76
2025-05-11,10,17.61,19.27,18.69
2025-05-11,11,14.79,17.3,17.17
2025-05-11,12,12.84,16.64,16.27
2025-05-11,13,11.65,16.38,16.27
2025-05-11,14,13.84,19.39,19.34
2025-05-11,15,15.82,21.34,21.63
2025-05-11,16,18.35,21.55,21.92
2025-05-11,17,20.05,21.09,22
2025-05-11,18,24.47,23.86,24.36
2025-05-11,19,30.36,29.64,29.37
2025-05-11,20,63.33,62.44,62.2
2025-05-11,21,79.73,76.81,73.4
2025-05-11,22,66.58,63.98,62.63
2025-05-11,23,47.79,45.43,45.51
2025-05-11,24,36.1,35.22,35.41
2025-05-12,1,30.47,28.57,29.78
2025-05-12,2,28.48,27.45,27.85
2025-05-12,3,27.28,26.54,26.67
2025-05-12,4,27,26.69,26.53
2025-05-12,5,27.33,27.56,26.96
2025-05-12,6,32.46,31.4,31.79
2025-05-12,7,33.97,32.38,33.27
2025-05-12,8,26.3,24.48,25.6
2025-05-12,9,17.2,16.97,17.51
2025-05-12,10,12.35,16.85,17.2
2025-05-12,11,13.57,18.77,18.87
2025-05-12,12,15.36,20.7,20.44
2025-05-12,13,18.24,21.62,20.56
2025-05-12,14,23.2,24.51,24
2025-05-12,15,32.35,26.12,25.42
2025-05-12,16,43.07,30.5,32.15
2025-05-12,17,46.35,33.12,33.49
2025-05-12,18,55.96,31.51,35.67
2025-05-12,19,70.34,50.1,50.91
2025-05-12,20,98.2,87.33,84.98
2025-05-12,21,87.26,87.46,84.26
2025-05-12,22,37.03,40.77,36.87
2025-05-12,23,26.11,35.31,27.78
2025-05-12,24,23.14,33.18,25
2025-05-13,1,19.1,28.09,20.45
2025-05-13,2,15.35,22.76,16.26
2025-05-13,3,14.42,20.96,15.02
2025-05-13,4,13.56,20.44,14.2
2025-05-13,5,15.57,21.26,16.09
2025-05-13,6,17.69,20.41,17.52
2025-05-13,7,18.48,22.25,18.67
2025-05-13,8,16.17,20.74,16.65
2025-05-13,9,7.75,15.74,12.44
2025-05-13,10,6.86,18.04,17
2025-05-13,11,12.02,23.33,21.75
2025-05-13,12,23.46,27.94,27.53
2025-05-13,13,42.74,23.52,39.91
2025-05-13,14,42.84,30.72,43.7
2025-05-13,15,73.15,36.52,49.87
2025-05-13,16,107.79,43.09,59.99
2025-05-13,17,167.76,56.23,76.96
2025-05-13,18,175.9,59.88,79.29
2025-05-13,19,218.27,63.67,83.91
2025-05-13,20,242.62,124.43,111.68
2025-05-13,21,185.64,146.85,130.71
2025-05-13,22,101.04,87.24,79.62
2025-05-13,23,56.61,52.58,49.7
2025-05-13,24,32.95,29.02,29.27
2025-05-14,1,26.72,22.5,24.81
2025-05-14,2,24.07,18.94,21.69
2025-05-14,3,22.71,18.13,20.64
2025-05-14,4,22.58,18.05,20.78
2025-05-14,5,21.78,17.35,19.93
2025-05-14,6,23.79,19.18,21.6
2025-05-14,7,23.19,19.2,22.21
2025-05-14,8,20.1,17.99,20.24
2025-05-14,9,15.57,17.39,20.2
2025-05-14,10,14.68,17.17,22.47
2025-05-14,11,24.26,20.03,29.76
2025-05-14,12,34.93,30.79,41.1
2025-05-14,13,51.68,39.19,52.88
2025-05-14,14,98.85,53.48,71.72
2025-05-14,15,175.75,60.51,99.92
2025-05-14,16,229.39,82.61,130.27
2025-05-14,17,260.12,87.83,131.37
2025-05-14,18,278.78,109.64,148.5
2025-05-14,19,252.76,121.37,130.33
2025-05-14,20,271.79,193.67,159
2025-05-14,21,203.49,182.65,150.03
2025-05-14,22,100.45,96,85.69
2025-05-14,23,60.08,56.3,54.12
2025-05-14,24,40.09,35.01,36.65
2025-05-15,1,33.88,26.22,30.24
2025-05-15,2,28.95,22.32,25.95
2025-05-15,3,26.42,20.29,23.59
2025-05-15,4,25.65,20.76,23.33
2025-05-15,5,25.81,21.6,23.54
2025-05-15,6,26.41,22.84,24.38
2025-05-15,7,25.94,23.68,24.42
2025-05-15,8,23.84,22.82,22.92
2025-05-15,9,20.53,21.38,22.02
2025-05-15,10,17.93,21.94,25.15
2025-05-15,11,18.12,23.59,29.85
2025-05-15,12,22.43,29.29,37.39
2025-05-15,13,31.12,37.24,50.98
2025-05-15,14,44.34,44.44,65.12
2025-05-15,15,62.54,49.06,77.96
2025-05-15,16,94.37,64.21,104.28
2025-05-15,17,145.35,75.16,115.08
2025-05-15,18,114.85,85.74,111.86
2025-05-15,19,153.2,124.42,127.91
2025-05-15,20,245.34,227.06,209.63
2025-05-15,21,207.62,201.57,187.83
2025-05-15,22,117.72,112.19,106.56
2025-05-15,23,70,64.94,63.24
2025-05-15,24,38.28,35,35.61
2025-05-16,1,25.07,21.49,23
2025-05-16,2,23.12,18.94,21.02
2025-05-16,3,22.29,18.59,20.38
2025-05-16,4,22.36,18.53,20.39
2025-05-16,5,23.51,19.29,21.31
2025-05-16,6,26.68,22.02,24.43
2025-05-16,7,26.37,22.58,24.65
2025-05-16,8,24.78,22.56,23.72
2025-05-16,9,20.93,20.15,20.58
2025-05-16,10,17.07,19.45,21.57
2025-05-16,11,16.56,21.2,25.09
2025-05-16,12,17.45,23.01,27.75
2025-05-16,13,20.77,26.43,34.22
2025-05-16,14,28.67,29.55,38.92
2025-05-16,15,39.43,34.68,47.62
2025-05-16,16,57.83,42.09,60.63
2025-05-16,17,62.59,53.37,68.46
2025-05-16,18,74.46,67.8,75.48
2025-05-16,19,104.33,100.02,94.74
2025-05-16,20,204.93,196.92,183.87
2025-05-16,21,182.03,175,163.58
2025-05-16,22,100.67,96.23,91.77
2025-05-16,23,79.13,75,72.59
2025-05-16,24,42.93,39.74,39.74
2025-05-17,1,30.59,25.84,28.41
2025-05-17,2,26.22,22.16,24.47
2025-05-17,3,24.97,20.86,23.37
2025-05-17,4,24.32,20.74,22.98
2025-05-17,5,22.66,19.26,21.44
2025-05-17,6,23.51,20.47,22.46
2025-05-17,7,23.83,21.46,23
2025-05-17,8,21.73,20,21.09
2025-05-17,9,21.1,20,20.63
2025-05-17,10,18.77,19.31,19.93
2025-05-17,11,18.38,20.84,23.02
2025-05-17,12,19.61,22.42,27.5
2025-05-17,13,25.27,24.64,35.51
2025-05-17,14,30.63,25.65,42.78
2025-05-17,15,35.86,25.09,44.28
2025-05-17,16,42.86,26.7,54.97
2025-05-17,17,40.93,25.22,53
2025-05-17,18,43,28.12,50.68
2025-05-17,19,38.14,31.93,37.32
2025-05-17,20,49.95,44.95,46.54
2025-05-17,21,48.81,44.22,46.51
2025-05-17,22,37.15,33.32,35.31
2025-05-17,23,31.21,28.27,29.92
2025-05-17,24,26,23.37,24.89
2025-05-18,1,23.52,21.71,22.97
2025-05-18,2,22.48,20.74,21.83
2025-05-18,3,22.71,20.86,22.04
2025-05-18,4,22.81,20.22,21.79
2025-05-18,5,22.33,19.44,21.12
2025-05-18,6,23.23,20.38,22.09
2025-05-18,7,20.52,18.2,19.5
2025-05-18,8,19.22,17.49,18.55
2025-05-18,9,16.14,16.03,17.17
2025-05-18,10,13.89,15.91,18.35
2025-05-18,11,11.71,16.6,23.63
2025-05-18,12,12.12,17.67,27.23
2025-05-18,13,17.79,20.49,37.81
2025-05-18,14,20.76,22.7,39.89
2025-05-18,15,27.95,23.35,45.26
2025-05-18,16,28.18,24.98,56.95
2025-05-18,17,35.62,28.33,60.38
2025-05-18,18,34.57,23.44,43.95
2025-05-18,19,35.11,27.28,41.41
2025-05-18,20,41.06,33.76,40.09
2025-05-18,21,44.58,38.85,41.82
2025-05-18,22,34.27,28.82,31.7
2025-05-18,23,29.2,24.05,27.13
2025-05-18,24,26.49,21.9,25.22
2025-05-19,1,24.25,21.37,23.32
2025-05-19,2,22.76,20.29,21.91
2025-05-19,3,22.28,19.67,21.28
2025-05-19,4,22.29,20.6,21.56
2025-05-19,5,24.48,22.33,23.52
2025-05-19,6,27.71,26.14,26.86
2025-05-19,7,30.1,28.68,29.43
2025-05-19,8,26.98,25.99,26.53
2025-05-19,9,22.6,22.62,23.83
2025-05-19,10,17.76,21.02,25.75
2025-05-19,11,16.57,22.54,29.73
2025-05-19,12,16.49,23.18,33.75
2025-05-19,13,20.35,22.12,38.9
2025-05-19,14,31.85,20.78,42.74
2025-05-19,15,38.32,21.37,52.79
2025-05-19,16,49.17,23.37,59.13
2025-05-19,17,60.86,21.15,57.77
2025-05-19,18,64.26,22.31,56.69
2025-05-19,19,65.14,24.3,50.97
2025-05-19,20,56.71,29.81,44.53
2025-05-19,21,48.37,42.73,45.79
2025-05-19,22,49.03,45.53,46.62
2025-05-19,23,45.62,42.49,43.71
2025-05-19,24,33.81,30.76,32.15
2025-05-20,1,28.88,25.15,27.19
2025-05-20,2,25.83,22.67,24.56
2025-05-20,3,22.49,20.08,21.7
2025-05-20,4,20.67,18.58,20.03
2025-05-20,5,20.51,18.55,20.04
2025-05-20,6,22.67,20.63,22.01
2025-05-20,7,30.97,28.6,30.77
2025-05-20,8,23.79,22.35,23.37
2025-05-20,9,19.93,16.63,22.47
2025-05-20,10,19.14,14.88,26.18
2025-05-20,11,20.53,16.75,30.09
2025-05-20,12,23.73,20.82,34.73
2025-05-20,13,30.36,24.38,43.55
2025-05-20,14,52.43,34.71,65.81
2025-05-20,15,58.82,33.24,72.43
2025-05-20,16,76.94,37.08,80.81
2025-05-20,17,85.83,45.42,96.47
2025-05-20,18,94.01,50.45,92.84
2025-05-20,19,172.84,150.46,167.47
2025-05-20,20,542.58,538.06,537.08
2025-05-20,21,528.63,525.5,526.72
2025-05-20,22,190.89,183.9,188.41
2025-05-20,23,58.49,53.69,56.82
2025-05-20,24,28.82,24.06,27.21
2025-05-21,1,23.33,19.11,22.14
2025-05-21,2,21.77,17.26,20.55
2025-05-21,3,20.51,16.01,19.36
2025-05-21,4,18.82,14.85,17.67
2025-05-21,5,19.52,15.44,18.23
2025-05-21,6,20.64,17.23,19.55
2025-05-21,7,24.81,21.55,23.84
2025-05-21,8,21.05,19.09,20.4
2025-05-21,9,17.09,14.25,16.46
2025-05-21,10,18.95,9.34,17.47
2025-05-21,11,19.37,9.67,18.54
2025-05-21,12,21.84,13,24.75
2025-05-21,13,26.89,17.27,30.36
2025-05-21,14,34.4,21.46,39
2025-05-21,15,29.41,24.38,43.91
2025-05-21,16,41.3,26.28,49.76
2025-05-21,17,57.88,31.59,54.05
2025-05-21,18,55.01,42.93,52.53
2025-05-21,19,68.01,61.5,64.86
2025-05-21,20,101.74,100.19,100.33
2025-05-21,21,102.38,99.89,101.13
2025-05-21,22,45.06,42.09,44.14
2025-05-21,23,30.24,26.29,29.36
2025-05-21,24,24.99,22.66,24.4
2025-05-22,1,21.58,19.21,21.47
2025-05-22,2,19.65,17.31,19.5
2025-05-22,3,18.28,16.09,18.16
2025-05-22,4,18.39,16.32,18.27
2025-05-22,5,19.49,17.93,19.25
2025-05-22,6,22.29,20.87,21.89
2025-05-22,7,25.97,24.96,25.65
2025-05-22,8,23.32,22.81,23.2
2025-05-22,9,18.38,17.94,18.62
2025-05-22,10,19.61,15.23,18.44
2025-05-22,11,23.39,18.23,23.25
2025-05-22,12,30.27,22.01,29.31
2025-05-22,13,33.32,24.65,33.5
2025-05-22,14,47.74,27.22,40.5
2025-05-22,15,45.93,29.08,43.7
2025-05-22,16,65.3,32.35,49.38
2025-05-22,17,67.94,30.1,47.44
2025-05-22,18,64.9,31.9,45.69
2025-05-22,19,59.94,40.28,46.96
2025-05-22,20,60.92,57.02,57.97
2025-05-22,21,58.95,54.72,56.6
2025-05-22,22,44.61,39.76,42.69
2025-05-22,23,31.1,27.36,29.68
2025-05-22,24,27.11,24.43,26.12
2025-05-23,1,27.06,25.63,26.52
2025-05-23,2,25.13,23.93,24.73
2025-05-23,3,23.92,23.12,23.61
2025-05-23,4,23.32,22.57,23.04
2025-05-23,5,23.55,22.85,23.3
2025-05-23,6,26.94,26.3,26.74
2025-05-23,7,28.36,27.91,28.35
2025-05-23,8,23.21,22.83,23.26
2025-05-23,9,18.02,16,17.93
2025-05-23,10,14.78,11.55,17.27
2025-05-23,11,15.51,13.4,21.89
2025-05-23,12,18.14,14.98,26.61
2025-05-23,13,20.44,17.76,32.12
2025-05-23,14,32.05,17.95,38
2025-05-23,15,38.56,21.49,41.68
2025-05-23,16,45.13,23.41,44.75
2025-05-23,17,50.79,24.96,46.34
2025-05-23,18,42.78,27.44,39.8
2025-05-23,19,48.24,32.09,36.31
2025-05-23,20,60.54,56.15,56.11
2025-05-23,21,55.79,53.32,53.86
2025-05-23,22,41.68,38.5,39.92
2025-05-23,23,31.06,28.26,29.79
2025-05-23,24,27.65,24.97,26.59
2025-05-24,1,25.52,23.72,25.04
2025-05-24,2,23.64,21.91,23.35
2025-05-24,3,22.07,20.79,22.05
2025-05-24,4,21.74,19.7,21.55
2025-05-24,5,22.06,20,21.86
2025-05-24,6,22.59,20.74,22.45
2025-05-24,7,23.5,21.91,23.2
2025-05-24,8,20.49,18.83,20.16
2025-05-24,9,16.28,15.77,16.94
2025-05-24,10,10.87,14.48,17.76
2025-05-24,11,11.34,17.72,25.91
2025-05-24,12,15.38,21.51,33.77
2025-05-24,13,18.81,24.19,36.9
2025-05-24,14,28.33,25.78,43.18
2025-05-24,15,35.63,29.51,47.61
2025-05-24,16,45.46,30.81,50.85
2025-05-24,17,56.47,33.52,51.77
2025-05-24,18,51.75,34.04,47.28
2025-05-24,19,58.05,43.32,48.49
2025-05-24,20,73.12,70.48,69.15
2025-05-24,21,59.22,57.12,56.72
2025-05-24,22,44.39,41.29,42.07
2025-05-24,23,36.98,34.71,35.5
2025-05-24,24,27.58,25.71,26.39
2025-05-25,1,29.38,27.94,28.29
2025-05-25,2,27.35,26.35,26.65
2025-05-25,3,26.99,26,26.39
2025-05-25,4,23.74,23.04,23.37
2025-05-25,5,22.19,21.68,21.94
2025-05-25,6,22.12,21.63,21.84
2025-05-25,7,23.01,22.68,22.71
2025-05-25,8,21.39,21.17,21.11
2025-05-25,9,16.08,17.36,18.86
2025-05-25,10,13.09,17.24,20.64
2025-05-25,11,11.67,19.38,26.1
2025-05-25,12,14.73,23.1,33.8
2025-05-25,13,17.7,27.06,39.93
2025-05-25,14,29.21,30.96,47.99
2025-05-25,15,41.1,32.9,52.27
2025-05-25,16,52.66,34.69,56.57
2025-05-25,17,64.03,37.35,59.05
2025-05-25,18,61.34,42.54,57.22
2025-05-25,19,67.58,54.69,59.19
2025-05-25,20,66.74,64.63,62.78
2025-05-25,21,69.87,67.76,67.26
2025-05-25,22,47.03,45.07,45.08
2025-05-25,23,34.03,33.06,33.01
2025-05-25,24,27.45,26.2,26.6
2025-05-26,1,32.64,31.82,31.62
2025-05-26,2,30.67,30.01,29.6
2025-05-26,3,29.65,29.11,28.7
2025-05-26,4,30.25,29.76,29.44
2025-05-26,5,30.61,30.02,29.68
2025-05-26,6,31.39,30.89,30.8
2025-05-26,7,31.78,31.39,31.19
2025-05-26,8,29.82,29.6,29.25
2025-05-26,9,26.65,26.73,26.51
2025-05-26,10,22.29,24.76,26.24
2025-05-26,11,22.08,26.85,30.2
2025-05-26,12,22.29,28.37,34.33
2025-05-26,13,24.58,31.03,39.29
2025-05-26,14,33.74,32.19,44.46
2025-05-26,15,43.99,34.49,50.48
2025-05-26,16,50.06,32.59,50.41
2025-05-26,17,57.51,36.14,53.36
2025-05-26,18,51.36,37.6,47.45
2025-05-26,19,47.7,41.83,43.61
2025-05-26,20,59.92,58.95,57.85
2025-05-26,21,56.82,55.84,54.94
2025-05-26,22,48.88,47.89,47.27
2025-05-26,23,36.99,36.21,35.6
2025-05-26,24,31.52,30.88,30.57
2025-05-27,1,36.89,36.24,36.03
2025-05-27,2,31.43,30.74,30.66
2025-05-27,3,30.6,30.19,30
2025-05-27,4,31.04,29.94,30.25
2025-05-27,5,31.72,32.04,31.4
2025-05-27,6,33.08,33.81,32.99
2025-05-27,7,40,40.82,39.88
2025-05-27,8,31.99,32.06,31.66
2025-05-27,9,27.83,27.7,27.53
2025-05-27,10,25.18,25.68,25.8
2025-05-27,11,22.23,25.43,27.73
2025-05-27,12,21.6,25.99,29.24
2025-05-27,13,23.88,28.7,32.5
2025-05-27,14,29.89,30.36,36
2025-05-27,15,37.17,31.54,38.91
2025-05-27,16,44.06,34.59,41.67
2025-05-27,17,47.52,37.78,43.97
2025-05-27,18,44.66,42.01,43.34
2025-05-27,19,57.38,57.25,56.38
2025-05-27,20,79.53,79.27,78.03
2025-05-27,21,75.81,75.39,74.65
2025-05-27,22,65.95,65.23,64.88
2025-05-27,23,50.61,49.52,49.84
2025-05-27,24,39.08,37.29,38.31
2025-05-28,1,39.45,38.33,39.03
2025-05-28,2,32.48,31.93,32.27
2025-05-28,3,30.16,30,30.19
2025-05-28,4,29.91,30.2,30.1
2025-05-28,5,31.35,32.27,31.72
2025-05-28,6,35.73,36.85,36.16
2025-05-28,7,42.44,44.01,42.89
2025-05-28,8,40.1,40.57,40.22
2025-05-28,9,41.82,41.85,41.81
2025-05-28,10,33.35,33.38,33.42
2025-05-28,11,30.01,30.47,30.82
2025-05-28,12,29.84,29.54,30.2
2025-05-28,13,29.02,29.01,30.06
2025-05-28,14,33.06,30.73,32.03
2025-05-28,15,31.44,30.82,31.78
2025-05-28,16,33.46,31.02,32.3
2025-05-28,17,34.81,29.9,31.88
2025-05-28,18,39.86,33.15,35.55
2025-05-28,19,42.62,37.16,39.32
2025-05-28,20,46.1,43.46,45.06
2025-05-28,21,52.61,49.71,51.38
2025-05-28,22,44.59,41.5,43.35
2025-05-28,23,31.48,28.7,30.41
2025-05-28,24,27.38,25.22,26.56
2025-05-29,1,22.05,20.35,21.44
2025-05-29,2,21.47,20.43,21.09
2025-05-29,3,21.15,20.95,21.1
2025-05-29,4,21.81,21.68,21.79
2025-05-29,5,23.07,23.11,23.13
2025-05-29,6,26.52,26.64,26.61
2025-05-29,7,36.18,36.23,36.24
2025-05-29,8,32.71,32.5,32.65
2025-05-29,9,25.59,25.52,25.56
2025-05-29,10,25.64,25.62,25.76
2025-05-29,11,26.15,26.01,26.56
2025-05-29,12,32.5,27.84,30.32
2025-05-29,13,39.13,29.11,32.93
2025-05-29,14,46.7,31.96,38.45
2025-05-29,15,37.52,34.28,40.52
2025-05-29,16,44.12,36.03,43.16
2025-05-29,17,45.64,37.13,42.56
2025-05-29,18,43.03,35.82,39.66
2025-05-29,19,46.57,44.43,44.76
2025-05-29,20,71.43,70.09,69.98
2025-05-29,21,59.93,58.34,58.31
2025-05-29,22,45.26,44.01,44.4
2025-05-29,23,36.2,34.96,35.62
2025-05-29,24,34.62,33.62,34.26
2025-05-30,1,33.18,32.31,32.85
2025-05-30,2,31.41,30.75,31.18
2025-05-30,3,28.99,28.66,28.9
2025-05-30,4,27.65,27.73,27.75
2025-05-30,5,28.5,28.86,28.74
2025-05-30,6,30.75,31.23,31.04
2025-05-30,7,36.94,37.21,37.12
2025-05-30,8,34.77,34.94,34.86
2025-05-30,9,32.83,32.93,32.88
2025-05-30,10,30.55,29.91,30.17
2025-05-30,11,31.23,30.21,31.11
2025-05-30,12,36.93,32.07,35.63
2025-05-30,13,41.88,30.71,38.59
2025-05-30,14,48.77,31.3,43.35
2025-05-30,15,49.76,34.73,44.63
2025-05-30,16,58.22,38.06,47.51
2025-05-30,17,62.1,40.01,47.85
2025-05-30,18,65.11,52.21,56.35
2025-05-30,19,75.32,67.12,68.71
2025-05-30,20,91.8,90.89,90.46
2025-05-30,21,90.23,87.94,88.39
2025-05-30,22,75,73.27,73.93
2025-05-30,23,56.72,53.5,55.5
2025-05-30,24,42.43,39.98,41.52
2025-05-31,1,34.71,32.61,33.97
2025-05-31,2,31.07,29.67,30.61
2025-05-31,3,29.74,28.88,29.53
2025-05-31,4,28.31,27.36,28.06
2025-05-31,5,26.99,26.25,26.81
2025-05-31,6,25.45,24.35,25.14
2025-05-31,7,27.48,26.69,27.23
2025-05-31,8,22.85,22.29,22.62
2025-05-31,9,19.68,19.33,19.35
2025-05-31,10,18.75,18.26,18.48
2025-05-31,11,19.61,18.13,19.82
2025-05-31,12,20.96,18.48,21.22
2025-05-31,13,23.33,21.32,24
2025-05-31,14,26.38,23.74,27.84
2025-05-31,15,30.33,27.25,31.53
2025-05-31,16,35.11,31.25,35.33
2025-05-31,17,38.01,33.15,37.13
2025-05-31,18,39.6,37.73,39.68
2025-05-31,19,57.3,56.18,56.92
2025-05-31,20,88.38,87.76,87.8
2025-05-31,21,97.48,96.01,96.63
2025-05-31,22,58.81,57.35,58.2
2025-05-31,23,34.61,33.21,34.07
2025-05-31,24,27.91,26.42,27.37
2025-06-01,1,24.97,24.36,24.77
2025-06-01,2,22.88,22.61,22.82
2025-06-01,3,21.56,21.38,21.53
2025-06-01,4,21.26,21.1,21.27
2025-06-01,5,21.2,21.15,21.23
2025-06-01,6,21.3,21.5,21.44
2025-06-01,7,22.71,22.89,22.83
2025-06-01,8,19.8,19.75,19.79
2025-06-01,9,15.79,15.79,15.8
2025-06-01,10,15.54,15.59,16.05
2025-06-01,11,17.29,17.53,18.74
2025-06-01,12,21.5,21.23,23.75
2025-06-01,13,25.42,23.71,27.7
2025-06-01,14,30.28,26.7,31.95
2025-06-01,15,38.3,30.89,36.68
2025-06-01,16,42.32,33.49,40
2025-06-01,17,46.68,37.15,44.1
2025-06-01,18,49.57,42.18,46.55
2025-06-01,19,54.68,51.49,51.27
2025-06-01,20,92.86,90.01,87.2
2025-06-01,21,85.74,82.32,80.79
2025-06-01,22,50.93,47.9,48.57
2025-06-01,23,34.83,32.58,33.69
2025-06-01,24,28.7,26.72,27.81
2025-06-02,1,23.89,22.94,23.57
2025-06-02,2,21.34,20.89,21.21
2025-06-02,3,21.09,20.88,21.05
2025-06-02,4,20.58,20.48,20.58
2025-06-02,5,20.68,20.65,20.71
2025-06-02,6,22.73,22.78,22.79
2025-06-02,7,23.28,23.21,23.28
2025-06-02,8,20.63,20.54,20.72
2025-06-02,9,16.15,15.97,17.17
2025-06-02,10,15.2,14.73,18.78
2025-06-02,11,15.76,16.1,22.73
2025-06-02,12,20.28,16.19,26.96
2025-06-02,13,23.95,20.55,34.35
2025-06-02,14,33.8,21.04,45.62
2025-06-02,15,39.81,20.61,50.16
2025-06-02,16,50.94,21.22,56.08
2025-06-02,17,54.8,21.39,50.13
2025-06-02,18,56.6,23.27,43.05
2025-06-02,19,46.1,28.95,38
2025-06-02,20,56.18,52.68,52.34
2025-06-02,21,66.43,64.33,64.04
2025-06-02,22,49.98,47.91,48.26
2025-06-02,23,34.35,32.54,33.35
2025-06-02,24,27.41,25.63,26.75
2025-06-03,1,31.25,28.86,30.26
2025-06-03,2,29.42,27.49,28.65
2025-06-03,3,27.27,25.39,26.53
2025-06-03,4,27.26,25.41,26.53
2025-06-03,5,26.36,24.33,25.58
2025-06-03,6,28.82,26.78,27.99
2025-06-03,7,27.96,25.96,27.16
2025-06-03,8,22.48,21.32,22.02
2025-06-03,9,18.17,17.84,19.09
2025-06-03,10,15.61,15.97,19.29
2025-06-03,11,16.99,18.29,27.27
2025-06-03,12,20.17,20.44,29.97
2025-06-03,13,22.73,22.87,36.54
2025-06-03,14,23.58,25.49,47.35
2025-06-03,15,31.12,24.52,45.82
2025-06-03,16,36.7,26.1,45.78
2025-06-03,17,39.72,26.48,44.23
2025-06-03,18,36.77,28.07,38.03
2025-06-03,19,39.68,31.93,36.85
2025-06-03,20,65.03,58.56,59.58
2025-06-03,21,71.31,63.72,66.04
2025-06-03,22,50.06,44.24,46.86
2025-06-03,23,42.1,37.34,39.78
2025-06-03,24,36.39,32.67,34.58
2025-06-04,1,24.58,22.93,23.98
2025-06-04,2,21.76,20.8,21.33
2025-06-04,3,21,20.32,20.73
2025-06-04,4,22.37,21.96,22.16
2025-06-04,5,23.69,23.33,23.47
2025-06-04,6,25.83,25.54,25.63
2025-06-04,7,28.9,28.58,28.69
2025-06-04,8,29.75,29.52,29.58
2025-06-04,9,28.16,27.95,27.99
2025-06-04,10,26.73,26.72,27.32
2025-06-04,11,30.43,30.91,32.67
2025-06-04,12,33.08,33.24,36.2
2025-06-04,13,35.02,33.98,40.4
2025-06-04,14,41.04,34.62,42.92
2025-06-04,15,49.68,35.96,47
2025-06-04,16,64.2,40.44,54.74
2025-06-04,17,67.59,39.8,55.41
2025-06-04,18,73.2,49.41,58.81
2025-06-04,19,79.45,61.73,61.62
2025-06-04,20,82.32,70.28,69.1
2025-06-04,21,85.37,75.84,75.36
2025-06-04,22,60.77,57.79,57.43
2025-06-04,23,40.75,39.59,39.56
2025-06-04,24,31.75,30.99,31.14
2025-06-05,1,27.56,27.06,27.28
2025-06-05,2,25.79,25.4,25.59
2025-06-05,3,24.69,24.59,24.62
2025-06-05,4,24.63,24.64,24.61
2025-06-05,5,25.53,25.5,25.53
2025-06-05,6,28.06,27.96,28.04
2025-06-05,7,30.06,29.93,30.02
2025-06-05,8,25,24.71,24.9
2025-06-05,9,20.42,20.37,20.4
2025-06-05,10,18.22,18.16,19.91
2025-06-05,11,17.95,17.42,24.21
2025-06-05,12,19.26,16.79,29.43
2025-06-05,13,22.07,17.24,34.07
2025-06-05,14,25.3,19.06,41.43
2025-06-05,15,30.93,20.85,42.64
2025-06-05,16,40.26,23.95,45.09
2025-06-05,17,44.99,26.01,47.25
2025-06-05,18,45.21,29.1,42.92
2025-06-05,19,49.34,41.43,42.85
2025-06-05,20,59.94,57.28,55.19
2025-06-05,21,60.09,58.47,57.31
2025-06-05,22,47.52,46.01,46.13
2025-06-05,23,34.19,33.4,33.61
2025-06-05,24,26.23,25.36,25.75
2025-06-06,1,25.98,25.52,25.7
2025-06-06,2,24.12,24.03,24.04
2025-06-06,3,22.51,22.54,22.49
2025-06-06,4,22.1,22.15,22.13
2025-06-06,5,22.84,22.93,22.89
2025-06-06,6,26.36,26.44,26.41
2025-06-06,7,28,28.07,28.04
2025-06-06,8,24.02,24.05,24.07
2025-06-06,9,17.69,17.67,18.66
2025-06-06,10,15.45,15.78,19.48
2025-06-06,11,16.29,17.59,28.31
2025-06-06,12,18.75,20.53,34.97
2025-06-06,13,24.5,24.23,40.1
2025-06-06,14,31.56,27.8,47.98
2025-06-06,15,35.4,30.09,51.81
2025-06-06,16,43.41,30.43,60.04
2025-06-06,17,51.15,30.87,58.09
2025-06-06,18,47.14,32.41,50.03
2025-06-06,19,53.18,46.26,50.39
2025-06-06,20,86.99,83.69,78.11
2025-06-06,21,77.97,76.31,72.53
2025-06-06,22,54.87,54.32,52.64
2025-06-06,23,38.57,38.46,37.79
2025-06-06,24,29.01,29,28.71
2025-06-07,1,35.56,35.34,35.09
2025-06-07,2,29.1,28.93,28.8
2025-06-07,3,26.77,26.78,26.63
2025-06-07,4,25.29,25.34,25.25
2025-06-07,5,24.77,24.79,24.75
2025-06-07,6,23.72,23.74,23.72
2025-06-07,7,24.2,24.23,24.17
2025-06-07,8,21.79,21.79,21.75
2025-06-07,9,15.61,16.73,17.93
2025-06-07,10,12.87,16.75,23.44
2025-06-07,11,14.72,19.94,34.08
2025-06-07,12,18.45,24.96,40.64
2025-06-07,13,21.78,30.38,47.8
2025-06-07,14,28.92,37.46,55.8
2025-06-07,15,45.35,43.27,61.71
2025-06-07,16,56.35,46.69,64.83
2025-06-07,17,68.08,49.86,63.34
2025-06-07,18,63.79,52.72,58.84
2025-06-07,19,92.72,82.73,73.77
2025-06-07,20,181.48,175.51,159.05
2025-06-07,21,203.81,198,181.49
2025-06-07,22,122.66,119.91,112.02
2025-06-07,23,67.54,66.86,64.22
2025-06-07,24,49.23,49.01,47.45
2025-06-08,1,37.66,37.65,36.76
2025-06-08,2,32.77,32.75,32.02
2025-06-08,3,29.72,30.01,29.27
2025-06-08,4,28.26,28.78,28.07
2025-06-08,5,27.99,28.3,27.78
2025-06-08,6,26.91,27.4,26.78
2025-06-08,7,28.48,28.86,28.21
2025-06-08,8,23.21,23.22,23.12
2025-06-08,9,17.18,17.8,18.51
2025-06-08,10,15.69,18.22,20.63
2025-06-08,11,16.81,21.39,27.95
2025-06-08,12,18.62,24.4,37.09
2025-06-08,13,21.07,26.9,46.82
2025-06-08,14,28.97,30.2,52.91
2025-06-08,15,38.57,34.35,63.11
2025-06-08,16,46.33,31.46,62.42
2025-06-08,17,51.53,30.55,62.47
2025-06-08,18,53.25,30.34,52.95
2025-06-08,19,57.11,37.57,46.07
2025-06-08,20,88.28,82.02,78.44
2025-06-08,21,92.51,88.49,84.67
2025-06-08,22,61.34,60.17,58.75
2025-06-08,23,35.77,35.4,34.9
2025-06-08,24,28.87,28.64,28.35
2025-06-09,1,28.56,28.75,28.07
2025-06-09,2,26.26,26.6,25.81
2025-06-09,3,27.06,27.44,26.73
2025-06-09,4,26.51,26.92,26.28
2025-06-09,5,26.15,26.51,26
2025-06-09,6,28.57,28.97,28.42
2025-06-09,7,29.28,29.67,29.2
2025-06-09,8,25.31,25.25,25.1
2025-06-09,9,20.96,20.95,20.81
2025-06-09,10,20.72,21.67,23
2025-06-09,11,20.81,22.45,29.26
2025-06-09,12,20.98,23.07,36.64
2025-06-09,13,24.02,23.99,46.87
2025-06-09,14,29.06,26.38,51.98
2025-06-09,15,40.56,30.66,56.29
2025-06-09,16,48.76,33.85,52.77
2025-06-09,17,52.14,35.62,54.33
2025-06-09,18,57.3,42.47,51.65
2025-06-09,19,67.65,54.84,51.86
2025-06-09,20,106.28,102.1,94.36
2025-06-09,21,106.1,103.49,97.31
2025-06-09,22,108.13,106.02,100.76
2025-06-09,23,74.63,73.91,71.45
2025-06-09,24,56.82,56.6,55.2
2025-06-10,1,39.35,39.41,38.88
2025-06-10,2,32.91,33.49,32.88
2025-06-10,3,30.34,31,30.4
2025-06-10,4,29.48,30.37,29.62
2025-06-10,5,31.46,32.37,31.7
2025-06-10,6,37.79,38.73,37.93
2025-06-10,7,35.51,36.25,35.54
2025-06-10,8,28.81,29.28,28.89
2025-06-10,9,22.28,22.38,22.29
2025-06-10,10,21.72,21.77,21.76
2025-06-10,11,22.82,22.67,23.81
2025-06-10,12,22.81,23.03,27.79
2025-06-10,13,25.66,24.7,31.45
2025-06-10,14,25.58,26.12,34.37
2025-06-10,15,28.44,28.3,35.18
2025-06-10,16,28.8,30.11,35.13
2025-06-10,17,32.61,33.53,36.5
2025-06-10,18,37.21,38.26,38.91
2025-06-10,19,53.98,54.02,50.6
2025-06-10,20,79.54,77.51,72
2025-06-10,21,73.45,73.21,69.84
2025-06-10,22,54.67,54.14,52.85
2025-06-10,23,46.7,45.97,45.35
2025-06-10,24,34.96,34.74,34.5
2025-06-11,1,35.69,36.18,35.58
2025-06-11,2,31.84,32.61,32.11
2025-06-11,3,28.77,30.02,29.31
2025-06-11,4,29.24,30.77,29.92
2025-06-11,5,30.99,32.53,31.67
2025-06-11,6,35.73,37.38,36.31
2025-06-11,7,37.3,38.89,37.6
2025-06-11,8,33.78,34.61,33.78
2025-06-11,9,31.89,32.41,31.84
2025-06-11,10,30.44,30.46,30.18
2025-06-11,11,26.34,27.22,27.95
2025-06-11,12,23.28,25.42,27.93
2025-06-11,13,21.91,24.45,28.12
2025-06-11,14,21.59,25.15,29.58
2025-06-11,15,23.49,26.66,30.79
2025-06-11,16,24.81,27.72,31.46
2025-06-11,17,24.92,27.22,29.63
2025-06-11,18,30.6,31.98,33.16
2025-06-11,19,41.92,41.6,40.26
2025-06-11,20,50.67,49.82,48.33
2025-06-11,21,60.69,59.4,58.37
2025-06-11,22,49.69,48.51,48.13
2025-06-11,23,37.76,37.06,37.01
2025-06-11,24,30.12,29.7,29.61
2025-06-12,1,33.25,34.27,33.37
2025-06-12,2,32.06,34.16,32.51
2025-06-12,3,30.21,32.37,30.79
2025-06-12,4,31.07,33.41,31.73
2025-06-12,5,32.36,35.03,33.1
2025-06-12,6,36.28,39.12,37
2025-06-12,7,40.83,42.72,41.27
2025-06-12,8,38.32,39.72,38.45
2025-06-12,9,31.45,31.55,31.4
2025-06-12,10,28.23,28.35,28.17
2025-06-12,11,24.78,25.21,25.29
2025-06-12,12,23.48,24.55,25.57
2025-06-12,13,23.91,24.98,27.19
2025-06-12,14,23.72,24.23,28.11
2025-06-12,15,26.24,27.03,28.65
2025-06-12,16,28.47,28.58,30.36
2025-06-12,17,34.98,33.7,35.27
2025-06-12,18,35.04,34.76,35.05
2025-06-12,19,39.81,39.33,39.19
2025-06-12,20,63.46,62.02,61.61
2025-06-12,21,65.75,63.79,63.25
2025-06-12,22,45.19,43.79,44.25
2025-06-12,23,36.64,35.38,35.9
2025-06-12,24,30.53,29.71,30.06
2025-06-13,1,25.45,24.03,24.94
2025-06-13,2,23.22,22.12,22.83
2025-06-13,3,21.58,20.74,21.28
2025-06-13,4,20.84,20.23,20.61
2025-06-13,5,22.03,21.7,21.88
2025-06-13,6,24.85,24.69,24.77
2025-06-13,7,29.76,29.54,29.61
2025-06-13,8,26.56,26.39,26.44
2025-06-13,9,19.86,19.85,19.92
2025-06-13,10,18.44,19.45,20.59
2025-06-13,11,18.43,20.33,22.82
2025-06-13,12,19.08,21.77,27.72
2025-06-13,13,23.06,24.59,31.48
2025-06-13,14,26.64,25.77,34.03
2025-06-13,15,35.97,30.47,36.32
2025-06-13,16,40.52,30.57,37.29
2025-06-13,17,40.7,32.66,38.44
2025-06-13,18,41.35,36.03,38.86
2025-06-13,19,42.15,38.89,39.45
2025-06-13,20,64.49,63.68,62.77
2025-06-13,21,68.52,66.59,66.4
2025-06-13,22,52.04,49.93,50.64
2025-06-13,23,37.06,35.16,36.08
2025-06-13,24,29.18,27.44,28.42
2025-06-14,1,28.55,26.68,27.85
2025-06-14,2,26.73,25.05,26.12
2025-06-14,3,25.48,24.27,25.05
2025-06-14,4,23.48,22.62,23.19
2025-06-14,5,22.02,21.31,21.78
2025-06-14,6,23.47,22.92,23.29
2025-06-14,7,24.25,23.95,24.15
2025-06-14,8,21.8,21.58,21.72
2025-06-14,9,17.5,17.45,17.48
2025-06-14,10,15.89,16,16.18
2025-06-14,11,16.32,17.26,18.58
2025-06-14,12,18.17,19.7,21.57
2025-06-14,13,21.4,23.97,26.88
2025-06-14,14,24.17,25.41,29.3
2025-06-14,15,27.73,26.11,30.2
2025-06-14,16,30.18,24.09,28.8
2025-06-14,17,31.72,25.89,29.69
2025-06-14,18,31.9,27.22,29.64
2025-06-14,19,37.1,31.6,33.48
2025-06-14,20,52.41,50.29,50.33
2025-06-14,21,62.1,59.18,60.08
2025-06-14,22,50.13,46.24,48.28
2025-06-14,23,35.1,31.63,33.76
2025-06-14,24,26.76,23.74,25.67
2025-06-15,1,26.04,22.61,24.81
2025-06-15,2,23.31,20.39,22.27
2025-06-15,3,21.86,19.69,21.11
2025-06-15,4,21.06,19.44,20.51
2025-06-15,5,21.47,20.56,21.17
2025-06-15,6,22.21,21.66,22.03
2025-06-15,7,21.07,20.63,20.93
2025-06-15,8,19.49,19.19,19.38
2025-06-15,9,15.04,14.86,14.97
2025-06-15,10,13.8,13.48,13.89
2025-06-15,11,15.92,15.43,17.2
2025-06-15,12,18.2,17.91,20.38
2025-06-15,13,19.06,19.27,20.3
2025-06-15,14,25.5,23.51,25.07
2025-06-15,15,24.98,22.15,23.96
2025-06-15,16,29.62,23.02,26.06
2025-06-15,17,31.03,25.28,27.16
2025-06-15,18,33.37,30.08,30.72
2025-06-15,19,39.83,36.6,37.01
2025-06-15,20,63.15,61.29,60.3
2025-06-15,21,68.81,65.76,66.43
2025-06-15,22,46.97,43.06,45.05
2025-06-15,23,33.46,29.31,31.77
2025-06-15,24,26.32,23.13,25.1
2025-06-16,1,31.59,29.83,30.92
2025-06-16,2,28.2,27.37,27.9
2025-06-16,3,25.84,25.46,25.72
2025-06-16,4,24.69,24.62,24.69
2025-06-16,5,27.89,27.9,27.92
2025-06-16,6,34.27,34.35,34.33
2025-06-16,7,31.03,30.97,31.03
2025-06-16,8,26.5,26.39,26.46
2025-06-16,9,18.97,18.95,18.96
2025-06-16,10,17.6,17.6,17.6
2025-06-16,11,20.95,20.98,21.27
2025-06-16,12,24.34,24.38,25.33
2025-06-16,13,27.02,26.74,28.83
2025-06-16,14,31.38,29.84,33.17
2025-06-16,15,41.62,30.85,35.46
2025-06-16,16,47.8,30.47,36.83
2025-06-16,17,52.62,27.95,35.69
2025-06-16,18,55.88,27.69,35.78
2025-06-16,19,57.49,31.01,37.28
2025-06-16,20,71.51,55.18,58.4
2025-06-16,21,67.97,62.67,62.79
2025-06-16,22,46.92,41.49,43.68
2025-06-16,23,34.32,29.5,32.25
2025-06-16,24,25.74,21.66,24.24
2025-06-17,1,23.7,20.35,22.69
2025-06-17,2,20.76,18.49,20.22
2025-06-17,3,19.8,17.29,19.16
2025-06-17,4,18.75,16.65,18.28
2025-06-17,5,18.44,16.52,18.14
2025-06-17,6,20.13,18.55,19.88
2025-06-17,7,20.68,18.57,20.13
2025-06-17,8,19.11,18.03,19.03
2025-06-17,9,13.07,11.77,13.69
2025-06-17,10,12.09,11.06,13.8
2025-06-17,11,13.51,13.84,19.95
2025-06-17,12,16.35,16,26.42
2025-06-17,13,20.64,20.94,30.53
2025-06-17,14,24.09,20.35,33.43
2025-06-17,15,28.75,22.04,34.79
2025-06-17,16,30.84,21.91,39.83
2025-06-17,17,43.25,22.12,37.8
2025-06-17,18,37.37,23.64,33.38
2025-06-17,19,40.92,30.72,34.32
2025-06-17,20,44.57,40.6,39.79
2025-06-17,21,48.97,47.75,45.85
2025-06-17,22,41.26,39.22,39.03
2025-06-17,23,31.4,29.6,30.35
2025-06-17,24,25.3,23.66,24.62
2025-06-18,1,24.34,22.47,23.78
2025-06-18,2,21.69,20.7,21.47
2025-06-18,3,18.49,18.44,18.64
2025-06-18,4,18.98,19.49,19.1
2025-06-18,5,20.44,20.75,20.26
2025-06-18,6,23.63,23.64,23.37
2025-06-18,7,26.88,26.75,26.39
2025-06-18,8,24.16,23.78,23.64
2025-06-18,9,17.38,17.83,19.01
2025-06-18,10,15.25,17.06,20.4
2025-06-18,11,15.91,17.98,25.89
2025-06-18,12,17.37,20.08,33
2025-06-18,13,19.39,22.18,38.8
2025-06-18,14,29.53,26.31,42.59
2025-06-18,15,31.07,30.67,42.71
2025-06-18,16,34.52,31.35,41.57
2025-06-18,17,36.93,32.72,40.25
2025-06-18,18,39.58,34.97,38.11
2025-06-18,19,49.79,44.14,40.42
2025-06-18,20,117.9,112.69,104.48
2025-06-18,21,132.77,128.2,119.81
2025-06-18,22,82.33,80.15,76.21
2025-06-18,23,55.14,54.11,52.17
2025-06-18,24,35.08,34.77,34.1
2025-06-19,1,31.68,30.97,30.75
2025-06-19,2,26.74,26.55,26.48
2025-06-19,3,24.09,23.97,23.97
2025-06-19,4,23.21,23.2,23.22
2025-06-19,5,25.22,25.34,25.28
2025-06-19,6,28.63,28.8,28.75
2025-06-19,7,31.38,31.59,31.48
2025-06-19,8,26.83,26.77,26.9
2025-06-19,9,20.19,20.24,21.08
2025-06-19,10,19.5,20.57,22.98
2025-06-19,11,20.47,22.75,28.62
2025-06-19,12,23.3,26.46,35.67
2025-06-19,13,28.89,30.87,44.21
2025-06-19,14,35.63,35.09,50.49
2025-06-19,15,38.84,36.05,49.19
2025-06-19,16,39.15,33.97,47.12
2025-06-19,17,40.76,34.17,46.76
2025-06-19,18,39.28,34.37,42.03
2025-06-19,19,40.75,37.46,39.82
2025-06-19,20,72.34,68.69,66.72
2025-06-19,21,88.86,84.37,84.22
2025-06-19,22,65.29,61.15,62.41
2025-06-19,23,40.32,37.02,38.9
2025-06-19,24,30.58,27.5,29.42
2025-06-20,1,27.31,24.33,26.3
2025-06-20,2,25.99,23.84,25.33
2025-06-20,3,25.47,23.39,24.87
2025-06-20,4,24.75,22.39,24.06
2025-06-20,5,25.61,23.17,24.91
2025-06-20,6,26.9,24.68,26.25
2025-06-20,7,24.91,22.81,24.22
2025-06-20,8,23.04,21.19,22.49
2025-06-20,9,18.4,16.27,18.1
2025-06-20,10,17.56,14.51,19.47
2025-06-20,11,19.3,16.13,24.31
2025-06-20,12,21.57,19.09,36.48
2025-06-20,13,25.1,22.56,41.98
2025-06-20,14,27.08,24.45,46.97
2025-06-20,15,29.7,24.24,44.92
2025-06-20,16,30.29,24.1,46
2025-06-20,17,32.27,24.03,43.9
2025-06-20,18,31.73,25.6,39.49
2025-06-20,19,30.21,27.16,36.06
2025-06-20,20,47.55,44.12,45.77
2025-06-20,21,44.89,42.16,43.25
2025-06-20,22,39.95,37.24,38.54
2025-06-20,23,37.23,35.38,36.7
2025-06-20,24,28.34,26.35,27.77
2025-06-21,1,27.19,26.05,27.11
2025-06-21,2,25.06,24.28,25.11
2025-06-21,3,23.52,23.38,23.89
2025-06-21,4,22.6,22.24,22.85
2025-06-21,5,22.92,23.19,23.47
2025-06-21,6,23.09,23.07,23.53
2025-06-21,7,21.67,22.06,22.22
2025-06-21,8,19.62,19.82,20.12
2025-06-21,9,15.79,14.65,16.61
2025-06-21,10,14.88,13.91,18.42
2025-06-21,11,15.93,16.38,24.48
2025-06-21,12,18.22,21.49,35.01
2025-06-21,13,21.29,26.27,43.07
2025-06-21,14,23.74,27.04,53.04
2025-06-21,15,23.78,25.12,43.26
2025-06-21,16,25.98,25.49,45.46
2025-06-21,17,26.18,25.17,38.7
2025-06-21,18,25.16,25.84,34.83
2025-06-21,19,25.92,27.61,30.97
2025-06-21,20,35.36,39.98,35.72
2025-06-21,21,36.82,40.86,37.31
2025-06-21,22,37.2,39.74,37.6
2025-06-21,23,32.23,31.98,32.32
2025-06-21,24,27.61,26.86,27.58
2025-06-22,1,27.39,26.97,27.65
2025-06-22,2,25.13,24.95,25.53
2025-06-22,3,23.43,23.34,23.88
2025-06-22,4,22.3,22.44,22.84
2025-06-22,5,21.85,22.44,22.59
2025-06-22,6,21.2,21.58,21.86
2025-06-22,7,20.89,21.54,21.68
2025-06-22,8,17.78,17.96,18.3
2025-06-22,9,15.84,15.48,16.75
2025-06-22,10,14.58,14.39,16.91
2025-06-22,11,15.96,17.71,21.89
2025-06-22,12,18.1,22.25,30.08
2025-06-22,13,21.62,27.97,36.85
2025-06-22,14,26.94,27.69,37.97
2025-06-22,15,29.01,28.28,38.76
2025-06-22,16,30.55,28.26,39.64
2025-06-22,17,31.23,29.17,39.43
2025-06-22,18,25.45,26.19,34.24
2025-06-22,19,30.63,32.37,35.48
2025-06-22,20,45.31,51.7,45.88
2025-06-22,21,50.35,52.94,48.97
2025-06-22,22,43.81,44.11,42.72
2025-06-22,23,36.65,34.83,35.68
2025-06-22,24,28.59,25.98,27.7
2025-06-23,1,23.32,22.37,23.1
2025-06-23,2,22.72,22.02,22.69
2025-06-23,3,21.73,21.18,21.79
2025-06-23,4,21.28,20.6,21.3
2025-06-23,5,23.54,22.24,23.22
2025-06-23,6,26.38,24.99,25.99
2025-06-23,7,28.06,27.13,27.84
2025-06-23,8,23.24,22.27,22.97
2025-06-23,9,18.43,17.39,18.63
2025-06-23,10,17,16.28,18.74
2025-06-23,11,17.47,18.32,22.78
2025-06-23,12,17.94,21.48,27.28
2025-06-23,13,21.61,27.26,37.66
2025-06-23,14,27.92,29.17,40.27
2025-06-23,15,26.54,28.99,40.65
2025-06-23,16,30.33,26.53,41.64
2025-06-23,17,31.98,27.71,38.27
2025-06-23,18,32.06,26.79,35.73
2025-06-23,19,38.86,34.71,36.16
2025-06-23,20,60.39,58.44,54.61
2025-06-23,21,60.22,60.23,59.06
2025-06-23,22,53.85,54.12,54.21
2025-06-23,23,43.78,42.97,43.56
2025-06-23,24,34.61,34.01,34.82
2025-06-24,1,25.32,23.99,26.15
2025-06-24,2,23.49,21.98,23.48
2025-06-24,3,22.29,20.98,22.17
2025-06-24,4,22.76,21.53,22.62
2025-06-24,5,23.72,22.58,23.36
2025-06-24,6,28.07,27.3,27.86
2025-06-24,7,31.07,30.32,30.8
2025-06-24,8,25.05,24.39,24.81
2025-06-24,9,19.36,18.76,19.51
2025-06-24,10,16.99,16.57,18.03
2025-06-24,11,17.28,17.22,20.4
2025-06-24,12,19.64,19.46,26.42
2025-06-24,13,23.36,23.32,33.43
2025-06-24,14,28.6,26.29,35.54
2025-06-24,15,33.54,27.81,37.62
2025-06-24,16,30.72,28.17,35.75
2025-06-24,17,30.34,29.15,33.86
2025-06-24,18,30.83,29.07,34.36
2025-06-24,19,31.68,33.23,33.65
2025-06-24,20,56.8,57.84,57.33
2025-06-24,21,69.42,67.82,69.19
2025-06-24,22,59.67,57.54,59.19
2025-06-24,23,40.46,38.12,39.54
2025-06-24,24,30.58,28.46,29.97
2025-06-25,1,24.79,23.48,24.66
2025-06-25,2,22.52,21.11,22.18
2025-06-25,3,22.12,20.82,21.74
2025-06-25,4,22.96,21.69,22.49
2025-06-25,5,23.71,22.6,23.31
2025-06-25,6,27.36,26.57,27.08
2025-06-25,7,29.97,29.12,29.7
2025-06-25,8,25.2,24.45,24.93
2025-06-25,9,18.65,18.3,18.53
2025-06-25,10,17.15,15.62,16.54
2025-06-25,11,18.84,16.3,18.18
2025-06-25,12,21.48,19.03,21.49
2025-06-25,13,25.55,23.5,26.87
2025-06-25,14,30.48,27.68,29.79
2025-06-25,15,33.23,30.14,32.26
2025-06-25,16,31.78,31.01,32.81
2025-06-25,17,33.19,34.24,34.69
2025-06-25,18,32.06,31.84,32.37
2025-06-25,19,40.2,39.37,39.32
2025-06-25,20,58.43,57.32,57.35
2025-06-25,21,62.76,61.73,62.82
2025-06-25,22,52.04,51.21,52.09
2025-06-25,23,36.9,36.29,37.09
2025-06-25,24,29.24,28.83,29.66
2025-06-26,1,21.41,20.58,21.29
2025-06-26,2,20.73,20.19,20.71
2025-06-26,3,19.38,18.91,19.34
2025-06-26,4,19.42,19.04,19.4
2025-06-26,5,20.51,20.26,20.51
2025-06-26,6,22.64,22.51,22.67
2025-06-26,7,23.49,23.1,23.4
2025-06-26,8,23.07,22.26,22.49
2025-06-26,9,19.52,18.04,18.34
2025-06-26,10,19.59,17.11,17.64
2025-06-26,11,21.16,18.3,19.97
2025-06-26,12,24.14,20.96,23.93
2025-06-26,13,31.62,24.82,30.76
2025-06-26,14,36.61,30.87,34.75
2025-06-26,15,30.92,33.15,35.26
2025-06-26,16,32.17,35.53,38.22
2025-06-26,17,33.22,35.5,37.87
2025-06-26,18,34.78,34.98,35.72
2025-06-26,19,41.43,41.05,40.27
2025-06-26,20,55.01,53.84,52.46
2025-06-26,21,61.78,60.99,59.83
2025-06-26,22,53.65,53.2,52.6
2025-06-26,23,37.55,37.54,37.67
2025-06-26,24,29.83,30.01,30.05
2025-06-27,1,25.12,25.12,25.38
2025-06-27,2,22.9,22.87,23.04
2025-06-27,3,21.63,21.68,21.78
2025-06-27,4,21.5,21.59,21.67
2025-06-27,5,21.75,21.95,21.94
2025-06-27,6,22.22,22.4,22.39
2025-06-27,7,24.81,24.96,24.95
2025-06-27,8,21.39,21.26,21.36
2025-06-27,9,17.85,17.05,17.28
2025-06-27,10,18.1,15.63,16.8
2025-06-27,11,19.99,17.86,20.36
2025-06-27,12,26.64,21.7,25.38
2025-06-27,13,33.06,26.44,32.27
2025-06-27,14,40.71,31.65,39.34
2025-06-27,15,30.43,30.98,34.2
2025-06-27,16,30.94,32.32,36.29
2025-06-27,17,32.5,31.75,36.19
2025-06-27,18,34.42,31.84,35.45
2025-06-27,19,40.97,39.5,39.68
2025-06-27,20,62.04,60.39,58.61
2025-06-27,21,72.24,70.81,69.21
2025-06-27,22,54.16,53.21,52.88
2025-06-27,23,38.67,38.12,38.42
2025-06-27,24,30.26,29.7,30.1
2025-06-28,1,27.78,27.36,27.68
2025-06-28,2,24.94,24.5,24.93
2025-06-28,3,23.26,23.09,23.25
2025-06-28,4,21.92,21.9,21.99
2025-06-28,5,21.37,21.41,21.46
2025-06-28,6,21.29,21.21,21.3
2025-06-28,7,21.03,20.79,20.96
2025-06-28,8,18.45,18.14,18.33
2025-06-28,9,13.92,13.31,13.72
2025-06-28,10,12.8,11.79,13.51
2025-06-28,11,16.7,15.77,18.14
2025-06-28,12,20.13,20.05,23.09
2025-06-28,13,23.55,22.2,27.98
2025-06-28,14,26.84,25.06,29.97
2025-06-28,15,27.37,26.45,30.58
2025-06-28,16,24.94,27.81,31.57
2025-06-28,17,26.77,29.08,31.61
2025-06-28,18,28.99,29.85,32.6
2025-06-28,19,34.37,34.07,34.75
2025-06-28,20,60.52,58.8,57.71
2025-06-28,21,70.89,69.01,67.49
2025-06-28,22,48.09,46.44,46.46
2025-06-28,23,33.17,31.45,32.57
2025-06-28,24,29.05,27.71,28.62
2025-06-29,1,25.56,25.07,25.44
2025-06-29,2,22.81,22.16,22.66
2025-06-29,3,21.23,20.85,21.13
2025-06-29,4,20.95,20.81,20.96
2025-06-29,5,20.88,20.73,20.86
2025-06-29,6,20.81,20.48,20.71
2025-06-29,7,21.11,20.58,20.92
2025-06-29,8,19.18,18.9,19.07
2025-06-29,9,15.35,15.14,15.24
2025-06-29,10,14.79,14.24,14.55
2025-06-29,11,17.34,17.75,17.79
2025-06-29,12,19.74,20.38,21.26
2025-06-29,13,21.81,23.09,23.93
2025-06-29,14,23.88,24.93,25.84
2025-06-29,15,23.47,27.6,26.46
2025-06-29,16,24.09,28.51,26.69
2025-06-29,17,25.55,30.7,27.65
2025-06-29,18,30.29,32.43,29.79
2025-06-29,19,37.96,38.22,35.69
2025-06-29,20,57.43,57.51,54.17
2025-06-29,21,67.82,67.55,64.94
2025-06-29,22,52.01,51.9,50.53
2025-06-29,23,33.2,33.19,33.15
2025-06-29,24,27.42,27.65,27.57
2025-06-30,1,24.23,24.33,24.48
2025-06-30,2,22.33,22.5,22.55
2025-06-30,3,21.08,21.33,21.32
2025-06-30,4,21.24,21.44,21.41
2025-06-30,5,22.13,22.36,22.27
2025-06-30,6,24.8,25.06,24.96
2025-06-30,7,27.95,28.22,28.11
2025-06-30,8,23.85,24,23.95
2025-06-30,9,20.11,20.08,20.04
2025-06-30,10,18.63,19.56,19.97
2025-06-30,11,19.5,22.11,23.33
2025-06-30,12,21.2,25.53,26.94
2025-06-30,13,24.85,31.47,32.7
2025-06-30,14,32.51,39.84,39.68
2025-06-30,15,31.71,39.19,37.95
2025-06-30,16,32.06,40.69,38.32
2025-06-30,17,40.81,46.59,46.47
2025-06-30,18,43.7,46.96,45.39
2025-06-30,19,58.42,60.32,54.63
2025-06-30,20,121.41,121.11,112.28
2025-06-30,21,95.22,95.12,92.27
2025-06-30,22,78.87,78.1,76.42
2025-06-30,23,55.41,55.85,55.36
2025-06-30,24,44.09,45.28,44.49
2025-07-01,1,34.78,36.21,35.39
2025-07-01,2,35.17,36.78,35.89
2025-07-01,3,32.28,34.15,33.1
2025-07-01,4,28.27,30.36,29.2
2025-07-01,5,29.32,31.66,30.35
2025-07-01,6,32.09,34.77,33.17
2025-07-01,7,35.55,38.54,36.67
2025-07-01,8,28.88,30.28,29.1
2025-07-01,9,25.18,25.41,25.15
2025-07-01,10,25.12,25.42,25.22
2025-07-01,11,24.3,26.23,26.86
2025-07-01,12,25.76,29.6,30.2
2025-07-01,13,27.99,33.75,35.56
2025-07-01,14,32.37,40.43,41.54
2025-07-01,15,37.22,44.64,45.07
2025-07-01,16,43.06,46.99,48.2
2025-07-01,17,43.57,48.14,47.47
2025-07-01,18,46.71,48.61,46
2025-07-01,19,60.61,60.99,55.98
2025-07-01,20,126.3,119.52,110.84
2025-07-01,21,112.07,110.77,106.45
2025-07-01,22,91.54,90.49,85.95
2025-07-01,23,61.78,62.19,61.1
2025-07-01,24,46.84,47.95,46.91
2025-07-02,1,37.17,39.54,38.01
2025-07-02,2,33.57,35.77,34.37
2025-07-02,3,32.36,34.77,33.26
2025-07-02,4,29.32,32.04,30.38
2025-07-02,5,30.17,33.66,31.64
2025-07-02,6,31.72,34.68,32.93
2025-07-02,7,36.68,40,37.74
2025-07-02,8,32.52,34.4,32.94
2025-07-02,9,30.9,31.63,30.76
2025-07-02,10,29.5,29.95,29.77
2025-07-02,11,27.43,29.47,30.07
2025-07-02,12,29.47,31.76,34.05
2025-07-02,13,29.2,31.97,34.88
2025-07-02,14,34.1,38.37,40.25
2025-07-02,15,31.4,37.54,39.53
2025-07-02,16,39.58,41.16,43
2025-07-02,17,39.07,40.57,40.53
2025-07-02,18,42.88,42.24,41.66
2025-07-02,19,51.58,50.83,48.51
2025-07-02,20,66.5,65.45,62.34
2025-07-02,21,67.59,65.72,63.65
2025-07-02,22,60.1,60.11,57.19
2025-07-02,23,42.88,42.7,41.97
2025-07-02,24,35.35,35.52,35
2025-07-03,1,35.09,33.97,34.24
2025-07-03,2,31.15,30.56,30.63
2025-07-03,3,29.48,29.35,29.16
2025-07-03,4,28.57,28.7,28.53
2025-07-03,5,28.6,29.32,28.77
2025-07-03,6,30.38,30.86,30.48
2025-07-03,7,31.47,32.4,31.52
2025-07-03,8,28.66,29.27,28.14
2025-07-03,9,28.6,28.34,28.49
2025-07-03,10,29.32,29.22,29.84
2025-07-03,11,29.68,31.11,33.23
2025-07-03,12,27.77,30.68,36.12
2025-07-03,13,27.52,33.36,42.35
2025-07-03,14,27.93,34.91,45.63
2025-07-03,15,27.96,35.77,48.6
2025-07-03,16,25.51,35.04,49.08
2025-07-03,17,26.07,35.28,48.25
2025-07-03,18,30.77,37.2,46.04
2025-07-03,19,37.06,37.7,39.62
2025-07-03,20,45.12,43.86,43.65
2025-07-03,21,51.09,49.67,49.26
2025-07-03,22,43.39,42.06,41.95
2025-07-03,23,37.11,35.81,36.23
2025-07-03,24,31.97,31.06,31.26
2025-07-04,1,30.02,29.64,29.59
2025-07-04,2,28.05,27.92,27.71
2025-07-04,3,26.82,26.7,26.56
2025-07-04,4,25.89,26.01,25.73
2025-07-04,5,26.2,26.27,26.15
2025-07-04,6,26.31,26.37,26.32
2025-07-04,7,27.2,27.61,27.21
2025-07-04,8,25.59,25.94,25.6
2025-07-04,9,25.53,25.88,25.47
2025-07-04,10,25.66,25.81,25.41
2025-07-04,11,24.4,26.73,25.69
2025-07-04,12,23.87,26.27,28.73
2025-07-04,13,24.16,27.42,31.01
2025-07-04,14,23.14,26.96,30.66
2025-07-04,15,23.19,27.6,32.69
2025-07-04,16,21.76,25.49,31.31
2025-07-04,17,21.98,25.98,32.08
2025-07-04,18,23.95,25.73,28.7
2025-07-04,19,28.79,28.73,29.61
2025-07-04,20,38.22,37.22,37.19
2025-07-04,21,40.84,39.56,39.89
2025-07-04,22,37.83,36.5,36.93
2025-07-04,23,30.28,28.91,29.58
2025-07-04,24,26.13,24.99,25.58
2025-07-05,1,26.64,26.29,26.08
2025-07-05,2,24.2,24.22,23.88
2025-07-05,3,23.17,23.5,23.11
2025-07-05,4,22.24,22.85,22.35
2025-07-05,5,23.19,24.02,23.44
2025-07-05,6,23.85,24.87,24.22
2025-07-05,7,24.45,25.85,24.86
2025-07-05,8,21.94,23.1,22.37
2025-07-05,9,20.21,20.56,20.22
2025-07-05,10,21.66,22.08,21.5
2025-07-05,11,22.74,24.41,23.44
2025-07-05,12,22.38,24.95,26.64
2025-07-05,13,22.37,27.46,31.78
2025-07-05,14,23.23,27.98,31.72
2025-07-05,15,22.42,27.5,32.45
2025-07-05,16,22.92,27.9,32.67
2025-07-05,17,23.07,28.16,31.66
2025-07-05,18,23.31,26.69,28.69
2025-07-05,19,30.62,31.59,31.89
2025-07-05,20,47.78,46.94,44.53
2025-07-05,21,54.42,53.77,51.61
2025-07-05,22,46.11,45.82,44.12
2025-07-05,23,41.27,41.5,40.32
2025-07-05,24,38.62,39.31,38.08
2025-07-06,1,37.2,38.55,36.99
2025-07-06,2,34.56,36.33,34.72
2025-07-06,3,31.58,33.68,31.97
2025-07-06,4,28.28,30.71,28.81
2025-07-06,5,28.75,31.57,29.5
2025-07-06,6,29.41,32.42,30.26
2025-07-06,7,27.49,31.26,28.55
2025-07-06,8,24.68,27.21,25.48
2025-07-06,9,21.76,22.06,21.79
2025-07-06,10,21.02,21.3,20.96
2025-07-06,11,20.24,21.57,22.09
2025-07-06,12,19.75,22.64,24.56
2025-07-06,13,22.07,26.25,29.46
2025-07-06,14,21.56,26.22,28.8
2025-07-06,15,22.66,27.67,30.21
2025-07-06,16,22.59,27.26,30.11
2025-07-06,17,23.87,28.37,30.13
2025-07-06,18,29.04,32.15,32.89
2025-07-06,19,38.43,38.18,36.6
2025-07-06,20,61.53,59.86,55.44
2025-07-06,21,62.51,61.49,58.49
2025-07-06,22,51.81,50.92,48.71
2025-07-06,23,47.49,47.31,46.41
2025-07-06,24,36.33,36.46,36.02
2025-07-07,1,32,32.42,32.01
2025-07-07,2,28.06,28.86,28.36
2025-07-07,3,26.14,27.67,26.81
2025-07-07,4,26.37,28.01,27.11
2025-07-07,5,26.77,29.4,27.84
2025-07-07,6,29.24,31.99,30.29
2025-07-07,7,35.82,38.08,36.68
2025-07-07,8,29.9,31.05,30.16
2025-07-07,9,25.91,25.95,25.92
2025-07-07,10,23.72,24.1,24.25
2025-07-07,11,24.1,26.06,26.99
2025-07-07,12,26.42,29.88,32.83
2025-07-07,13,28.26,33.89,38.14
2025-07-07,14,31.35,35.83,41.26
2025-07-07,15,31.22,35.31,41.34
2025-07-07,16,30.09,32.92,42.65
2025-07-07,17,29.39,33.2,41.43
2025-07-07,18,31.92,34.06,37.77
2025-07-07,19,39.77,39.99,39.05
2025-07-07,20,59.8,58.68,56
2025-07-07,21,70.74,69.16,66.09
2025-07-07,22,50.03,49.17,48.1
2025-07-07,23,40.46,40.11,39.85
2025-07-07,24,32.13,32.01,31.99
2025-07-08,1,25.87,25.6,25.69
2025-07-08,2,23.23,23.22,23.21
2025-07-08,3,23.33,23.62,23.49
2025-07-08,4,22.95,23.35,23.19
2025-07-08,5,23.36,23.99,23.73
2025-07-08,6,25.77,26.46,26.17
2025-07-08,7,30.12,30.87,30.54
2025-07-08,8,25.4,25.68,25.56
2025-07-08,9,19.85,19.87,19.88
2025-07-08,10,18.15,18.66,18.91
2025-07-08,11,20.92,22.4,23.86
2025-07-08,12,23.26,25.65,29.58
2025-07-08,13,24.65,29.61,35.51
2025-07-08,14,28.8,32.29,43.83
2025-07-08,15,32.77,34.66,42
2025-07-08,16,33.92,34.22,41.98
2025-07-08,17,37.46,37.25,42.17
2025-07-08,18,36.05,36.78,38.41
2025-07-08,19,40.71,40.16,39.39
2025-07-08,20,61.35,60.48,58.34
2025-07-08,21,73.62,72.5,70.33
2025-07-08,22,48.31,47.81,46.85
2025-07-08,23,37.74,37.6,37.45
2025-07-08,24,27.85,28,27.89
2025-07-09,1,23.62,23.88,23.82
2025-07-09,2,25.35,25.58,25.57
2025-07-09,3,23.62,24.13,24.02
2025-07-09,4,23.28,24.11,23.85
2025-07-09,5,24.18,25.13,24.83
2025-07-09,6,27.17,28.29,27.89
2025-07-09,7,27.87,28.8,28.46
2025-07-09,8,24.81,25.35,25.15
2025-07-09,9,21.42,21.41,21.42
2025-07-09,10,21.59,21.76,21.85
2025-07-09,11,21.85,22.76,23.27
2025-07-09,12,23.76,25.26,26.17
2025-07-09,13,27.9,31.03,32.61
2025-07-09,14,31.43,34.39,36.04
2025-07-09,15,32.68,33.94,35.04
2025-07-09,16,35.9,36.72,36.9
2025-07-09,17,34.94,35.72,35.03
2025-07-09,18,35.59,35.91,35.29
2025-07-09,19,40.88,39.98,38.06
2025-07-09,20,55.79,54.58,52.6
2025-07-09,21,52.45,50.58,49.72
2025-07-09,22,39.92,38.21,38.27
2025-07-09,23,31.91,30.2,31.09
2025-07-09,24,26.05,24.76,25.51
2025-07-10,1,25.61,23.97,24.87
2025-07-10,2,23.03,21.7,22.47
2025-07-10,3,22.25,20.92,21.71
2025-07-10,4,21.82,20.69,21.38
2025-07-10,5,21.09,20.55,20.95
2025-07-10,6,22.94,22.37,22.79
2025-07-10,7,25.27,24.71,25.12
2025-07-10,8,21.67,21.27,21.52
2025-07-10,9,17.13,17,17.08
2025-07-10,10,15.61,16.03,16.35
2025-07-10,11,16.86,19.46,19.66
2025-07-10,12,17.92,23.14,24.6
2025-07-10,13,20.45,26.6,30.6
2025-07-10,14,23.74,29.46,34.55
2025-07-10,15,25.6,28.14,34.6
2025-07-10,16,27.45,28.83,35.67
2025-07-10,17,27.48,31.26,36.88
2025-07-10,18,26.3,30.65,33.09
2025-07-10,19,26.44,29.92,31.08
2025-07-10,20,47.58,49.37,45.5
2025-07-10,21,56.71,55.15,53.86
2025-07-10,22,43.95,41.46,41.93
2025-07-10,23,32,31.03,31.14
2025-07-10,24,25.9,24.64,25.21
2025-07-11,1,23.16,22.23,22.67
2025-07-11,2,21.24,20.22,20.88
2025-07-11,3,19.75,19.19,19.67
2025-07-11,4,18.99,18.71,19.06
2025-07-11,5,19.44,19.02,19.51
2025-07-11,6,21.82,21.5,21.72
2025-07-11,7,22.76,22.45,22.54
2025-07-11,8,20.39,20.27,20.23
2025-07-11,9,14.53,14.29,14.39
2025-07-11,10,12.56,13.56,15.07
2025-07-11,11,14.53,18.19,21.31
2025-07-11,12,15.71,19.89,25.17
2025-07-11,13,17.65,23.15,30
2025-07-11,14,19.56,26.64,30.54
2025-07-11,15,23.05,27.12,33.33
2025-07-11,16,22.08,29.1,33.33
2025-07-11,17,24.79,30.08,31.63
2025-07-11,18,24.71,31.13,31.39
2025-07-11,19,28.68,33.19,31.5
2025-07-11,20,44.92,51.33,43.81
2025-07-11,21,55.37,56.86,53.06
2025-07-11,22,42.96,42.59,40.69
2025-07-11,23,36.01,36.16,35.17
2025-07-11,24,26.79,26.41,26.04
2025-07-12,1,27.15,26.86,26.61
2025-07-12,2,25.23,25.04,24.74
2025-07-12,3,24.09,23.93,23.73
2025-07-12,4,23.63,23.7,23.39
2025-07-12,5,24.59,24.77,24.39
2025-07-12,6,26.03,26.24,25.87
2025-07-12,7,25.33,25.61,25.21
2025-07-12,8,24.01,23.97,23.73
2025-07-12,9,20.91,20.76,20.38
2025-07-12,10,18.69,19.74,20.12
2025-07-12,11,20.03,22.29,22.31
2025-07-12,12,22.07,25.9,25.98
2025-07-12,13,24.22,27.9,28.6
2025-07-12,14,27.66,33.17,34.56
2025-07-12,15,33.04,37.75,37.83
2025-07-12,16,34.79,38.92,38.43
2025-07-12,17,37.89,40.52,38.64
2025-07-12,18,45.22,44.91,40.74
2025-07-12,19,52.88,50.13,45.64
2025-07-12,20,70.51,68.27,62.87
2025-07-12,21,72.15,71.11,67.09
2025-07-12,22,60.63,60.42,57.41
2025-07-12,23,43.6,44.27,42.67
2025-07-12,24,39.67,40.4,39.19
2025-07-13,1,44.52,45.28,42.76
2025-07-13,2,36.8,38.03,35.79
2025-07-13,3,32.94,34.5,32.74
2025-07-13,4,29.82,31.36,30.05
2025-07-13,5,28.72,30.33,29.09
2025-07-13,6,28.97,30.68,29.46
2025-07-13,7,28.44,30.62,28.4
2025-07-13,8,27.17,28.56,26.99
2025-07-13,9,25.59,25.69,24.77
2025-07-13,10,25.78,25.72,24.55
2025-07-13,11,25.42,25.53,24.34
2025-07-13,12,25.05,26.63,26.57
2025-07-13,13,28.38,30.32,30.97
2025-07-13,14,31.3,33.27,33.28
2025-07-13,15,34.81,37.65,37.61
2025-07-13,16,36.99,40.27,39.29
2025-07-13,17,42.25,43.18,40.38
2025-07-13,18,49.56,46.65,41.01
2025-07-13,19,65.94,57.17,48.65
2025-07-13,20,88.41,84.01,76.49
2025-07-13,21,85.8,83.19,77.11
2025-07-13,22,71.44,70.26,65.84
2025-07-13,23,51.29,51.7,49.68
2025-07-13,24,41.36,42.31,40.86
2025-07-14,1,30.77,32.25,30.61
2025-07-14,2,30.7,32.52,30.93
2025-07-14,3,28.44,30.18,28.75
2025-07-14,4,29.89,31.89,30.44
2025-07-14,5,31.95,34.13,32.71
2025-07-14,6,35.31,37.46,36.07
2025-07-14,7,40.41,43.03,41.17
2025-07-14,8,38.41,38.75,38.02
2025-07-14,9,31.27,31.3,30.78
2025-07-14,10,29.37,29.27,28.43
2025-07-14,11,29.99,30.37,29.59
2025-07-14,12,33.63,34.42,33.97
2025-07-14,13,41.92,43.06,43.06
2025-07-14,14,43.91,44.78,44.41
2025-07-14,15,45.7,46.33,45.14
2025-07-14,16,50.71,50.38,48.2
2025-07-14,17,53,52.26,48.25
2025-07-14,18,60.22,58.25,52.25
2025-07-14,19,67.4,64.64,57.31
2025-07-14,20,85.87,82.53,74.26
2025-07-14,21,86.81,83.81,77.7
2025-07-14,22,58.93,57.49,55.1
2025-07-14,23,43.63,42.3,41.63
2025-07-14,24,31.13,29.57,29.96
2025-07-15,1,29.92,28.06,28.95
2025-07-15,2,27.27,25.35,26.38
2025-07-15,3,25.44,23.85,24.82
2025-07-15,4,24.99,23.95,24.64
2025-07-15,5,24.63,23.42,24.25
2025-07-15,6,25.57,24.5,25.24
2025-07-15,7,28.38,27.48,28.14
2025-07-15,8,25.19,24.57,25
2025-07-15,9,19.28,19.27,19.43
2025-07-15,10,17.74,18.36,19.29
2025-07-15,11,19.44,19.72,21.76
2025-07-15,12,21.39,23.04,27.66
2025-07-15,13,25.85,27.06,37.28
2025-07-15,14,24.59,29.39,34.64
2025-07-15,15,28.23,31.74,37.81
2025-07-15,16,30.87,33.77,38.89
2025-07-15,17,33.54,38.31,38.79
2025-07-15,18,35.03,41.39,37.24
2025-07-15,19,41.64,46.59,40.29
2025-07-15,20,56.32,57.15,53.4
2025-07-15,21,63.07,61.3,60.77
2025-07-15,22,53.27,51.2,51.38
2025-07-15,23,40.69,38.41,39.16
2025-07-15,24,31.24,29.05,29.98
2025-07-16,1,27.74,25.53,26.61
2025-07-16,2,26.21,24.54,25.4
2025-07-16,3,24.26,22.93,23.6
2025-07-16,4,22.94,21.87,22.44
2025-07-16,5,23.6,22.65,23.2
2025-07-16,6,25.59,24.94,25.32
2025-07-16,7,25.97,25.45,25.74
2025-07-16,8,22.71,22.41,22.5
2025-07-16,9,17.23,17.28,17.42
2025-07-16,10,15.29,15.49,17
2025-07-16,11,16.13,17.93,20.9
2025-07-16,12,19.34,21.54,28.1
2025-07-16,13,23.91,25.75,34.18
2025-07-16,14,24.88,29.83,40.42
2025-07-16,15,26.94,32.57,40.26
2025-07-16,16,28.69,35.95,43.77
2025-07-16,17,36.87,39.16,44.25
2025-07-16,18,38.79,36.78,41.82
2025-07-16,19,43.9,46.38,41.07
2025-07-16,20,61.56,63.95,58.45
2025-07-16,21,77.33,76.86,73.82
2025-07-16,22,57.34,56.67,55.32
2025-07-16,23,43.93,42.28,42.29
2025-07-16,24,37.15,35.66,36.08
2025-07-17,1,28.1,27.32,27.63
2025-07-17,2,25.6,25.02,25.29
2025-07-17,3,23.91,23.6,23.76
2025-07-17,4,23.16,23.01,23.11
2025-07-17,5,24.01,23.83,23.96
2025-07-17,6,26.52,26.43,26.5
2025-07-17,7,30.38,30.47,30.41
2025-07-17,8,23.2,23.18,23.19
2025-07-17,9,18.57,18.57,18.57
2025-07-17,10,18.28,18.45,18.49
2025-07-17,11,20.81,21.42,21.97
2025-07-17,12,23.49,25.13,27.11
2025-07-17,13,27.57,29.21,36.21
2025-07-17,14,32.8,34.32,40.48
2025-07-17,15,35.49,37.68,41.44
2025-07-17,16,39.77,38.46,49
2025-07-17,17,43.41,38.33,51.37
2025-07-17,18,46.73,40.56,43.58
2025-07-17,19,57.62,47.12,43.83
2025-07-17,20,76.89,75.33,69.94
2025-07-17,21,93.85,94.01,90.11
2025-07-17,22,67.86,67.19,65.41
2025-07-17,23,39.67,39.13,38.89
2025-07-17,24,32.26,31.73,31.91
2025-07-18,1,30.73,30.54,30.68
2025-07-18,2,26.86,26.72,26.85
2025-07-18,3,24.27,24.31,24.35
2025-07-18,4,23.64,23.78,23.77
2025-07-18,5,23.15,23.44,23.35
2025-07-18,6,24.68,24.91,24.85
2025-07-18,7,26.83,27.08,27
2025-07-18,8,23.75,23.72,23.76
2025-07-18,9,20.02,20,20.02
2025-07-18,10,19.91,19.05,19.33
2025-07-18,11,22.76,19.95,20.82
2025-07-18,12,25.66,21.99,26.9
2025-07-18,13,29.98,26.54,33.24
2025-07-18,14,33.5,30.6,37.37
2025-07-18,15,37.84,33.72,36.42
2025-07-18,16,43.58,36.17,39.81
2025-07-18,17,48.77,41.85,38.56
2025-07-18,18,45.01,41.85,35.47
2025-07-18,19,50.65,43.05,37.6
2025-07-18,20,55.26,60.68,52.24
2025-07-18,21,62.65,64.65,60.85
2025-07-18,22,46.42,45.45,45.21
2025-07-18,23,37.08,35.98,36.17
2025-07-18,24,30.53,29.16,29.76
2025-07-19,1,25.64,24.09,25.04
2025-07-19,2,23.86,22.37,23.31
2025-07-19,3,22.72,21.54,22.31
2025-07-19,4,21.71,20.78,21.39
2025-07-19,5,20.99,20.21,20.74
2025-07-19,6,21.4,20.75,21.19
2025-07-19,7,21.13,20.55,20.95
2025-07-19,8,19.03,18.73,18.93
2025-07-19,9,14.92,14.95,14.93
2025-07-19,10,14.13,14.61,14.22
2025-07-19,11,16.22,16.81,16.51
2025-07-19,12,18.75,21.38,21.38
2025-07-19,13,21,24.78,25.13
2025-07-19,14,23.35,30.06,27.87
2025-07-19,15,26.55,30.23,29.63
2025-07-19,16,29.59,35.42,33.02
2025-07-19,17,32.92,35.92,30.87
2025-07-19,18,35,38.33,30.65
2025-07-19,19,37.22,40.64,32.86
2025-07-19,20,49.04,54.88,47.46
2025-07-19,21,56.31,58.69,55.73
2025-07-19,22,47.42,48.34,46.66
2025-07-19,23,32.37,32.47,31.93
2025-07-19,24,27.52,26.33,26.78
2025-07-20,1,26.52,24.52,25.48
2025-07-20,2,24.8,23.48,24.07
2025-07-20,3,23.05,21.86,22.49
2025-07-20,4,22.24,21.03,21.8
2025-07-20,5,21.84,20.82,21.5
2025-07-20,6,20.67,19.94,20.43
2025-07-20,7,20.43,19.97,20.29
2025-07-20,8,17.58,17.38,17.53
2025-07-20,9,12.48,11.9,12.27
2025-07-20,10,12.57,11.42,12.1
2025-07-20,11,14.78,16.13,14.81
2025-07-20,12,16.01,20.7,18.98
2025-07-20,13,18.46,25.46,22.99
2025-07-20,14,22.08,28.14,27.15
2025-07-20,15,27.79,30.09,29.04
2025-07-20,16,30.06,33.3,31.73
2025-07-20,17,34.2,39.48,32.33
2025-07-20,18,35.41,43.44,31.66
2025-07-20,19,41.24,49.68,37.38
2025-07-20,20,52.56,63.52,51.9
2025-07-20,21,54.14,57.26,53.2
2025-07-20,22,47.59,48.58,46.33
2025-07-20,23,34.66,34.01,33.71
2025-07-20,24,28.05,26.5,27.04
2025-07-21,1,27.64,25.95,26.81
2025-07-21,2,24.91,23.42,24.17
2025-07-21,3,22.52,21.4,21.98
2025-07-21,4,22.01,21.16,21.58
2025-07-21,5,22.42,22.01,22.17
2025-07-21,6,24.59,24.2,24.35
2025-07-21,7,24.02,23.74,23.84
2025-07-21,8,22.91,22.46,22.66
2025-07-21,9,16.64,15.86,16.27
2025-07-21,10,15.01,13.58,14.31
2025-07-21,11,16.44,16.82,17.71
2025-07-21,12,19.19,20.87,24.96
2025-07-21,13,21.73,26.79,31.45
2025-07-21,14,27.39,30.14,37.6
2025-07-21,15,30.53,31.52,42.57
2025-07-21,16,33.24,32.09,39.12
2025-07-21,17,39.24,32.3,38.9
2025-07-21,18,37.49,34.49,37.35
2025-07-21,19,47.52,45.76,40.2
2025-07-21,20,65.44,72.2,60.88
2025-07-21,21,72.72,73.59,68.31
2025-07-21,22,54.45,53.56,51.83
2025-07-21,23,45.22,43.71,43.96
2025-07-21,24,32.01,30.42,31.19
2025-07-22,1,28.08,25.78,27.19
2025-07-22,2,25.06,23.17,24.33
2025-07-22,3,24.47,22.93,23.91
2025-07-22,4,22.85,21.6,22.39
2025-07-22,5,22.8,21.6,22.37
2025-07-22,6,24.17,23.23,23.84
2025-07-22,7,25.7,24.74,25.37
2025-07-22,8,22.3,21.55,22.04
2025-07-22,9,18.3,17.9,18.13
2025-07-22,10,16.63,15.77,16.49
2025-07-22,11,18.06,17.43,19.57
2025-07-22,12,19.89,20.71,25.15
2025-07-22,13,22.09,26.96,31.17
2025-07-22,14,25.48,29.15,35.2
2025-07-22,15,28.8,28.94,37.02
2025-07-22,16,33.88,32.45,40
2025-07-22,17,34.42,33.72,39.3
2025-07-22,18,37.03,34.43,38.19
2025-07-22,19,42.05,40.05,37.93
2025-07-22,20,61.12,67.47,59.05
2025-07-22,21,62.97,65.08,60.86
2025-07-22,22,57.85,56.61,55.99
2025-07-22,23,40.19,37.91,38.8
2025-07-22,24,32.69,30.73,31.74
2025-07-23,1,29.53,27.83,28.67
2025-07-23,2,27.53,26.11,26.82
2025-07-23,3,25.24,24.08,24.78
2025-07-23,4,23.92,22.93,23.55
2025-07-23,5,23.45,22.65,23.19
2025-07-23,6,25.21,24.45,24.97
2025-07-23,7,25.94,25.19,25.69
2025-07-23,8,22.92,22.54,22.79
2025-07-23,9,17.51,17.4,17.47
2025-07-23,10,15.72,15.02,16.45
2025-07-23,11,15.72,16.5,18.71
2025-07-23,12,17.71,20.3,24.11
2025-07-23,13,21.04,24.56,30.53
2025-07-23,14,26.16,26.41,37.13
2025-07-23,15,30.9,29.5,39.98
2025-07-23,16,35.52,30.66,42.12
2025-07-23,17,35.51,33.48,40.96
2025-07-23,18,32.84,34.85,37.89
2025-07-23,19,38.38,42.49,37.41
2025-07-23,20,67.02,76.83,64.18
2025-07-23,21,78.48,83.37,76.23
2025-07-23,22,53.37,53.96,51.32
2025-07-23,23,41.45,40.24,40.35
2025-07-23,24,31.28,29.31,30.29
2025-07-24,1,25.92,24.04,25.2
2025-07-24,2,23.5,21.84,22.88
2025-07-24,3,22.24,20.9,21.76
2025-07-24,4,21.77,20.59,21.36
2025-07-24,5,21.29,20.35,20.97
2025-07-24,6,21.67,20.98,21.44
2025-07-24,7,24.02,23.44,23.83
2025-07-24,8,21.56,21.27,21.48
2025-07-24,9,16.66,15.79,16.27
2025-07-24,10,16.31,15.1,15.81
2025-07-24,11,18.06,17.45,18.05
2025-07-24,12,25.71,23.97,26.19
2025-07-24,13,35.61,31.21,33
2025-07-24,14,43.88,38.4,41.58
2025-07-24,15,56.71,43.39,49.64
2025-07-24,16,58.74,43.54,49.21
2025-07-24,17,56.44,46.79,49.03
2025-07-24,18,61.11,50.01,50.92
2025-07-24,19,72.46,66.83,60.64
2025-07-24,20,123.83,124.52,114.49
2025-07-24,21,133.26,134.15,127.27
2025-07-24,22,85.49,84.46,82.74
2025-07-24,23,48.61,48.03,47.98
2025-07-24,24,36.42,35.86,36.13
2025-07-25,1,30.33,30.23,30.27
2025-07-25,2,28.66,28.55,28.7
2025-07-25,3,25.68,25.78,25.83
2025-07-25,4,25.95,26.25,26.2
2025-07-25,5,27.94,28.74,28.41
2025-07-25,6,31.66,32.39,32.1
2025-07-25,7,33.96,34.45,34.26
2025-07-25,8,29.65,29.74,29.77
2025-07-25,9,23.74,23.77,23.77
2025-07-25,10,22.18,22.14,22.17
2025-07-25,11,26.01,25.7,25.37
2025-07-25,12,33.62,31.87,30.84
2025-07-25,13,42.04,39.73,38.26
2025-07-25,14,42.6,42.89,39.83
2025-07-25,15,54.65,52.78,46.44
2025-07-25,16,58.93,57.96,48.85
2025-07-25,17,69.49,70.59,57.72
2025-07-25,18,80.01,78.41,65.37
2025-07-25,19,80.96,82.74,71.89
2025-07-25,20,136.39,134.74,120.41
2025-07-25,21,113.01,112.61,105.72
2025-07-25,22,67.49,66.47,63.48
2025-07-25,23,49.06,48.38,47.89
2025-07-25,24,37.55,36.9,37.02
2025-07-26,1,27.88,27.98,27.96
2025-07-26,2,25.2,25.32,25.34
2025-07-26,3,24.36,24.33,24.43
2025-07-26,4,24.44,24.3,24.45
2025-07-26,5,23.98,23.99,24.06
2025-07-26,6,24.05,24.15,24.18
2025-07-26,7,22.1,22.32,22.25
2025-07-26,8,20.21,20.34,20.29
2025-07-26,9,18.72,18.75,18.73
2025-07-26,10,18.73,18.91,18.77
2025-07-26,11,20.24,20.5,20.01
2025-07-26,12,24.92,25.38,24.47
2025-07-26,13,31.49,33.03,30.83
2025-07-26,14,36.82,39.15,35.45
2025-07-26,15,38.83,40.79,35.96
2025-07-26,16,43.84,45.96,39.59
2025-07-26,17,43.75,45.19,39.32
2025-07-26,18,43.58,44.42,38.81
2025-07-26,19,48.24,46.1,42.03
2025-07-26,20,53.35,52.25,48.41
2025-07-26,21,46.18,45.47,44.03
2025-07-26,22,34.6,34.38,33.56
2025-07-26,23,27.9,29.83,27.59
2025-07-26,24,24.16,23.86,23.59
2025-07-27,1,25.21,23.77,23.36
2025-07-27,2,24.3,22.2,22.41
2025-07-27,3,23.73,21.55,21.8
2025-07-27,4,22.95,20.8,21.05
2025-07-27,5,23.6,21.68,21.8
2025-07-27,6,23.45,21.7,21.68
2025-07-27,7,22.94,20.69,19.14
2025-07-27,8,21.22,19.48,18.22
2025-07-27,9,16.66,15.44,14.58
2025-07-27,10,14.76,13.41,12.29
2025-07-27,11,17.24,16.17,14.55
2025-07-27,12,18.57,18.64,17.18
2025-07-27,13,21.78,22.93,20.91
2025-07-27,14,23.11,24.31,21.57
2025-07-27,15,26.22,24.79,21.74
2025-07-27,16,28.71,28.7,23.22
2025-07-27,17,31.96,32.6,24.82
2025-07-27,18,32.99,35.8,26.54
2025-07-27,19,35.96,42.78,31.64
2025-07-27,20,47.99,55,45.24
2025-07-27,21,55.5,54.08,51.73
2025-07-27,22,45.08,42.4,41.86
2025-07-27,23,33.81,31.4,31.49
2025-07-27,24,27.9,25.5,25.96
2025-07-28,1,27.06,24.55,25.84
2025-07-28,2,25.46,22.83,24.15
2025-07-28,3,23.57,21.25,22.44
2025-07-28,4,22.93,20.87,21.88
2025-07-28,5,23.93,22.13,22.94
2025-07-28,6,25.44,24.01,24.96
2025-07-28,7,27.41,26.26,26.93
2025-07-28,8,25.19,24.64,25
2025-07-28,9,17.69,17.63,17.69
2025-07-28,10,17.27,15.87,16.09
2025-07-28,11,18.52,18.12,17.73
2025-07-28,12,23.05,22.3,23.72
2025-07-28,13,31.35,25.23,29.68
2025-07-28,14,35.8,29.44,31.74
2025-07-28,15,36.02,30.42,32.03
2025-07-28,16,37.12,32.51,33.89
2025-07-28,17,38.7,36.89,35.09
2025-07-28,18,38.09,37.72,33.91
2025-07-28,19,44.05,43.74,36.75
2025-07-28,20,75.99,78.03,69.55
2025-07-28,21,94.82,92.9,89.24
2025-07-28,22,58.79,56.92,56.22
2025-07-28,23,44.43,43.19,43.48
2025-07-28,24,34.04,32.08,33.09
2025-07-29,1,26.09,24.15,25.18
2025-07-29,2,24.05,22.26,23.23
2025-07-29,3,22.52,20.75,21.73
2025-07-29,4,21.97,20.48,21.29
2025-07-29,5,22.15,21.06,21.64
2025-07-29,6,22.99,22.19,22.79
2025-07-29,7,23.69,23.07,23.55
2025-07-29,8,20.6,20.38,20.44
2025-07-29,9,16.34,16.07,16.25
2025-07-29,10,16.99,13.79,14.73
2025-07-29,11,19.44,16.27,18.07
2025-07-29,12,24.02,21.1,24
2025-07-29,13,32.13,27.16,30.26
2025-07-29,14,40.1,33.32,36.35
2025-07-29,15,45.94,35.44,39.07
2025-07-29,16,55.96,37.75,43.54
2025-07-29,17,56.06,42.04,45.14
2025-07-29,18,59.98,46,46.27
2025-07-29,19,65.56,55.09,52.31
2025-07-29,20,99.64,101.23,92.13
2025-07-29,21,141.9,139.83,133.48
2025-07-29,22,87.26,85.46,82.24
2025-07-29,23,49.9,48.86,48.65
2025-07-29,24,37.25,36.41,36.68
2025-07-30,1,29.62,28.52,29.19
2025-07-30,2,26.35,25.32,25.95
2025-07-30,3,23.9,22.95,23.55
2025-07-30,4,22.12,21.33,21.85
2025-07-30,5,22.13,21.71,22.03
2025-07-30,6,24.07,24.07,24.18
2025-07-30,7,25.39,25.23,25.33
2025-07-30,8,23.19,23,23.07
2025-07-30,9,18.91,18.82,18.77
2025-07-30,10,19.53,19.44,19.46
2025-07-30,11,21.87,21.21,21.61
2025-07-30,12,30.42,25.63,29.16
2025-07-30,13,43,32.6,37.69
2025-07-30,14,58.54,41.98,49.2
2025-07-30,15,72.43,51.5,57.44
2025-07-30,16,88.13,66.38,70.2
2025-07-30,17,112.54,88.17,88.73
2025-07-30,18,102.59,84.85,78.35
2025-07-30,19,174.9,158.53,132.76
2025-07-30,20,520.92,507.92,460.37
2025-07-30,21,517.24,504.76,463.3
2025-07-30,22,410.46,397.8,364.8
2025-07-30,23,89.53,86.77,81.62
2025-07-30,24,46.11,45.45,44.78
2025-07-31,1,32.14,31.29,31.53
2025-07-31,2,27.67,26.9,27.27
2025-07-31,3,24.57,24.08,24.43
2025-07-31,4,24.35,23.83,24.19
2025-07-31,5,24.24,24.01,24.23
2025-07-31,6,26.63,26.57,26.71
2025-07-31,7,26.08,26.09,26.18
2025-07-31,8,25.5,25.37,25.48
2025-07-31,9,20.65,20.79,20.84
2025-07-31,10,18.9,19.37,19.57
2025-07-31,11,23.25,21.97,22.81
2025-07-31,12,29.8,25.07,28.04
2025-07-31,13,38.82,32.16,36.46
2025-07-31,14,48.65,39.73,44.44
2025-07-31,15,60.27,44.94,50.01
2025-07-31,16,78.27,52.77,57.9
2025-07-31,17,102.56,65.72,68.18
2025-07-31,18,88.19,65.94,60.7
2025-07-31,19,135.08,115.31,99.46
2025-07-31,20,226.75,214.5,189.13
2025-07-31,21,207.77,200,179.55
2025-07-31,22,103.09,99.94,91.95
2025-07-31,23,70.28,68.2,64.4
2025-07-31,24,45.83,44.81,44.15
2025-08-01,1,37.44,37.79,36.58
2025-08-01,2,34.12,35.25,34.18
2025-08-01,3,33.7,34.58,33.88
2025-08-01,4,29.1,30.09,29.44
2025-08-01,5,29.34,30.51,29.78
2025-08-01,6,32.88,34.57,33.51
2025-08-01,7,34.87,36.99,35.73
2025-08-01,8,29.93,30.86,30.34
2025-08-01,9,24.06,24.22,24.07
2025-08-01,10,22.46,22.31,22.43
2025-08-01,11,25.24,25.09,25.4
2025-08-01,12,30.48,28.89,30.2
2025-08-01,13,37.08,34.95,35.94
2025-08-01,14,47.72,40.92,42.57
2025-08-01,15,65.95,46.76,49.24
2025-08-01,16,68.52,50.05,52.3
2025-08-01,17,63.81,52.84,51.51
2025-08-01,18,68.47,60.14,56.21
2025-08-01,19,94.19,86.27,78.63
2025-08-01,20,123.58,117.77,106.63
2025-08-01,21,115.47,111.65,103.69
2025-08-01,22,77.9,76.94,73.12
2025-08-01,23,73.3,72.7,70
2025-08-01,24,55.68,55.81,55.11
2025-08-02,1,38.23,38.4,38.24
2025-08-02,2,36.5,36.91,36.59
2025-08-02,3,34.9,35.86,35.31
2025-08-02,4,33.96,35.25,34.49
2025-08-02,5,33.73,35.44,34.45
2025-08-02,6,33.9,35.74,34.64
2025-08-02,7,36.16,38.29,37.02
2025-08-02,8,33.01,34.51,33.54
2025-08-02,9,25.54,25.7,25.56
2025-08-02,10,24.15,24.17,24.15
2025-08-02,11,24.95,25.49,25.07
2025-08-02,12,29.73,28.07,28.64
2025-08-02,13,38.95,30.26,32.76
2025-08-02,14,59.74,32.27,39.44
2025-08-02,15,63.95,36.48,43.46
2025-08-02,16,61.42,38.56,44.12
2025-08-02,17,53.94,39.81,41.04
2025-08-02,18,52.18,42.25,41.52
2025-08-02,19,60.13,59.42,57.56
2025-08-02,20,82.71,80.79,78.04
2025-08-02,21,73.09,70.37,68.73
2025-08-02,22,60.3,57.85,56.73
2025-08-02,23,40.88,38.48,39.39
2025-08-02,24,32.49,29.99,31.35
2025-08-03,1,27.22,24.72,26.18
2025-08-03,2,26.48,23.95,25.5
2025-08-03,3,25.19,22.79,24.29
2025-08-03,4,24.83,22.91,24.15
2025-08-03,5,22.54,21.25,22.13
2025-08-03,6,23.57,22.81,23.38
2025-08-03,7,24.33,23.62,24.16
2025-08-03,8,21.73,21.23,21.59
2025-08-03,9,17.52,17.39,17.45
2025-08-03,10,16.75,16.66,16.69
2025-08-03,11,19.49,17.52,18.09
2025-08-03,12,25.63,20.06,21.45
2025-08-03,13,42.5,21.65,27.21
2025-08-03,14,57.05,23.91,32.79
2025-08-03,15,64.26,27.54,37.3
2025-08-03,16,63.5,30.97,38.78
2025-08-03,17,73.59,39.78,46.47
2025-08-03,18,81.86,41.61,48.15
2025-08-03,19,92.89,57.62,62.75
2025-08-03,20,90.49,87.64,82.57
2025-08-03,21,89.76,86.55,82.88
2025-08-03,22,47.84,45.41,45.21
2025-08-03,23,39.86,37.89,38.27
2025-08-03,24,33.08,31.51,32.22
2025-08-04,1,24.6,24,24.37
2025-08-04,2,24.22,23.79,24.08
2025-08-04,3,23.28,23.18,23.27
2025-08-04,4,24,24.09,24.09
2025-08-04,5,25.96,26.11,26.09
2025-08-04,6,29.28,29.42,29.4
2025-08-04,7,32.49,32.58,32.56
2025-08-04,8,30.34,30.25,30.32
2025-08-04,9,21.83,21.77,21.79
2025-08-04,10,19.48,19.4,19.38
2025-08-04,11,22.2,20.07,20.56
2025-08-04,12,30.93,21.9,24.33
2025-08-04,13,46.73,25.01,31.13
2025-08-04,14,60.16,25.49,35.31
2025-08-04,15,58.4,26.25,35.3
2025-08-04,16,58.95,27.81,36.25
2025-08-04,17,64.51,29.85,37.57
2025-08-04,18,61.45,34.53,39.25
2025-08-04,19,56.34,46.53,45.59
2025-08-04,20,62.84,60.87,58.37
2025-08-04,21,53.94,52.19,51.21
2025-08-04,22,41.4,39.4,39.97
2025-08-04,23,33.11,31.23,32.05
2025-08-04,24,24.88,22.99,24.01
2025-08-05,1,23.94,22.14,23.23
2025-08-05,2,21.74,20.25,21.17
2025-08-05,3,21.13,20.15,20.76
2025-08-05,4,21.02,20.35,20.78
2025-08-05,5,21.31,20.87,21.16
2025-08-05,6,23.42,23.11,23.32
2025-08-05,7,23.47,23.24,23.39
2025-08-05,8,20.63,20.43,20.55
2025-08-05,9,16.77,16.7,16.72
2025-08-05,10,16.39,13.02,13.99
2025-08-05,11,19.58,13.77,15.56
2025-08-05,12,23.17,15.79,18.18
2025-08-05,13,35.18,20.18,25.03
2025-08-05,14,45.2,22.94,31
2025-08-05,15,52.98,26.27,35.36
2025-08-05,16,62.18,27.35,38.84
2025-08-05,17,64.33,27.39,38.38
2025-08-05,18,59.6,27.9,36
2025-08-05,19,58.11,34.07,38.67
2025-08-05,20,63.89,54.01,54.7
2025-08-05,21,54.06,51.26,52.42
2025-08-05,22,38.87,35.27,37.04
2025-08-05,23,29.86,27.46,28.65
2025-08-05,24,24.73,21.01,23.32
2025-08-06,1,22.42,19.32,21.39
2025-08-06,2,20.47,17.82,19.63
2025-08-06,3,19.31,16.72,18.47
2025-08-06,4,18.72,16.64,18.03
2025-08-06,5,18.85,17.38,18.38
2025-08-06,6,20.28,19.12,19.88
2025-08-06,7,20.73,19.93,20.38
2025-08-06,8,19.46,18.86,19.23
2025-08-06,9,16.28,14.95,15.41
2025-08-06,10,14.26,9.59,11.2
2025-08-06,11,17.75,11.17,13.89
2025-08-06,12,21.91,15.34,18.15
2025-08-06,13,31.56,20.58,25.65
2025-08-06,14,37.33,22.23,30.24
2025-08-06,15,41.26,24.21,31.96
2025-08-06,16,45.52,24.5,33.53
2025-08-06,17,52.44,25.11,34.82
2025-08-06,18,56.39,27.65,34.65
2025-08-06,19,50.77,31.85,34.58
2025-08-06,20,55.37,50.66,48.21
2025-08-06,21,55.19,53.61,52.71
2025-08-06,22,41.54,37.81,39.38
2025-08-06,23,33.08,32.1,32.11
2025-08-06,24,25.33,21.95,23.98
2025-08-07,1,25.08,21.91,23.8
2025-08-07,2,23.09,19.84,21.83
2025-08-07,3,21.42,18.35,20.24
2025-08-07,4,21.21,18.32,20.11
2025-08-07,5,21.16,19.14,20.4
2025-08-07,6,23.11,21.37,22.46
2025-08-07,7,26.42,25.14,25.94
2025-08-07,8,23.98,22.93,23.56
2025-08-07,9,17.97,17.57,17.76
2025-08-07,10,17.11,14.36,15.28
2025-08-07,11,18.76,15.43,16.83
2025-08-07,12,23.59,20.22,22.09
2025-08-07,13,34.18,23.26,29.37
2025-08-07,14,41.85,26.9,35.27
2025-08-07,15,50.61,28.48,38.23
2025-08-07,16,57.43,27.64,38.9
2025-08-07,17,61.01,29.54,39.55
2025-08-07,18,65.35,31.62,39.14
2025-08-07,19,71.69,41.99,46.15
2025-08-07,20,86.98,81.28,76.6
2025-08-07,21,88.28,84.52,83.19
2025-08-07,22,70.53,65.21,66.42
2025-08-07,23,40.83,36.79,38.68
2025-08-07,24,31.34,26.82,29.44
2025-08-08,1,27.91,23.99,26.31
2025-08-08,2,25.84,22.24,24.42
2025-08-08,3,23.98,20.52,22.65
2025-08-08,4,23.25,19.86,21.96
2025-08-08,5,23.19,19.92,21.96
2025-08-08,6,23.39,20.79,22.41
2025-08-08,7,24.9,22.42,23.97
2025-08-08,8,23.07,21.73,22.54
2025-08-08,9,18.01,17.03,17.52
2025-08-08,10,18.15,14.82,16.51
2025-08-08,11,20.38,16.69,19.1
2025-08-08,12,28.14,21.71,25.63
2025-08-08,13,43.52,22.62,31.96
2025-08-08,14,51.62,23.89,35.6
2025-08-08,15,57.16,25.09,38.08
2025-08-08,16,61.26,29.18,40.66
2025-08-08,17,67.91,29.84,41.97
2025-08-08,18,67.83,31.7,39.06
2025-08-08,19,68.26,40.04,41.39
2025-08-08,20,74.52,71.71,66.43
2025-08-08,21,74.64,72.78,70.34
2025-08-08,22,53.24,49.73,50.45
2025-08-08,23,35.36,32.54,33.66
2025-08-08,24,28.44,25.24,26.9
2025-08-09,1,24.95,21.3,23.52
2025-08-09,2,23.93,21.07,22.86
2025-08-09,3,22.39,19.47,21.33
2025-08-09,4,21.72,19.02,20.74
2025-08-09,5,21.24,18.96,20.42
2025-08-09,6,20.85,19.11,20.22
2025-08-09,7,20.79,19.58,20.35
2025-08-09,8,19.36,18.55,19.05
2025-08-09,9,15,14.09,14.63
2025-08-09,10,13.1,10.66,11.9
2025-08-09,11,16.67,14.67,15.84
2025-08-09,12,20.97,17.76,19.91
2025-08-09,13,28.65,21.23,24.6
2025-08-09,14,37.49,23.22,28.67
2025-08-09,15,40.23,24.1,29.68
2025-08-09,16,42.27,24.34,30.56
2025-08-09,17,44.8,27.16,31.07
2025-08-09,18,44.21,28.01,29.68
2025-08-09,19,49.55,35.28,35.77
2025-08-09,20,50.73,49.51,47.72
2025-08-09,21,50.01,48.98,48.31
2025-08-09,22,38.26,36.16,36.88
2025-08-09,23,30.96,28.95,29.85
2025-08-09,24,25.78,23.13,24.63
2025-08-10,1,23.49,20.71,22.45
2025-08-10,2,22.2,20.41,21.49
2025-08-10,3,21.68,19.72,20.95
2025-08-10,4,21.2,19.52,20.59
2025-08-10,5,20.57,19.5,20.18
2025-08-10,6,20.73,20.13,20.51
2025-08-10,7,20.42,20.16,20.33
2025-08-10,8,19.74,19.6,19.68
2025-08-10,9,15.62,15.5,15.56
2025-08-10,10,14.86,13.05,13.7
2025-08-10,11,17.51,15.93,16.26
2025-08-10,12,21.33,19.27,19.73
2025-08-10,13,27.41,21.11,23.01
2025-08-10,14,32.98,23.23,26.32
2025-08-10,15,34.38,24.72,27.68
2025-08-10,16,41.84,26.13,30.58
2025-08-10,17,47.69,28.17,31.81
2025-08-10,18,53.76,31.25,32.81
2025-08-10,19,53.39,41.4,41.3
2025-08-10,20,64.86,63.05,60.38
2025-08-10,21,63.22,61,60.02
2025-08-10,22,43.76,42.14,42.32
2025-08-10,23,34.4,32.98,33.52
2025-08-10,24,25.99,24.99,25.49
2025-08-11,1,24.82,24.84,24.86
2025-08-11,2,25.48,25.51,25.54
2025-08-11,3,24,24.26,24.17
2025-08-11,4,23.16,23.86,23.54
2025-08-11,5,24.14,25.08,24.66
2025-08-11,6,27.3,28.08,27.74
2025-08-11,7,36.25,37.05,36.72
2025-08-11,8,32.35,32.87,32.66
2025-08-11,9,24.07,24.17,24.08
2025-08-11,10,21.33,21.29,21.26
2025-08-11,11,23.34,23.49,23.03
2025-08-11,12,29.47,29.89,29.11
2025-08-11,13,41.44,35.53,34.92
2025-08-11,14,48.02,40.57,41.32
2025-08-11,15,58.75,43.11,45.66
2025-08-11,16,74.21,47.01,49.44
2025-08-11,17,75.92,57.04,54.67
2025-08-11,18,96.28,73.29,68.4
2025-08-11,19,129.03,110.74,102.95
2025-08-11,20,171.03,162.77,148.86
2025-08-11,21,139.59,134.42,123.42
2025-08-11,22,102.09,98.9,92.5
2025-08-11,23,57.16,56.8,54.89
2025-08-11,24,41.59,41.62,40.8
2025-08-12,1,28.71,29.03,28.77
2025-08-12,2,26.11,26.49,26.25
2025-08-12,3,24.51,25.06,24.8
2025-08-12,4,24.19,25.12,24.68
2025-08-12,5,26.27,27.5,26.89
2025-08-12,6,31.83,33.48,32.47
2025-08-12,7,39.42,40.91,40.08
2025-08-12,8,33.36,34.88,33.7
2025-08-12,9,26.8,26.96,26.61
2025-08-12,10,24.2,24.25,24.04
2025-08-12,11,25.39,25.74,25.35
2025-08-12,12,31.4,28.32,28.81
2025-08-12,13,42.3,32.75,35.47
2025-08-12,14,63.75,37.01,44.84
2025-08-12,15,84.53,47.74,55.01
2025-08-12,16,94.69,56.18,58.33
2025-08-12,17,108.34,65.34,61.06
2025-08-12,18,145.13,100.26,90.31
2025-08-12,19,212.61,177.81,157.27
2025-08-12,20,291.19,272.38,243.76
2025-08-12,21,289.19,275.49,248.47
2025-08-12,22,186.58,181.32,164.71
2025-08-12,23,98.27,97.33,85.68
2025-08-12,24,53.59,55.08,50.47
2025-08-13,1,39.02,39.88,38.8
2025-08-13,2,37.49,38.36,37.52
2025-08-13,3,35.31,36.7,35.9
2025-08-13,4,33.26,35.07,34.02
2025-08-13,5,34.31,36.96,35.42
2025-08-13,6,36.21,38.69,37.37
2025-08-13,7,38.09,40.08,39.01
2025-08-13,8,35.62,37.11,36.27
2025-08-13,9,26.11,25.8,25.85
2025-08-13,10,24.48,24.14,24.06
2025-08-13,11,26.85,24.89,25.38
2025-08-13,12,39.42,28.76,30.36
2025-08-13,13,56.39,33.02,35.97
2025-08-13,14,65.54,31.19,40.82
2025-08-13,15,75.08,36.05,45.8
2025-08-13,16,95.05,42.99,52.02
2025-08-13,17,113.57,52.45,59.89
2025-08-13,18,125.56,69.98,71.28
2025-08-13,19,145.21,101.44,98.84
2025-08-13,20,161.08,154.85,139.18
2025-08-13,21,117.96,114.84,106.37
2025-08-13,22,74.47,70.14,67.16
2025-08-13,23,46.35,43.56,43.58
2025-08-13,24,35.51,32.55,33.58
2025-08-14,1,29.88,27.72,28.81
2025-08-14,2,26.39,24.65,25.64
2025-08-14,3,24.59,23.66,24.23
2025-08-14,4,23.84,23.46,23.73
2025-08-14,5,23.77,23.67,23.78
2025-08-14,6,25.24,25.19,25.26
2025-08-14,7,26.83,26.26,26.68
2025-08-14,8,24.41,24.11,24.34
2025-08-14,9,19.96,19.27,19.5
2025-08-14,10,18.04,17.28,17.81
2025-08-14,11,21.29,18.65,20.38
2025-08-14,12,29.19,20.31,24.73
2025-08-14,13,47.13,24.83,32.56
2025-08-14,14,61.11,29.09,38.75
2025-08-14,15,75.29,32,41.56
2025-08-14,16,86.51,34.92,43.44
2025-08-14,17,97.82,39.35,46.21
2025-08-14,18,101.39,42.02,45.96
2025-08-14,19,101.51,65.21,64.94
2025-08-14,20,96.24,91.49,84.48
2025-08-14,21,71.08,67.38,64.86
2025-08-14,22,42.92,39.21,40.23
2025-08-14,23,35.47,32.78,33.53
2025-08-14,24,28.13,25.29,26.53
2025-08-15,1,24.51,21.79,23.33
2025-08-15,2,22.16,19.8,21.23
2025-08-15,3,21.35,19.72,20.75
2025-08-15,4,20.45,19.29,20.04
2025-08-15,5,21.09,20.1,20.75
2025-08-15,6,22.65,21.9,22.41
2025-08-15,7,26.57,25.57,26.19
2025-08-15,8,25.74,24.69,25.27
2025-08-15,9,21.44,18.7,19.45
2025-08-15,10,20.27,16.16,17.87
2025-08-15,11,24.17,16.5,20.35
2025-08-15,12,30.35,18.94,24.2
2025-08-15,13,44.22,22.16,31.48
2025-08-15,14,55.12,23.37,35.42
2025-08-15,15,62.02,23.93,35.26
2025-08-15,16,71.28,26.79,38.72
2025-08-15,17,62.87,29.35,35.51
2025-08-15,18,57.58,30.13,33.32
2025-08-15,19,58.48,42.82,41.98
2025-08-15,20,54.67,54.34,51.72
2025-08-15,21,52.3,50.36,50.45
2025-08-15,22,43.01,40.37,41.43
2025-08-15,23,34.08,32.18,32.94
2025-08-15,24,28.24,25.89,27.14
2025-08-16,1,27.42,24.85,26.35
2025-08-16,2,24.74,22.65,23.91
2025-08-16,3,23.02,21.45,22.39
2025-08-16,4,22.64,21.37,22.1
2025-08-16,5,22.93,21.67,22.42
2025-08-16,6,24.18,22.93,23.68
2025-08-16,7,26.5,25.18,25.96
2025-08-16,8,24.32,23.58,24
2025-08-16,9,19.45,19.24,19.33
2025-08-16,10,19.01,18.2,18.36
2025-08-16,11,21.03,20.01,20.16
2025-08-16,12,25.59,24.05,24.57
2025-08-16,13,35.81,25.89,28.9
2025-08-16,14,42.92,27.13,31.48
2025-08-16,15,52.85,28.54,34.7
2025-08-16,16,63.5,29.6,36.08
2025-08-16,17,64.88,33.12,36.98
2025-08-16,18,71.85,34.21,38.59
2025-08-16,19,64.9,50.44,49.47
2025-08-16,20,72.46,71.72,67.72
2025-08-16,21,62.48,61.38,59.82
2025-08-16,22,48.37,47.26,47.35
2025-08-16,23,38.44,36.36,37.21
2025-08-16,24,31.6,30,30.71
2025-08-17,1,28.09,26.63,27.44
2025-08-17,2,25.33,24.15,24.83
2025-08-17,3,24.6,23.69,24.24
2025-08-17,4,23.81,23.07,23.54
2025-08-17,5,23.34,22.81,23.14
2025-08-17,6,22.52,22.1,22.36
2025-08-17,7,24.02,23.35,23.73
2025-08-17,8,21.47,21.07,21.27
2025-08-17,9,17.87,17.6,17.65
2025-08-17,10,18.08,16.29,16.46
2025-08-17,11,22.05,17.21,18.05
2025-08-17,12,30.03,19.24,21.55
2025-08-17,13,45.65,23.49,28.82
2025-08-17,14,55.1,27.84,33.71
2025-08-17,15,55.58,29.82,35.59
2025-08-17,16,61.68,29.81,36.19
2025-08-17,17,77.81,29.97,37.96
2025-08-17,18,78.55,33.89,40.31
2025-08-17,19,83.05,63.09,62.93
2025-08-17,20,93.94,86.95,84.35
2025-08-17,21,85.06,83.57,82.34
2025-08-17,22,61.35,59.46,60.15
2025-08-17,23,42.78,41.56,42.17
2025-08-17,24,35.63,34.37,35.05
2025-08-18,1,30.83,29.87,30.53
2025-08-18,2,28.57,27.97,28.43
2025-08-18,3,27.21,26.89,27.16
2025-08-18,4,25.68,25.53,25.68
2025-08-18,5,26.78,26.7,26.8
2025-08-18,6,28.66,28.55,28.66
2025-08-18,7,33.86,33.44,33.91
2025-08-18,8,32.06,31.72,32.06
2025-08-18,9,23.87,23.14,23.35
2025-08-18,10,22.45,20.3,20.8
2025-08-18,11,27.57,21.7,23.05
2025-08-18,12,40.24,25.57,29.31
2025-08-18,13,54.44,29.21,35.75
2025-08-18,14,72.3,34.44,44.6
2025-08-18,15,85.43,41.09,52.73
2025-08-18,16,98.82,45.03,56.32
2025-08-18,17,115.49,60.14,67.4
2025-08-18,18,127.04,79.39,81.79
2025-08-18,19,137.49,118.18,113.08
2025-08-18,20,247.84,235.98,223.7
2025-08-18,21,230.4,221.36,215.28
2025-08-18,22,138.99,136.07,134.48
2025-08-18,23,75.26,74.13,73.86
2025-08-18,24,45.18,44.34,44.92
2025-08-19,1,37.48,37.8,37.71
2025-08-19,2,33.91,34.21,34.19
2025-08-19,3,32.93,33.26,33.22
2025-08-19,4,31.26,31.83,31.64
2025-08-19,5,33.84,34.76,34.33
2025-08-19,6,38.65,40.05,39.25
2025-08-19,7,40.95,42.4,41.72
2025-08-19,8,39.49,41.11,40.23
2025-08-19,9,29.95,30.21,30
2025-08-19,10,26.38,26.07,26
2025-08-19,11,30.66,29.85,29.54
2025-08-19,12,41.45,32.92,34.76
2025-08-19,13,67.93,38.64,45.33
2025-08-19,14,82.44,47.24,53
2025-08-19,15,94,60.58,64.11
2025-08-19,16,110,74.25,72.6
2025-08-19,17,117.95,88.03,83.97
2025-08-19,18,131.34,110.07,98.31
2025-08-19,19,300.88,282.22,265.13
2025-08-19,20,312.01,298.6,279.47
2025-08-19,21,306.24,298.99,293.19
2025-08-19,22,231.19,229.95,228.98
2025-08-19,23,95.51,95.65,94.81
2025-08-19,24,73.05,74.42,73.21
2025-08-20,1,60.58,62.47,61.24
2025-08-20,2,42.05,43.56,42.73
2025-08-20,3,37.72,39.44,38.45
2025-08-20,4,36.69,38.52,37.59
2025-08-20,5,37.45,39.25,38.16
2025-08-20,6,40.67,42.76,41.44
2025-08-20,7,43.32,45,44.15
2025-08-20,8,37.98,39.24,38.58
2025-08-20,9,24.21,24.69,24.39
2025-08-20,10,23.51,23.08,23.02
2025-08-20,11,26.19,24.13,24.56
2025-08-20,12,39.68,26.7,30.39
2025-08-20,13,63.78,29.44,39.01
2025-08-20,14,67.07,35.98,45.4
2025-08-20,15,79.14,39,49.9
2025-08-20,16,93.8,47.75,59.88
2025-08-20,17,100.49,53.67,62.43
2025-08-20,18,107.63,65.37,70.95
2025-08-20,19,125.98,100.84,101.92
2025-08-20,20,122.56,111.41,107.47
2025-08-20,21,120.19,114,112.72
2025-08-20,22,110.21,107.55,107.19
2025-08-20,23,79.56,80.04,79.78
2025-08-20,24,53.22,54.13,53.73
2025-08-21,1,39.13,40.22,39.78
2025-08-21,2,35.67,36.81,36.34
2025-08-21,3,34.32,35.36,34.94
2025-08-21,4,32.33,33.43,33.01
2025-08-21,5,32.74,33.93,33.4
2025-08-21,6,35.38,36.71,36.07
2025-08-21,7,38.22,38.52,38.5
2025-08-21,8,35.07,35.12,35.18
2025-08-21,9,26.01,26.01,25.95
2025-08-21,10,24.75,24.68,24.64
2025-08-21,11,25.07,24.85,24.84
2025-08-21,12,28.4,26.01,26.56
2025-08-21,13,44.17,28.52,32.25
2025-08-21,14,52.09,29.22,34.63
2025-08-21,15,54.63,33.94,37.74
2025-08-21,16,54.89,36.75,39.13
2025-08-21,17,52.76,40.03,39.12
2025-08-21,18,52.5,45.74,43.1
2025-08-21,19,70.9,71.13,67.09
2025-08-21,20,74.89,75.99,72.98
2025-08-21,21,74.75,73.48,73.25
2025-08-21,22,58.09,56.01,56.84
2025-08-21,23,50.32,48.98,49.85
2025-08-21,24,37.23,36.33,37.01
2025-08-22,1,33.64,33.6,33.84
2025-08-22,2,31.3,31.32,31.49
2025-08-22,3,30.69,30.67,30.92
2025-08-22,4,30.31,30.22,30.54
2025-08-22,5,31.74,31.07,31.85
2025-08-22,6,35.45,35,35.54
2025-08-22,7,42.29,39.54,41.53
2025-08-22,8,36.85,35.93,36.7
2025-08-22,9,24.99,25.03,24.99
2025-08-22,10,24.66,24.68,24.64
2025-08-22,11,25.01,25.09,25.02
2025-08-22,12,27,25.64,25.92
2025-08-22,13,35.3,27.29,28.88
2025-08-22,14,40.58,29.95,32.5
2025-08-22,15,45.9,31.99,34.18
2025-08-22,16,48.5,34.87,36.09
2025-08-22,17,41.51,35.96,34.62
2025-08-22,18,41.87,39.3,37.8
2025-08-22,19,53.14,53.33,51.97
2025-08-22,20,65.21,64.26,63.55
2025-08-22,21,61.54,60.32,60.31
2025-08-22,22,48.43,47.36,47.97
2025-08-22,23,43.04,41.78,42.62
2025-08-22,24,35.03,34.12,34.78
2025-08-23,1,29.52,29.79,29.87
2025-08-23,2,27.46,28.24,28.05
2025-08-23,3,26.33,26.97,26.89
2025-08-23,4,25.37,25.89,25.89
2025-08-23,5,26.06,26.44,26.51
2025-08-23,6,27.92,28.25,28.41
2025-08-23,7,29.51,29.87,29.79
2025-08-23,8,25,25.68,25.55
2025-08-23,9,18.81,18.79,18.81
2025-08-23,10,18.26,18.9,18.4
2025-08-23,11,18.88,20.59,19.31
2025-08-23,12,21.5,23.1,21.63
2025-08-23,13,24.81,24.99,23.79
2025-08-23,14,27.87,26.76,26.3
2025-08-23,15,33.83,32.6,32.12
2025-08-23,16,36.14,33.1,32.63
2025-08-23,17,34.21,33.27,31.67
2025-08-23,18,34.41,34.32,32.76
2025-08-23,19,44.62,43.24,42.31
2025-08-23,20,63.56,62.32,61.31
2025-08-23,21,57.98,56.81,56.65
2025-08-23,22,48.58,47.41,47.54
2025-08-23,23,39.41,38.8,39.32
2025-08-23,24,34.98,34.46,34.9
2025-08-24,1,31.32,32.54,32.14
2025-08-24,2,29.58,30.95,30.43
2025-08-24,3,28.26,29.79,29.19
2025-08-24,4,26.72,28.13,27.63
2025-08-24,5,25.34,26.51,26.16
2025-08-24,6,26.97,28.15,27.79
2025-08-24,7,29.03,29.6,29.6
2025-08-24,8,25.46,26.21,26.02
2025-08-24,9,17.98,18.13,18.02
2025-08-24,10,17.19,17.17,17.17
2025-08-24,11,17.85,18.48,17.99
2025-08-24,12,20.63,21,20.06
2025-08-24,13,24.64,23.64,23.11
2025-08-24,14,29.33,29.67,28.04
2025-08-24,15,35.72,35.35,33.5
2025-08-24,16,42.22,39.76,37.87
2025-08-24,17,45.4,43.38,40.52
2025-08-24,18,50.7,48.22,45.69
2025-08-24,19,92.03,91.01,88.77
2025-08-24,20,87.84,86.37,85.33
2025-08-24,21,73.83,71.39,71.81
2025-08-24,22,57.02,54.95,55.9
2025-08-24,23,39.5,37.64,38.9
2025-08-24,24,31.95,30.27,31.44
2025-08-25,1,25.75,25.3,25.74
2025-08-25,2,22.95,22.6,22.94
2025-08-25,3,22.21,22.14,22.32
2025-08-25,4,20.28,20.69,20.58
2025-08-25,5,19.84,20.7,20.33
2025-08-25,6,21.78,22.54,22.21
2025-08-25,7,25.98,26.68,26.38
2025-08-25,8,23.75,23.91,24.04
2025-08-25,9,19.01,18.97,18.99
2025-08-25,10,18.52,18.41,18.36
2025-08-25,11,21.4,19.96,20.2
2025-08-25,12,25.23,21.98,22.87
2025-08-25,13,33.82,26.39,28.88
2025-08-25,14,37.53,31.97,33.28
2025-08-25,15,44.88,36.47,37.73
2025-08-25,16,50.41,40.47,41.09
2025-08-25,17,51.58,39.1,38.88
2025-08-25,18,54.59,40.79,41.32
2025-08-25,19,71.31,67.06,64.57
2025-08-25,20,81.67,79.18,77.27
2025-08-25,21,60.55,58.22,58.7
2025-08-25,22,42.65,40.42,41.59
2025-08-25,23,32.06,30.41,31.44
2025-08-25,24,25.7,24.66,25.33
2025-08-26,1,23.63,23.44,23.67
2025-08-26,2,22.06,22.33,22.27
2025-08-26,3,20.38,21.02,20.77
2025-08-26,4,21.2,21.95,21.65
2025-08-26,5,22.69,23.53,23.2
2025-08-26,6,26.21,27.22,26.78
2025-08-26,7,31.92,32.8,32.39
2025-08-26,8,28.69,29.12,29.02
2025-08-26,9,22.27,22.25,22.23
2025-08-26,10,20.71,20.66,20.63
2025-08-26,11,22.14,21.98,22.02
2025-08-26,12,27.16,25.3,26.09
2025-08-26,13,38.72,30,33.25
2025-08-26,14,44.7,32.14,36.49
2025-08-26,15,51.05,35.86,39.42
2025-08-26,16,57.64,36.01,40.57
2025-08-26,17,60.11,34.43,39.28
2025-08-26,18,55.32,32.83,37.1
2025-08-26,19,47.75,39.55,40.29
2025-08-26,20,50.23,49.52,48.36
2025-08-26,21,42.31,41.83,41.21
2025-08-26,22,36.24,35.72,35.59
2025-08-26,23,33.76,33.62,33.74
2025-08-26,24,29.48,29.52,29.61
2025-08-27,1,27.41,27.54,27.55
2025-08-27,2,25.64,25.99,25.87
2025-08-27,3,24.22,24.9,24.65
2025-08-27,4,23.83,24.69,24.37
2025-08-27,5,25.48,26.54,26.08
2025-08-27,6,28.84,29.88,29.49
2025-08-27,7,36.62,37.08,36.94
2025-08-27,8,35.4,35.77,35.41
2025-08-27,9,24.62,24.64,24.57
2025-08-27,10,21.04,20.93,20.92
2025-08-27,11,20.61,21.09,20.92
2025-08-27,12,25.43,21.79,23.18
2025-08-27,13,34.93,21.82,26.03
2025-08-27,14,41.64,24.94,31.43
2025-08-27,15,50.68,27.76,35.59
2025-08-27,16,54.05,29.38,36.39
2025-08-27,17,50.24,31.63,36.49
2025-08-27,18,51.15,33.44,36.59
2025-08-27,19,51.06,47.38,46.63
2025-08-27,20,58.74,56.72,56.35
2025-08-27,21,54.63,52.29,53.03
2025-08-27,22,40.76,37.82,39.41
2025-08-27,23,31.97,29.46,30.96
2025-08-27,24,25.84,23.45,25.02
2025-08-28,1,23.94,22.11,23.59
2025-08-28,2,21.67,20.18,21.47
2025-08-28,3,20.74,19.24,20.32
2025-08-28,4,19.53,18.33,19.17
2025-08-28,5,19.84,18.83,19.48
2025-08-28,6,20.58,19.75,20.29
2025-08-28,7,23.07,22.07,22.7
2025-08-28,8,22.56,21.73,22.32
2025-08-28,9,16.97,16.34,16.69
2025-08-28,10,17.5,13.01,14.36
2025-08-28,11,18.82,13.31,17.91
2025-08-28,12,24.06,17.12,23.04
2025-08-28,13,34.23,21.92,27.57
2025-08-28,14,46.37,30.05,36.51
2025-08-28,15,54.61,39.14,44.32
2025-08-28,16,63.34,43.82,48.16
2025-08-28,17,75.59,54.5,56.23
2025-08-28,18,100.71,85.91,78.96
2025-08-28,19,133.25,124.22,113.11
2025-08-28,20,160.29,152.89,140.4
2025-08-28,21,110.86,107.18,100.89
2025-08-28,22,73.2,70.43,67.62
2025-08-28,23,43.43,42.16,41.56
2025-08-28,24,34.9,34.47,34.12
2025-08-29,1,29.08,29.36,28.8
2025-08-29,2,28.36,28.74,28.26
2025-08-29,3,26.8,27.63,27.11
2025-08-29,4,26.53,27.42,26.92
2025-08-29,5,27.26,28.41,27.86
2025-08-29,6,29.97,31.13,30.54
2025-08-29,7,42.42,43.5,42.87
2025-08-29,8,40.91,41.86,41.12
2025-08-29,9,30.36,30.46,30.17
2025-08-29,10,25.57,25.61,25.47
2025-08-29,11,27.12,27.35,27.36
2025-08-29,12,32.96,31.59,32.13
2025-08-29,13,45.89,38.28,40.57
2025-08-29,14,54.39,39.99,44.44
2025-08-29,15,70.55,46.64,52.76
2025-08-29,16,87.53,51.13,59.65
2025-08-29,17,98.42,60.1,66
2025-08-29,18,92.67,64.5,65.82
2025-08-29,19,109.23,100.32,93.22
2025-08-29,20,124.57,121.09,112.25
2025-08-29,21,98.04,95.68,90.28
2025-08-29,22,66.42,64.37,61.7
2025-08-29,23,43.94,42.88,42.31
2025-08-29,24,36.43,36.4,35.92
2025-08-30,1,32.95,33.63,32.96
2025-08-30,2,30.84,31.89,31.12
2025-08-30,3,29.13,30.27,29.61
2025-08-30,4,27.39,28.49,27.93
2025-08-30,5,26.64,28.04,27.4
2025-08-30,6,26.32,27.56,27.04
2025-08-30,7,27.94,29.19,28.56
2025-08-30,8,29.81,30.7,30.26
2025-08-30,9,26.77,27.22,26.89
2025-08-30,10,26.48,26.61,26.42
2025-08-30,11,25.74,25.86,25.66
2025-08-30,12,26.34,26.57,26.48
2025-08-30,13,32.75,26.83,28.52
2025-08-30,14,35.73,26.39,29.28
2025-08-30,15,44.23,28.71,33
2025-08-30,16,44.43,32.9,34.27
2025-08-30,17,50.27,39.55,38.39
2025-08-30,18,48.24,38.25,37.57
2025-08-30,19,49.77,46.52,43.49
2025-08-30,20,57.06,55.08,52.02
2025-08-30,21,49.45,48.42,46.59
2025-08-30,22,45.86,44.94,43.98
2025-08-30,23,39.68,39.33,39
2025-08-30,24,34.68,34.89,34.54
2025-08-31,1,30.92,31.93,31.17
2025-08-31,2,28.22,29.32,28.65
2025-08-31,3,26.94,28.03,27.49
2025-08-31,4,26.29,27.48,26.92
2025-08-31,5,25.74,27.13,26.49
2025-08-31,6,25.66,26.99,26.44
2025-08-31,7,25.47,26.73,26.16
2025-08-31,8,26.75,27.72,27.29
2025-08-31,9,27.55,28.15,27.79
2025-08-31,10,26.93,27.21,26.96
2025-08-31,11,26.8,26.88,26.75
2025-08-31,12,27.78,27.91,27.83
2025-08-31,13,28.88,28.06,28.33
2025-08-31,14,30.97,26.62,27.91
2025-08-31,15,32.65,26.59,28.32
2025-08-31,16,36.17,30.64,31.29
2025-08-31,17,37.93,31.95,32.23
2025-08-31,18,36.81,32.86,32.48
2025-08-31,19,40.19,39.35,37.58
2025-08-31,20,47.97,47.34,45.19
2025-08-31,21,50.95,50.69,48.89
2025-08-31,22,49.86,49.95,48.51
2025-08-31,23,38.44,39.04,38.18
2025-08-31,24,34.18,35,34.37
2025-09-01,1,35.73,37.86,36.6
2025-09-01,2,33.16,35.4,34.1
2025-09-01,3,31.59,33.92,32.63
2025-09-01,4,30.44,32.62,31.42
2025-09-01,5,29.27,31.84,30.45
2025-09-01,6,27.22,29.42,28.23
2025-09-01,7,31.91,33.09,32.56
2025-09-01,8,30.06,31.67,30.85
2025-09-01,9,27.18,27.9,27.47
2025-09-01,10,24.47,24.58,24.45
2025-09-01,11,23.7,23.75,23.65
2025-09-01,12,25.74,23.49,24.14
2025-09-01,13,26.55,24.3,25.07
2025-09-01,14,32.62,25.45,27.53
2025-09-01,15,37.19,29.62,31.75
2025-09-01,16,42.05,30,33.42
2025-09-01,17,47.43,35.14,38.55
2025-09-01,18,46.8,40.39,42.09
2025-09-01,19,57.27,54.76,55.55
2025-09-01,20,73.31,72.52,72.72
2025-09-01,21,68.64,67.86,68.04
2025-09-01,22,65.56,64.96,65.19
2025-09-01,23,42.45,43.09,42.79
2025-09-01,24,35.43,36.84,36.05
2025-09-02,1,31.06,32.61,31.9
2025-09-02,2,26.92,28.57,27.78
2025-09-02,3,25.53,27.31,26.45
2025-09-02,4,25.09,26.98,26.03
2025-09-02,5,26.67,28.52,27.59
2025-09-02,6,30.37,31.79,31.12
2025-09-02,7,35.35,36.41,35.97
2025-09-02,8,34.91,35.75,35.34
2025-09-02,9,23.7,23.86,23.72
2025-09-02,10,20.27,20.42,20.29
2025-09-02,11,19.69,19.66,19.64
2025-09-02,12,21.71,20.53,21.03
2025-09-02,13,27.49,23.3,25.07
2025-09-02,14,33.33,24.4,29.47
2025-09-02,15,35.43,25.28,29.37
2025-09-02,16,39.38,27.7,32.24
2025-09-02,17,42.83,28.6,32.64
2025-09-02,18,44.26,31.23,34.27
2025-09-02,19,53.85,47.69,49.65
2025-09-02,20,75.82,74.17,74.86
2025-09-02,21,70.93,70.09,70.58
2025-09-02,22,54.51,53.98,54.45
2025-09-02,23,42.83,42.76,43.02
2025-09-02,24,34.51,35.07,34.96
2025-09-03,1,28.75,29.92,29.51
2025-09-03,2,27.48,28.84,28.32
2025-09-03,3,26.34,28.11,27.35
2025-09-03,4,25.2,26.94,26.23
2025-09-03,5,26.07,27.89,27.15
2025-09-03,6,28.04,29.38,28.9
2025-09-03,7,32.99,33.98,33.6
2025-09-03,8,29.84,30.57,30.26
2025-09-03,9,22.22,22.44,22.28
2025-09-03,10,17.83,18.1,17.89
2025-09-03,11,19.17,18.83,18.9
2025-09-03,12,21.52,19.98,20.52
2025-09-03,13,30.05,23.02,25.68
2025-09-03,14,35.04,25.48,30.02
2025-09-03,15,42.72,26.38,32.3
2025-09-03,16,49.21,28.28,34.42
2025-09-03,17,51.79,29.77,35.02
2025-09-03,18,56.44,33.84,38.77
2025-09-03,19,73.66,65.9,66.42
2025-09-03,20,107.18,105.98,104.29
2025-09-03,21,80.57,79.17,78.08
2025-09-03,22,51.41,49.57,50.22
2025-09-03,23,36.53,35.32,36.1
2025-09-03,24,26.99,26.26,26.83
2025-09-04,1,21.37,20.23,21.02
2025-09-04,2,19.87,18.79,19.61
2025-09-04,3,17.65,16.63,17.41
2025-09-04,4,17.29,16.76,17.27
2025-09-04,5,17.46,17.02,17.48
2025-09-04,6,18.92,18.61,18.96
2025-09-04,7,20.09,20.12,20.24
2025-09-04,8,20.06,20.1,20.17
2025-09-04,9,17.63,17.6,17.64
2025-09-04,10,16.08,16.04,16.03
2025-09-04,11,17.74,17.8,18.32
2025-09-04,12,23.06,19.24,22.93
2025-09-04,13,36.58,24.02,30.68
2025-09-04,14,52.24,31.54,41.31
2025-09-04,15,60.89,37.73,44.2
2025-09-04,16,69.99,38.41,46.42
2025-09-04,17,76.8,39.89,47.38
2025-09-04,18,86.84,43.16,48.13
2025-09-04,19,108.32,73.08,70.58
2025-09-04,20,105.08,96.23,90.82
2025-09-04,21,59.91,54.82,53.39
2025-09-04,22,43.37,39.54,40.11
2025-09-04,23,29.28,26.69,27.79
2025-09-04,24,25.3,22.83,24.07
2025-09-05,1,23.51,20.31,22.11
2025-09-05,2,20.99,17.86,19.73
2025-09-05,3,19.5,16.32,18.27
2025-09-05,4,19.23,15.93,18
2025-09-05,5,20.25,16.93,19.07
2025-09-05,6,21.75,19.06,20.78
2025-09-05,7,22.96,20.84,22.22
2025-09-05,8,22.87,21.18,22.29
2025-09-05,9,21.52,19.97,20.96
2025-09-05,10,20.71,19.2,20.34
2025-09-05,11,22.51,21.23,22.84
2025-09-05,12,29.27,22.19,26.73
2025-09-05,13,38.68,24.31,32.54
2025-09-05,14,49.25,29.3,38.92
2025-09-05,15,61.11,34.18,44.57
2025-09-05,16,74.56,43.27,50.1
2025-09-05,17,83.33,52.6,56.88
2025-09-05,18,81.77,59.12,58.32
2025-09-05,19,74.52,67.04,64.22
2025-09-05,20,66.57,60.62,59.15
2025-09-05,21,49.79,45.19,46.04
2025-09-05,22,43.02,39.04,40.13
2025-09-05,23,38.94,35.72,37.2
2025-09-05,24,34.2,32.58,33.33
2025-09-06,1,33.43,33.37,33.1
2025-09-06,2,31.14,31.57,31.08
2025-09-06,3,29.89,30.63,30.19
2025-09-06,4,27.97,28.65,28.33
2025-09-06,5,28.48,29.4,29
2025-09-06,6,27.2,28.38,27.82
2025-09-06,7,26.86,27.48,27.26
2025-09-06,8,27.19,27.75,27.55
2025-09-06,9,27.75,27.76,27.8
2025-09-06,10,27.81,26.5,26.96
2025-09-06,11,29.37,27.01,27.84
2025-09-06,12,29.78,26.99,27.99
2025-09-06,13,35.81,29.71,31.67
2025-09-06,14,37.44,29.79,32.18
2025-09-06,15,38.28,28.98,32.18
2025-09-06,16,39.18,30.41,33.56
2025-09-06,17,39.91,32.78,34.99
2025-09-06,18,42.66,36.47,37.39
2025-09-06,19,55.85,54.55,53.49
2025-09-06,20,58.23,56.61,55.72
2025-09-06,21,47.98,46.65,46.54
2025-09-06,22,45.9,44.29,44.67
2025-09-06,23,45.52,44.15,44.81
2025-09-06,24,38.87,37.75,38.48
2025-09-07,1,37.71,37.54,37.91
2025-09-07,2,33.24,33.3,33.56
2025-09-07,3,29.84,29.92,30.2
2025-09-07,4,28.48,29.03,29.02
2025-09-07,5,27.26,28.04,27.88
2025-09-07,6,26.83,27.62,27.46
2025-09-07,7,26.24,26.43,26.63
2025-09-07,8,25.97,25.84,26.18
2025-09-07,9,22.94,22.78,22.93
2025-09-07,10,20.74,20.64,20.7
2025-09-07,11,20.04,19.81,19.94
2025-09-07,12,20.1,18.7,19.15
2025-09-07,13,22.04,19.9,20.59
2025-09-07,14,23.61,22.02,22.73
2025-09-07,15,24.88,22.35,23.74
2025-09-07,16,26.4,24.04,25.65
2025-09-07,17,27.29,24.96,26.39
2025-09-07,18,31.88,29.9,30.52
2025-09-07,19,47.34,46.75,46.84
2025-09-07,20,52.13,49.78,51.04
2025-09-07,21,44.67,41.58,43.45
2025-09-07,22,36.9,33.51,35.61
2025-09-07,23,29.48,26.4,28.34
2025-09-07,24,26.56,23.39,25.4
2025-09-08,1,24.67,21.9,23.75
2025-09-08,2,23.14,21.11,22.53
2025-09-08,3,21.3,19.41,20.78
2025-09-08,4,21.48,20.6,21.39
2025-09-08,5,22.48,21.29,22.31
2025-09-08,6,24.27,23.3,24.17
2025-09-08,7,27.14,26.49,27.16
2025-09-08,8,24.74,23.94,24.7
2025-09-08,9,18.74,18.49,18.74
2025-09-08,10,16.25,16.27,16.25
2025-09-08,11,14.7,14.56,14.63
2025-09-08,12,16.11,13.85,14.94
2025-09-08,13,19.34,16.23,18.32
2025-09-08,14,21.11,17.84,21.47
2025-09-08,15,24.75,19.54,23.83
2025-09-08,16,27.55,19.33,24.2
2025-09-08,17,28.69,18.96,24.15
2025-09-08,18,28.93,20.64,24.77
2025-09-08,19,40.75,38.14,39.11
2025-09-08,20,50.39,47.38,48.77
2025-09-08,21,37.23,33.59,35.82
2025-09-08,22,28.78,24.59,27.19
2025-09-08,23,25.7,21.94,24.27
2025-09-08,24,22.73,19.43,21.48
2025-09-09,1,21.86,18.07,20.46
2025-09-09,2,20.57,16.89,19.2
2025-09-09,3,19.92,16.13,18.52
2025-09-09,4,20.02,16.53,18.74
2025-09-09,5,20.95,17.96,19.86
2025-09-09,6,22.45,20.24,21.64
2025-09-09,7,22.76,20.99,22.03
2025-09-09,8,21.24,19.81,20.75
2025-09-09,9,14.55,14.33,14.47
2025-09-09,10,7.51,6.19,6.56
2025-09-09,11,9.23,5.26,6.4
2025-09-09,12,12.1,5.98,7.88
2025-09-09,13,18.59,12.67,14.94
2025-09-09,14,24.53,15.13,18.72
2025-09-09,15,26.72,17.95,22.36
2025-09-09,16,27.87,17.61,23.03
2025-09-09,17,27.58,17.52,22.98
2025-09-09,18,30.85,18.21,23.95
2025-09-09,19,35.82,31.72,33.09
2025-09-09,20,44.2,42.14,43.33
2025-09-09,21,37.27,34.39,36.16
2025-09-09,22,30.27,26.5,28.83
2025-09-09,23,26.12,22.21,24.62
2025-09-09,24,23.48,19.8,22.08
2025-09-10,1,24.37,20.38,22.79
2025-09-10,2,22.55,18.48,20.96
2025-09-10,3,21.74,17.56,20.1
2025-09-10,4,21.71,17.75,20.05
2025-09-10,5,23.01,19.65,21.65
2025-09-10,6,24.44,21.99,23.49
2025-09-10,7,26.54,24.51,25.56
2025-09-10,8,24.85,23.77,24.42
2025-09-10,9,16.08,15.7,15.82
2025-09-10,10,12.58,12.61,12.46
2025-09-10,11,14.52,12.54,12.77
2025-09-10,12,16.5,13.73,14.75
2025-09-10,13,20.89,15.88,18.08
2025-09-10,14,25.48,18.21,22.71
2025-09-10,15,31.5,19.29,25.18
2025-09-10,16,38.6,19.02,28.88
2025-09-10,17,38.47,19.79,29.86
2025-09-10,18,35.19,20.73,28.37
2025-09-10,19,48.04,38.66,42.08
2025-09-10,20,56.46,53.29,54.94
2025-09-10,21,44.8,40.72,43.02
2025-09-10,22,35.89,31.17,34
2025-09-10,23,30.28,25.67,28.46
2025-09-10,24,26.65,22.51,25
2025-09-11,1,25.37,21.95,24.06
2025-09-11,2,22.43,19.3,21.22
2025-09-11,3,22.01,19.15,20.91
2025-09-11,4,21.8,19.24,20.8
2025-09-11,5,22.44,20.14,21.58
2025-09-11,6,25.12,23,24.32
2025-09-11,7,32.57,30.68,31.68
2025-09-11,8,30.21,29.08,29.82
2025-09-11,9,20.6,20.27,20.42
2025-09-11,10,16.71,15.77,16.07
2025-09-11,11,17.95,16.76,17.32
2025-09-11,12,20.91,18.33,19.71
2025-09-11,13,29.99,21,25.11
2025-09-11,14,37.82,22.77,29.97
2025-09-11,15,38.98,23.43,30.48
2025-09-11,16,41.51,22.32,31.28
2025-09-11,17,42.14,22.69,31.48
2025-09-11,18,42.08,23.98,30.77
2025-09-11,19,57.54,48.08,49.56
2025-09-11,20,62.43,59.22,60.26
2025-09-11,21,55.39,52.25,53.88
2025-09-11,22,40.12,35.8,38.36
2025-09-11,23,30.37,26.54,28.87
2025-09-11,24,27.34,23.43,25.85
2025-09-12,1,24.75,21.73,23.6
2025-09-12,2,23.63,21.06,22.65
2025-09-12,3,22.15,19.81,21.27
2025-09-12,4,22.03,20.09,21.29
2025-09-12,5,22.84,21.24,22.24
2025-09-12,6,24.22,23.05,23.79
2025-09-12,7,27.02,25.88,26.62
2025-09-12,8,26.91,26.19,26.65
2025-09-12,9,20.31,20.15,20.27
2025-09-12,10,17.21,15.27,15.89
2025-09-12,11,18.5,15.51,17.03
2025-09-12,12,21.56,16.12,20.35
2025-09-12,13,27.84,20.19,27.21
2025-09-12,14,36.33,21.67,30.64
2025-09-12,15,34.89,22.35,30.34
2025-09-12,16,38.43,23.37,34.37
2025-09-12,17,39.42,23.84,30.87
2025-09-12,18,36.07,26.28,30.21
2025-09-12,19,51.41,49.9,47.53
2025-09-12,20,56.74,56.03,55.47
2025-09-12,21,50.49,48.25,49.33
2025-09-12,22,38.01,35.67,36.97
2025-09-12,23,29.33,26.74,28.33
2025-09-12,24,25.13,22.81,24.24
2025-09-13,1,23.43,21.81,22.83
2025-09-13,2,22.9,21.68,22.47
2025-09-13,3,21.98,20.94,21.61
2025-09-13,4,21.48,20.82,21.25
2025-09-13,5,21.04,20.5,20.84
2025-09-13,6,21.04,20.66,20.9
2025-09-13,7,22.83,22.49,22.7
2025-09-13,8,23.33,22.99,23.2
2025-09-13,9,17.67,17.54,17.62
2025-09-13,10,14.91,14.88,14.94
2025-09-13,11,15.99,13.57,14.83
2025-09-13,12,17.74,15.71,16.94
2025-09-13,13,21.79,18.69,22.2
2025-09-13,14,26.7,21.77,24.72
2025-09-13,15,31.26,25.63,28.04
2025-09-13,16,31.89,25.18,28.12
2025-09-13,17,36.16,25.44,31.09
2025-09-13,18,36.82,27.76,31.07
2025-09-13,19,50.53,50.33,49.34
2025-09-13,20,52.56,51.61,51.63
2025-09-13,21,48.03,47.18,47.26
2025-09-13,22,36.84,35.5,36.13
2025-09-13,23,29.93,28.77,29.47
2025-09-13,24,25.16,24.23,24.81
2025-09-14,1,25.22,24.6,25.01
2025-09-14,2,24.68,24.07,24.47
2025-09-14,3,25.08,24.65,24.95
2025-09-14,4,24.6,24.25,24.49
2025-09-14,5,23.97,23.51,23.82
2025-09-14,6,22.81,22.53,22.72
2025-09-14,7,22.4,22.03,22.28
2025-09-14,8,22.35,22.05,22.23
2025-09-14,9,17.21,17.07,17.16
2025-09-14,10,15.13,14.99,15.07
2025-09-14,11,16,14.14,15.36
2025-09-14,12,18.19,18.08,18.64
2025-09-14,13,23.49,21.71,23.39
2025-09-14,14,26.27,24.44,25.42
2025-09-14,15,30.42,27.94,28.89
2025-09-14,16,33.77,33.31,33.49
2025-09-14,17,37.65,39.68,37.57
2025-09-14,18,47.36,47.49,45.47
2025-09-14,19,91.4,90.38,87.04
2025-09-14,20,75.72,74.81,73.02
2025-09-14,21,63.2,62.2,61.89
2025-09-14,22,57.29,55.63,55.96
2025-09-14,23,41.32,39.99,40.55
2025-09-14,24,33.05,31.9,32.51
2025-09-15,1,31.17,30.6,30.94
2025-09-15,2,30.01,29.67,29.89
2025-09-15,3,27.8,27.69,27.79
2025-09-15,4,27.87,27.92,27.94
2025-09-15,5,27.83,28.04,27.96
2025-09-15,6,27.8,27.98,27.91
2025-09-15,7,32.2,32.31,32.27
2025-09-15,8,31.13,31.22,31.2
2025-09-15,9,22.44,22.37,22.44
2025-09-15,10,17.81,17.81,17.87
2025-09-15,11,20.11,19.45,19.6
2025-09-15,12,23.05,21.4,22.01
2025-09-15,13,26.98,24.54,27.11
2025-09-15,14,32.94,31.38,32.37
2025-09-15,15,39.17,37.5,39.01
2025-09-15,16,42.19,41.61,42.14
2025-09-15,17,46.19,46.19,44.42
2025-09-15,18,56.28,57.06,53.25
2025-09-15,19,78.42,77.79,73.5
2025-09-15,20,74.55,73.82,71.65
2025-09-15,21,64.27,63.2,62.75
2025-09-15,22,43.71,41.74,42.62
2025-09-15,23,35.07,33.29,34.27
2025-09-15,24,26.74,25.11,26.13
2025-09-16,1,26.64,25.97,26.46
2025-09-16,2,24.4,23.67,24.2
2025-09-16,3,23.08,22.65,22.99
2025-09-16,4,22.76,22.53,22.75
2025-09-16,5,23.25,23.12,23.28
2025-09-16,6,26.4,26.38,26.47
2025-09-16,7,34.35,34.46,34.46
2025-09-16,8,32.05,32.02,32.17
2025-09-16,9,21.29,21.63,21.53
2025-09-16,10,17.91,18.14,18.12
2025-09-16,11,18.93,19.51,19.49
2025-09-16,12,20.86,20.9,21.64
2025-09-16,13,29.1,28.4,29.09
2025-09-16,14,35.89,33.91,35.37
2025-09-16,15,42.78,37.97,39.65
2025-09-16,16,52.73,40.93,41
2025-09-16,17,59.2,45.17,42.18
2025-09-16,18,72.14,56.74,49.6
2025-09-16,19,85.17,84.49,71.58
2025-09-16,20,84.6,80.88,70.68
2025-09-16,21,71.19,69,66.06
2025-09-16,22,53.42,51.98,52.04
2025-09-16,23,42.04,40.71,41.16
2025-09-16,24,31.7,30.13,31.09
2025-09-17,1,25.18,23.84,24.64
2025-09-17,2,22.85,21.64,22.39
2025-09-17,3,21.84,20.59,21.37
2025-09-17,4,21.32,20.12,20.86
2025-09-17,5,21.51,20.38,21.07
2025-09-17,6,23.77,22.85,23.38
2025-09-17,7,25.45,24.31,25
2025-09-17,8,24.96,24.06,24.6
2025-09-17,9,18.07,18.1,18.27
2025-09-17,10,16.85,16.8,17.01
2025-09-17,11,18.08,18.14,18.36
2025-09-17,12,19.57,18.51,20.89
2025-09-17,13,24.98,24,28.21
2025-09-17,14,32.52,29.44,35.14
2025-09-17,15,41.57,35.03,41.79
2025-09-17,16,54.11,40.16,44.94
2025-09-17,17,53.08,46.95,43.39
2025-09-17,18,62.14,58.67,50.29
2025-09-17,19,73.79,76.91,65.13
2025-09-17,20,66.36,65.33,59.57
2025-09-17,21,53.69,51.84,49.86
2025-09-17,22,39.88,38.56,38.92
2025-09-17,23,32.43,31.37,32.08
2025-09-17,24,27.78,26.67,27.48
2025-09-18,1,26.09,24.95,25.71
2025-09-18,2,23.42,22.23,23.12
2025-09-18,3,22.68,21.61,22.38
2025-09-18,4,22.43,21.39,22.12
2025-09-18,5,22.34,21.6,22.14
2025-09-18,6,24.43,24.07,24.36
2025-09-18,7,26.75,26.51,26.72
2025-09-18,8,28.85,28.73,28.88
2025-09-18,9,20.67,20.77,20.82
2025-09-18,10,18.7,18.87,18.89
2025-09-18,11,18.84,19.04,19.14
2025-09-18,12,19.79,20.02,20.87
2025-09-18,13,23.77,24.46,26.09
2025-09-18,14,29.34,28.54,30.1
2025-09-18,15,34.18,33.75,34
2025-09-18,16,40.62,39.82,36.93
2025-09-18,17,51.3,49.94,41.13
2025-09-18,18,60.97,60.47,48.38
2025-09-18,19,77.9,77.19,65.71
2025-09-18,20,75.95,73.78,67.7
2025-09-18,21,58.33,57.83,55.35
2025-09-18,22,47.22,46.41,46.04
2025-09-18,23,41.31,41.03,40.86
2025-09-18,24,34.66,34.48,34.48
2025-09-19,1,30.41,30.52,30.4
2025-09-19,2,28.9,29.18,29.1
2025-09-19,3,28.4,29.02,28.61
2025-09-19,4,27.54,28.46,27.88
2025-09-19,5,27.77,28.87,28.24
2025-09-19,6,29.81,30.69,30.24
2025-09-19,7,34.8,35.95,35.15
2025-09-19,8,33.48,34.24,33.67
2025-09-19,9,23.95,24.19,24.03
2025-09-19,10,19.14,19.1,19
2025-09-19,11,18.87,18.95,19.03
2025-09-19,12,20.08,20.17,20.93
2025-09-19,13,25.77,24.9,26.3
2025-09-19,14,33.02,28.73,31.13
2025-09-19,15,39.06,31.13,35.17
2025-09-19,16,45.81,33.97,37.34
2025-09-19,17,48.98,36.79,36.57
2025-09-19,18,51.89,43.59,39.46
2025-09-19,19,65.38,65,59.23
2025-09-19,20,61.21,59.37,57.96
2025-09-19,21,48.53,45.97,46.72
2025-09-19,22,39.66,37.24,38.72
2025-09-19,23,32.9,30.95,32.24
2025-09-19,24,26.41,24.47,25.74
2025-09-20,1,25.22,23.14,24.48
2025-09-20,2,24.27,22.13,23.5
2025-09-20,3,23.36,21.38,22.65
2025-09-20,4,22.08,19.99,21.33
2025-09-20,5,22.86,20.86,22.14
2025-09-20,6,23.71,22.07,23.12
2025-09-20,7,24.57,23.02,24.01
2025-09-20,8,25.35,24.23,24.93
2025-09-20,9,19.23,18.83,19.12
2025-09-20,10,17.35,17.29,17.34
2025-09-20,11,18.16,18.07,18.02
2025-09-20,12,19.86,18.63,19.08
2025-09-20,13,24.99,22.35,22.74
2025-09-20,14,29.12,25.92,26.69
2025-09-20,15,33.1,28.42,28.7
2025-09-20,16,38.29,30.97,30.05
2025-09-20,17,46.6,36.61,34.34
2025-09-20,18,47.55,39.9,36.44
2025-09-20,19,57.31,56.02,52.21
2025-09-20,20,60.47,58.33,56.17
2025-09-20,21,47.54,46.51,46.35
2025-09-20,22,36.66,35.16,35.93
2025-09-20,23,28.31,27.21,27.88
2025-09-20,24,25.03,23.75,24.57
2025-09-21,1,23.73,22.84,23.44
2025-09-21,2,22.59,21.72,22.31
2025-09-21,3,21.76,21.13,21.58
2025-09-21,4,21.49,20.89,21.32
2025-09-21,5,21.9,21.53,21.81
2025-09-21,6,22.01,21.85,22
2025-09-21,7,22.64,22.48,22.64
2025-09-21,8,21.4,21.28,21.4
2025-09-21,9,17.51,17.59,17.58
2025-09-21,10,14.87,14.56,14.73
2025-09-21,11,15.66,14.43,14.95
2025-09-21,12,17.02,15.71,16.23
2025-09-21,13,22.49,21.05,21.46
2025-09-21,14,28.4,25.12,25.3
2025-09-21,15,32.59,28.51,28.65
2025-09-21,16,37.24,32.18,31.77
2025-09-21,17,48.53,39.76,37.15
2025-09-21,18,61.12,49.74,45.36
2025-09-21,19,66.69,63.27,59.22
2025-09-21,20,62.88,60.76,58.9
2025-09-21,21,42.66,42.47,42.05
2025-09-21,22,32.84,32.3,32.54
2025-09-21,23,25.97,25.89,25.98
2025-09-21,24,23.22,23.38,23.34
2025-09-22,1,21.02,21.3,21.19
2025-09-22,2,19.62,19.93,19.8
2025-09-22,3,19.39,19.71,19.6
2025-09-22,4,18.6,18.85,18.76
2025-09-22,5,18.74,18.8,18.85
2025-09-22,6,20.49,20.7,20.64
2025-09-22,7,21.25,21.37,21.35
2025-09-22,8,22.18,22.38,22.46
2025-09-22,9,19.96,20.04,20.19
2025-09-22,10,17.55,17.72,18.27
2025-09-22,11,18.25,18.31,20.16
2025-09-22,12,23.96,23.18,26.55
2025-09-22,13,34.28,27.96,34.85
2025-09-22,14,49.45,32.44,38.65
2025-09-22,15,63.31,43.46,44.66
2025-09-22,16,82.36,47.4,41.54
2025-09-22,17,89.13,48.11,40.5
2025-09-22,18,104.97,55.92,43.97
2025-09-22,19,111.52,90.05,76.49
2025-09-22,20,87.12,75.91,70.49
2025-09-22,21,44.69,41.72,40.58
2025-09-22,22,30.51,27.89,28.76
2025-09-22,23,25.13,25.17,25.51
2025-09-22,24,22.12,22.2,22.28
2025-09-23,1,22.13,22.16,22.17
2025-09-23,2,21.2,21.21,21.21
2025-09-23,3,20.58,20.49,20.6
2025-09-23,4,20.08,19.71,20
2025-09-23,5,20.04,19.51,19.93
2025-09-23,6,21.51,21.2,21.48
2025-09-23,7,24.06,23.76,24.04
2025-09-23,8,24.56,24.38,24.61
2025-09-23,9,17.83,17.68,17.88
2025-09-23,10,14.99,14.64,15.19
2025-09-23,11,16.59,15.74,17.24
2025-09-23,12,21.71,19.83,23.66
2025-09-23,13,32.06,27.04,34.14
2025-09-23,14,54.48,32.64,36.55
2025-09-23,15,97.44,43.36,42.2
2025-09-23,16,133.12,49.44,40.78
2025-09-23,17,155.11,55.01,42.94
2025-09-23,18,164.86,66.61,50.07
2025-09-23,19,166.03,95.88,81.29
2025-09-23,20,141.62,98.72,87.44
2025-09-23,21,103.18,80.6,72.51
2025-09-23,22,61.96,50.95,48.78
2025-09-23,23,47.55,44.34,44.49
2025-09-23,24,39.69,36.83,37.98
2025-09-24,1,32.3,29.97,31
2025-09-24,2,28.7,26.6,27.76
2025-09-24,3,25.7,23.62,24.89
2025-09-24,4,24.42,22.79,23.86
2025-09-24,5,24.82,23.37,24.4
2025-09-24,6,26,24.95,25.79
2025-09-24,7,29.83,28.39,29.05
2025-09-24,8,30.76,28.81,29.51
2025-09-24,9,24.82,23.62,24.22
2025-09-24,10,23.95,22.61,24.03
2025-09-24,11,23.94,23.08,25.97
2025-09-24,12,24.53,24.66,30.55
2025-09-24,13,28.56,25.17,33.5
2025-09-24,14,38.23,25.99,36.47
2025-09-24,15,55.25,29.62,38.95
2025-09-24,16,71.72,31.81,41.41
2025-09-24,17,73.49,29.89,35.72
2025-09-24,18,74.39,30.98,32.06
2025-09-24,19,65.95,43.44,42.6
2025-09-24,20,60.11,45.8,45.02
2025-09-24,21,53.84,46.22,45.16
2025-09-24,22,45.6,39.44,40
2025-09-24,23,34.32,33.11,33.55
2025-09-24,24,28.65,28.3,28.55
2025-09-25,1,29.21,29.89,29.62
2025-09-25,2,29.31,30.01,29.76
2025-09-25,3,28,29.02,28.56
2025-09-25,4,27.62,28.71,28.23
2025-09-25,5,28.41,29.8,29.15
2025-09-25,6,31.47,32.4,32.05
2025-09-25,7,35.14,35.1,35.02
2025-09-25,8,34.97,34,34.48
2025-09-25,9,26.76,25.23,25.93
2025-09-25,10,21.02,20.41,20.42
2025-09-25,11,20.47,19.84,19.94
2025-09-25,12,20.02,20.01,20.88
2025-09-25,13,23.61,21.13,23.04
2025-09-25,14,30.77,23.25,27.46
2025-09-25,15,31,25.09,29.89
2025-09-25,16,39.51,29.17,32.07
2025-09-25,17,41.36,30.06,32.95
2025-09-25,18,53.81,35.75,35.87
2025-09-25,19,98.78,70.96,66.92
2025-09-25,20,116.66,86.96,81.02
2025-09-25,21,95.76,76.8,75.81
2025-09-25,22,58.33,50.71,49.67
2025-09-25,23,44.44,42.52,42.48
2025-09-25,24,33.38,33.26,33.45
2025-09-26,1,32.36,32.6,32.56
2025-09-26,2,27,27.01,27.12
2025-09-26,3,24.37,24.53,24.55
2025-09-26,4,23.47,23.86,23.76
2025-09-26,5,23.54,23.85,23.77
2025-09-26,6,25.12,25.44,25.35
2025-09-26,7,27.9,28.09,28.05
2025-09-26,8,27.44,27.39,27.36
2025-09-26,9,19.74,19.37,19.38
2025-09-26,10,14.76,14.5,15.43
2025-09-26,11,15.17,14.7,17.02
2025-09-26,12,16.22,15.48,20.27
2025-09-26,13,20.88,18.49,24.28
2025-09-26,14,27.41,23.19,30.62
2025-09-26,15,32.74,26.86,36.51
2025-09-26,16,39.91,30.12,36.74
2025-09-26,17,49.97,29.03,34.7
2025-09-26,18,52.62,37.82,38.53
2025-09-26,19,93.86,69.15,62.75
2025-09-26,20,93.1,66.1,60.63
2025-09-26,21,48.78,42.18,42.53
2025-09-26,22,35.16,29.95,31.42
2025-09-26,23,25.39,22.91,24.52
2025-09-26,24,22.37,19.92,21.53
2025-09-27,1,23.52,21.76,22.94
2025-09-27,2,21.44,20.05,20.99
2025-09-27,3,20.09,18.77,19.68
2025-09-27,4,19.63,18.51,19.3
2025-09-27,5,20.37,19.45,20.1
2025-09-27,6,21.97,21.32,21.78
2025-09-27,7,22.43,21.98,22.32
2025-09-27,8,21.88,21.63,21.84
2025-09-27,9,14.82,14.63,14.77
2025-09-27,10,13.23,13.18,13.15
2025-09-27,11,15.26,15.36,15.08
2025-09-27,12,17.51,17.51,17.27
2025-09-27,13,22.3,22.1,22.02
2025-09-27,14,25.56,24.58,25.06
2025-09-27,15,30.72,27.65,28.1
2025-09-27,16,38.59,30.41,29.13
2025-09-27,17,44.5,30.73,28.84
2025-09-27,18,53.09,39.33,34.55
2025-09-27,19,89.98,62.64,53.96
2025-09-27,20,69.45,59.09,54.36
2025-09-27,21,46.54,42.02,41.03
2025-09-27,22,35.53,32.49,33.37
2025-09-27,23,28.87,27.25,28.13
2025-09-27,24,25.45,24.26,25.01
2025-09-28,1,22.71,22.44,22.66
2025-09-28,2,21.66,21.56,21.68
2025-09-28,3,20.75,20.76,20.82
2025-09-28,4,20.15,20.21,20.24
2025-09-28,5,20.67,20.9,20.82
2025-09-28,6,20.65,20.97,20.79
2025-09-28,7,19.32,20,19.6
2025-09-28,8,20.31,21.14,20.43
2025-09-28,9,15.69,15.7,15.63
2025-09-28,10,14.59,14.71,14.56
2025-09-28,11,15.42,15.31,15.11
2025-09-28,12,17.43,17.49,17
2025-09-28,13,20.26,20.05,19.9
2025-09-28,14,23.31,23.2,22.88
2025-09-28,15,26.19,25.6,25.24
2025-09-28,16,31.37,29.56,28.28
2025-09-28,17,36.92,31.84,30.03
2025-09-28,18,51.93,42.3,35.94
2025-09-28,19,96.46,68.68,54.91
2025-09-28,20,95.55,67.78,58.86
2025-09-28,21,56.89,52.45,49.57
2025-09-28,22,40.13,36.74,36.87
2025-09-28,23,29.48,27.95,28.93
2025-09-28,24,26.2,24.66,25.67
2025-09-29,1,21.01,20.13,20.55
2025-09-29,2,20.38,19.55,20.17
2025-09-29,3,20.66,19.99,20.52
2025-09-29,4,20.23,20.01,20.26
2025-09-29,5,20.39,20.57,20.43
2025-09-29,6,24.1,24.42,24.28
2025-09-29,7,27.18,26.97,27.15
2025-09-29,8,30.02,30.2,29.67
2025-09-29,9,22.3,21.85,21.66
2025-09-29,10,19.3,18.7,18.37
2025-09-29,11,19.73,19.33,18.75
2025-09-29,12,21.37,20.69,20.52
2025-09-29,13,24.39,23.78,24.58
2025-09-29,14,27.37,26.18,26.97
2025-09-29,15,33.43,31.65,32.08
2025-09-29,16,40.48,38.06,35.53
2025-09-29,17,46.36,45.2,40.23
2025-09-29,18,59.78,58.39,48.24
2025-09-29,19,92.11,85.03,68.82
2025-09-29,20,87.79,73.24,65.04
2025-09-29,21,68.64,62.58,60.82
2025-09-29,22,46.21,43.45,43.29
2025-09-29,23,37.25,37.32,37.26
2025-09-29,24,29.11,29.54,29.35
2025-09-30,1,28.12,29.1,28.68
2025-09-30,2,25.07,26.28,25.69
2025-09-30,3,24.3,25.49,24.92
2025-09-30,4,23.92,25.23,24.46
2025-09-30,5,24.36,25.95,24.95
2025-09-30,6,26.24,28.19,27.15
2025-09-30,7,31.94,33.45,32.16
2025-09-30,8,31.03,32.6,31.58
2025-09-30,9,25.37,25.16,25.04
2025-09-30,10,19.56,19.56,19.47
2025-09-30,11,19.28,18.84,18.81
2025-09-30,12,20.44,19.55,20.33
2025-09-30,13,24.31,22.31,24.19
2025-09-30,14,29.47,26.25,30.18
2025-09-30,15,35.51,30.58,34.25
2025-09-30,16,43.9,31.45,34.64
2025-09-30,17,54.57,35.08,36.12
2025-09-30,18,81.67,42.63,39.94
2025-09-30,19,127.9,88.12,76.23
2025-09-30,20,112.5,79.98,69.32
2025-09-30,21,75.69,58.37,56.88
2025-09-30,22,47.77,39.83,41.9
2025-09-30,23,30.41,26.76,29.07
2025-09-30,24,25.23,22.1,24.16
2025-10-01,1,24.26,21.1,23.13
2025-10-01,2,22.42,19.36,21.33
2025-10-01,3,20.61,17.78,19.57
2025-10-01,4,19.6,16.86,18.59
2025-10-01,5,19.95,17.89,19.21
2025-10-01,6,22.23,20.59,21.65
2025-10-01,7,27.65,26.16,27.16
2025-10-01,8,28.8,27.14,28.17
2025-10-01,9,18.91,17.73,18.32
2025-10-01,10,13.31,13.01,13.17
2025-10-01,11,15.33,15.2,15.24
2025-10-01,12,17.16,17.14,18.98
2025-10-01,13,23.31,22.88,24.84
2025-10-01,14,32.19,28.55,31.02
2025-10-01,15,44.48,33.52,36
2025-10-01,16,81.9,36.84,37.81
2025-10-01,17,96.4,43.12,43.19
2025-10-01,18,116.28,64.74,60.63
2025-10-01,19,131.78,97.12,91.64
2025-10-01,20,105.92,86.1,84.68
2025-10-01,21,57.31,51.25,52.91
2025-10-01,22,38.41,34.7,37.24
2025-10-01,23,27.37,24.17,26.24
2025-10-01,24,24.2,21.54,23.28
2025-10-02,1,23.59,20.89,22.54
2025-10-02,2,21.58,18.59,20.54
2025-10-02,3,20.57,17.53,19.37
2025-10-02,4,20.79,17.92,19.66
2025-10-02,5,21.71,18.95,20.69
2025-10-02,6,23.78,21.26,22.9
2025-10-02,7,29.5,27.27,28.74
2025-10-02,8,32.45,30.29,31.71
2025-10-02,9,19.97,18.38,19.24
2025-10-02,10,15.28,14.98,14.92
2025-10-02,11,18.01,17.87,17.67
2025-10-02,12,21.34,20.28,21.04
2025-10-02,13,29.18,24.95,27.72
2025-10-02,14,42.1,28.87,32.63
2025-10-02,15,60,35.54,38.23
2025-10-02,16,103.14,38.73,41.2
2025-10-02,17,123.48,41.73,43.13
2025-10-02,18,108.88,56.24,53.83
2025-10-02,19,115.11,85.81,81.38
2025-10-02,20,97.36,75.6,74.56
2025-10-02,21,47.99,40.95,44.09
2025-10-02,22,37.88,32.59,36.24
2025-10-02,23,30.6,25.86,28.96
2025-10-02,24,26.89,22.57,25.38
2025-10-03,1,27.38,22.72,25.72
2025-10-03,2,26.1,21.51,24.47
2025-10-03,3,24.84,20.74,23.29
2025-10-03,4,25.37,22.01,24.06
2025-10-03,5,25.54,22.19,24.3
2025-10-03,6,30.26,27.43,29.27
2025-10-03,7,32.23,29.95,31.45
2025-10-03,8,36.09,34.05,35.4
2025-10-03,9,23.83,22.99,23.49
2025-10-03,10,18.29,17.93,17.93
2025-10-03,11,18.89,18.63,18.93
2025-10-03,12,21.43,20.68,22.26
2025-10-03,13,28.65,24.25,26.92
2025-10-03,14,41.03,28.62,36.17
2025-10-03,15,49.71,33.68,38.43
2025-10-03,16,65.44,33.41,38.78
2025-10-03,17,74.32,32.67,37.92
2025-10-03,18,81.77,43.87,47.19
2025-10-03,19,77.71,64.42,65.45
2025-10-03,20,65.35,59.4,61.97
2025-10-03,21,43.52,37.9,41.37
2025-10-03,22,35.61,30.03,33.69
2025-10-03,23,29.93,24.68,28.15
2025-10-03,24,25.99,21.62,24.47
2025-10-04,1,31.3,27.29,29.87
2025-10-04,2,28.29,24.33,26.99
2025-10-04,3,26.32,22.66,24.98
2025-10-04,4,24.7,21.27,23.27
2025-10-04,5,24.6,21.77,23.51
2025-10-04,6,24.46,22.16,23.63
2025-10-04,7,25.46,23.42,24.71
2025-10-04,8,26.79,25.01,26.17
2025-10-04,9,18.47,17.42,18.09
2025-10-04,10,11.88,9.18,11.41
2025-10-04,11,12.21,7.54,14.32
2025-10-04,12,16.55,10.31,18.49
2025-10-04,13,23.48,15,26.57
2025-10-04,14,29.23,18.87,30.45
2025-10-04,15,38.73,20.66,37.46
2025-10-04,16,43.51,19.8,36.09
2025-10-04,17,44.86,21.16,34.69
2025-10-04,18,49.39,22.78,29.14
2025-10-04,19,60.03,44.02,48.74
2025-10-04,20,50.49,43.99,47.58
2025-10-04,21,42.05,36.55,39.98
2025-10-04,22,34.73,28.93,32.54
2025-10-04,23,27.57,22.44,25.71
2025-10-04,24,26.47,21.78,24.89
2025-10-05,1,24.24,20.16,22.88
2025-10-05,2,23.02,18.83,21.63
2025-10-05,3,21.96,17.56,20.54
2025-10-05,4,21.08,17.32,19.88
2025-10-05,5,20.31,17.02,19.34
2025-10-05,6,19.91,17.48,19.16
2025-10-05,7,19.88,18.04,19.2
2025-10-05,8,19.56,17.71,19
2025-10-05,9,13.64,11.43,12.7
2025-10-05,10,12.33,3.01,6.68
2025-10-05,11,13.85,6.06,11.11
2025-10-05,12,20.12,6.87,15.82
2025-10-05,13,30.74,14.94,24.28
2025-10-05,14,39.76,18.75,30.06
2025-10-05,15,52.48,24.35,34.31
2025-10-05,16,54.52,22.75,32.99
2025-10-05,17,59.53,21.66,30.83
2025-10-05,18,63.62,26.84,35.11
2025-10-05,19,87.47,64.53,71.18
2025-10-05,20,69.63,60.84,65.05
2025-10-05,21,52.69,46.16,50.18
2025-10-05,22,40.15,32.44,36.97
2025-10-05,23,31.33,25.65,29.29
2025-10-05,24,26.19,21.02,24.33
2025-10-06,1,23.29,17.24,20.35
2025-10-06,2,22.1,16.88,19.44
2025-10-06,3,21.92,16.66,19.18
2025-10-06,4,22.17,18.14,20.14
2025-10-06,5,22.49,20.37,21.46
2025-10-06,6,25.77,24.48,25.29
2025-10-06,7,36.12,35.27,35.8
2025-10-06,8,39.87,39.45,39.72
2025-10-06,9,28.44,28.11,28.29
2025-10-06,10,21.02,19.13,19.57
2025-10-06,11,22.78,20.08,21.49
2025-10-06,12,29.97,22.18,27.14
2025-10-06,13,41.24,29.62,39.67
2025-10-06,14,53.71,34.55,44.29
2025-10-06,15,67.86,39.18,51.19
2025-10-06,16,67.83,41.79,50.48
2025-10-06,17,75.62,48.43,55.84
2025-10-06,18,79.36,65.02,67.35
2025-10-06,19,97.5,93.5,91.37
2025-10-06,20,87.67,84.75,83.95
2025-10-06,21,64.59,60.66,62.77
2025-10-06,22,50.41,47.83,49.16
2025-10-06,23,38.16,35.99,37.21
2025-10-06,24,32.17,30.45,31.43
2025-10-07,1,30.08,27.92,28.94
2025-10-07,2,28.48,27.26,27.84
2025-10-07,3,28.26,26.82,27.51
2025-10-07,4,28.2,27.17,27.71
2025-10-07,5,29.11,28.38,28.84
2025-10-07,6,34.19,33.4,33.87
2025-10-07,7,39.95,39.36,39.73
2025-10-07,8,42.31,41.12,41.82
2025-10-07,9,28.05,27.08,27.64
2025-10-07,10,25.53,21.44,22.98
2025-10-07,11,27.67,23.38,25.09
2025-10-07,12,35.37,26.97,31.08
2025-10-07,13,45.14,36,40.97
2025-10-07,14,65.01,41.58,50.52
2025-10-07,15,79.04,45.81,54.07
2025-10-07,16,99.32,46.4,54.15
2025-10-07,17,114.46,48.14,54.29
2025-10-07,18,122.61,64.93,66.17
2025-10-07,19,121.13,94.9,90.74
2025-10-07,20,93.93,80.71,79.82
2025-10-07,21,72.9,66.67,70.16
2025-10-07,22,50.05,45.66,48.05
2025-10-07,23,39.29,36.27,38.27
2025-10-07,24,34.8,32.49,33.91
2025-10-08,1,29.32,27.48,28.67
2025-10-08,2,28.23,26.19,27.48
2025-10-08,3,27.41,25.21,26.67
2025-10-08,4,26.63,24.97,26.08
2025-10-08,5,26.53,25.18,26.13
2025-10-08,6,28.19,26.71,27.76
2025-10-08,7,32.16,30.87,31.89
2025-10-08,8,34.51,33.33,34.24
2025-10-08,9,25.37,25,25.32
2025-10-08,10,22.9,21.52,22.25
2025-10-08,11,23.22,21.98,22.52
2025-10-08,12,26.71,24.77,26.42
2025-10-08,13,34.94,31.66,35.32
2025-10-08,14,47.83,36.01,38.73
2025-10-08,15,56.37,40.15,43.02
2025-10-08,16,74.65,44.18,45.36
2025-10-08,17,86.62,53.02,53.58
2025-10-08,18,109.61,73.04,68.99
2025-10-08,19,132.5,101.21,97.58
2025-10-08,20,99.1,82.55,83.21
2025-10-08,21,81.99,76.12,78.11
2025-10-08,22,54.69,48.21,52.21
2025-10-08,23,41.46,37.37,39.85
2025-10-08,24,34.09,30.96,32.89
2025-10-09,1,34.84,30.42,33.22
2025-10-09,2,31.62,27.1,29.86
2025-10-09,3,30.28,25.97,28.63
2025-10-09,4,28.92,24.54,27.27
2025-10-09,5,27.99,24,26.52
2025-10-09,6,29.79,26.08,28.65
2025-10-09,7,33.3,30.02,32.36
2025-10-09,8,35.86,33.04,34.9
2025-10-09,9,24.85,23.41,24.32
2025-10-09,10,20.15,18.73,19.68
2025-10-09,11,19.28,17.71,19.4
2025-10-09,12,21.74,19.91,22.18
2025-10-09,13,32.26,27.72,30.8
2025-10-09,14,45.59,34.92,38.54
2025-10-09,15,51.47,37.66,41.43
2025-10-09,16,60.02,39.3,43.45
2025-10-09,17,59.12,37.59,41.29
2025-10-09,18,83.49,46.94,50.58
2025-10-09,19,92.8,85.74,83.08
2025-10-09,20,84.17,78.9,78.94
2025-10-09,21,58.89,53.38,56.37
2025-10-09,22,42.73,38.15,41.01
2025-10-09,23,32.09,28.27,30.66
2025-10-09,24,28.53,25.13,27.13
2025-10-10,1,28.3,24.52,27.1
2025-10-10,2,26.27,22.72,25.09
2025-10-10,3,25.37,21.45,23.94
2025-10-10,4,24.54,20.59,23.15
2025-10-10,5,24.66,20.6,23.23
2025-10-10,6,26.79,22.66,25.32
2025-10-10,7,30.82,26.48,29.53
2025-10-10,8,33.22,29.56,32.01
2025-10-10,9,22.63,20.32,21.64
2025-10-10,10,18.51,15.41,16.25
2025-10-10,11,18.02,14.98,16.05
2025-10-10,12,21.53,16.93,18.76
2025-10-10,13,26.7,20.87,23.04
2025-10-10,14,36.55,29.7,31.83
2025-10-10,15,46.61,33.05,37.64
2025-10-10,16,52.25,34.74,39.66
2025-10-10,17,57.29,34.71,39.26
2025-10-10,18,66.61,41.59,46.03
2025-10-10,19,90.7,83.27,85.49
2025-10-10,20,83.49,77.36,81.43
2025-10-10,21,54.47,50.19,52.77
2025-10-10,22,41.82,36.67,39.92
2025-10-10,23,32.35,27.3,30.43
2025-10-10,24,28.16,24.31,26.62
2025-10-11,1,30.82,26.27,28.86
2025-10-11,2,28.38,23.92,26.32
2025-10-11,3,27.03,22.55,24.94
2025-10-11,4,25.99,21.91,23.88
2025-10-11,5,25,21.26,23.09
2025-10-11,6,25.42,22.06,23.68
2025-10-11,7,26.01,23.26,24.74
2025-10-11,8,28.08,25.35,26.79
2025-10-11,9,19.47,17.09,18.03
2025-10-11,10,15.63,12.89,13.52
2025-10-11,11,17.14,12.39,13.6
2025-10-11,12,24.69,11.38,14.02
2025-10-11,13,28.2,13.16,16.16
2025-10-11,14,38.08,14.76,20.8
2025-10-11,15,54.95,19.68,26.49
2025-10-11,16,66.66,22.95,31.7
2025-10-11,17,73.89,20.61,30.95
2025-10-11,18,73.49,29.05,35.39
2025-10-11,19,59.86,50.81,52.08
2025-10-11,20,50,43.39,45.89
2025-10-11,21,35.97,32.3,34.46
2025-10-11,22,29.6,23.69,26.56
2025-10-11,23,25.07,21.61,23.52
2025-10-11,24,22.88,21.16,22.53
2025-10-12,1,22.24,20.94,22.11
2025-10-12,2,21.2,18.91,20.67
2025-10-12,3,18.98,16.43,18.46
2025-10-12,4,18.94,16.22,18.32
2025-10-12,5,17.09,14.47,16.66
2025-10-12,6,16.87,13.86,16.2
2025-10-12,7,18,16.35,17.81
2025-10-12,8,17.15,15.74,16.92
2025-10-12,9,14.31,7.83,10.36
2025-10-12,10,17.29,1.06,6.57
2025-10-12,11,21.68,1.13,6.75
2025-10-12,12,26.63,3.78,10.44
2025-10-12,13,33.34,10.42,18.39
2025-10-12,14,43.12,15.41,24.69
2025-10-12,15,61.44,21.16,29.44
2025-10-12,16,65.54,24.14,34.25
2025-10-12,17,70.08,25.66,36.23
2025-10-12,18,73.91,40.02,46.52
2025-10-12,19,78.85,67.16,68.55
2025-10-12,20,69,65.07,66.09
2025-10-12,21,40.54,38.07,39.18
2025-10-12,22,37.33,34.44,36.57
2025-10-12,23,30.29,28,29.25
2025-10-12,24,26.9,25.32,26.17
2025-10-13,1,21.35,20.92,21.38
2025-10-13,2,20.25,19.51,19.96
2025-10-13,3,19.73,18.94,19.43
2025-10-13,4,21.5,20.59,20.97
2025-10-13,5,22.74,21.96,22.38
2025-10-13,6,26.89,25.74,26.39
2025-10-13,7,36.15,35.19,35.72
2025-10-13,8,39.97,38.84,39.08
2025-10-13,9,31.59,31.12,31.26
2025-10-13,10,24.72,23.88,23.59
2025-10-13,11,25.7,25.48,24.68
2025-10-13,12,29.75,28.42,27.8
2025-10-13,13,41.74,40.18,37.88
2025-10-13,14,53.04,45.6,45.32
2025-10-13,15,61.27,51.61,49.76
2025-10-13,16,64.71,48.94,49.12
2025-10-13,17,69.62,41.1,44.5
2025-10-13,18,86.96,63.52,63.76
2025-10-13,19,102.54,104.58,93.57
2025-10-13,20,76.74,78.87,73.83
2025-10-13,21,56.55,55.69,55.62
2025-10-13,22,44.37,43.67,44.06
2025-10-13,23,34.12,32.75,33.72
2025-10-13,24,27.14,25.6,26.92
2025-10-14,1,25.09,23.47,24.56
2025-10-14,2,23.74,22.07,23.17
2025-10-14,3,23.29,21.67,22.66
2025-10-14,4,23.58,21.97,22.79
2025-10-14,5,24.88,23.15,24.07
2025-10-14,6,27.88,26,26.81
2025-10-14,7,36.42,34.07,35.6
2025-10-14,8,38.63,37.09,37.86
2025-10-14,9,26.76,25.18,25.53
2025-10-14,10,21.92,19.89,19.91
2025-10-14,11,21.54,18.5,19.13
2025-10-14,12,25.35,20.44,21.42
2025-10-14,13,30.62,23.48,26.21
2025-10-14,14,42.34,29.34,33.33
2025-10-14,15,49.59,34.45,37.94
2025-10-14,16,57.76,36.15,41.15
2025-10-14,17,58.21,34.98,39.41
2025-10-14,18,82.41,53.79,59.26
2025-10-14,19,110.14,105.77,102.39
2025-10-14,20,95.66,95.21,93.06
2025-10-14,21,63.65,61.73,62.39
2025-10-14,22,41.75,38.16,40.47
2025-10-14,23,31.14,27.06,29.71
2025-10-14,24,27.06,23.31,25.77
2025-10-15,1,26.02,22.71,24.8
2025-10-15,2,24.42,21.62,23.4
2025-10-15,3,24.45,21.51,23.06
2025-10-15,4,24.84,21.93,23.26
2025-10-15,5,26.26,23.71,24.88
2025-10-15,6,28.63,25.7,26.9
2025-10-15,7,40.24,37.11,38.91
2025-10-15,8,47.21,44.27,45.69
2025-10-15,9,25.75,24.66,25.08
2025-10-15,10,19.46,17.35,17.82
2025-10-15,11,21.19,17.36,18.02
2025-10-15,12,24.17,18.5,20.16
2025-10-15,13,34.01,22.07,25.25
2025-10-15,14,57.13,29.76,35.24
2025-10-15,15,63.2,32.43,37.92
2025-10-15,16,65.63,33.97,38.05
2025-10-15,17,74.05,31.02,36.87
2025-10-15,18,90.71,45,49.99
2025-10-15,19,102.3,90.12,88.11
2025-10-15,20,78.11,73.64,74.36
2025-10-15,21,50.41,44.15,48.46
2025-10-15,22,35.58,29.22,33.53
2025-10-15,23,29.28,23.51,27.17
2025-10-15,24,25.87,20.78,23.95
2025-10-16,1,22.62,19.31,21.65
2025-10-16,2,20.53,17.51,19.62
2025-10-16,3,19.78,17.2,19.01
2025-10-16,4,18.92,16.49,18.15
2025-10-16,5,19.53,17.2,18.78
2025-10-16,6,21.43,19.2,20.7
2025-10-16,7,25.64,23.58,25.11
2025-10-16,8,27.63,26.01,27.09
2025-10-16,9,19.87,19.28,19.53
2025-10-16,10,15.81,14.09,14.69
2025-10-16,11,17.4,14.04,14.96
2025-10-16,12,22.65,13.16,16.21
2025-10-16,13,26.97,15.93,18.87
2025-10-16,14,38.17,20.19,25
2025-10-16,15,42.73,22.29,26.58
2025-10-16,16,48.28,25.29,28.44
2025-10-16,17,48.75,28.27,29.39
2025-10-16,18,50.64,37.19,36.05
2025-10-16,19,55.13,48.99,51.15
2025-10-16,20,49.62,44.85,47.43
2025-10-16,21,35.37,31.56,33.65
2025-10-16,22,28.6,24.31,27.25
2025-10-16,23,25.3,21.16,24.17
2025-10-16,24,22.38,18.99,21.81
2025-10-17,1,18.81,15.88,18.64
2025-10-17,2,17.97,15,17.75
2025-10-17,3,18.05,14.85,17.68
2025-10-17,4,18.19,14.78,17.61
2025-10-17,5,18.21,15.01,17.35
2025-10-17,6,20.71,17.62,19.65
2025-10-17,7,24.67,22.08,23.63
2025-10-17,8,26.82,25.2,25.97
2025-10-17,9,23.65,22.11,22.66
2025-10-17,10,19.62,17.5,17.52
2025-10-17,11,22.22,17.69,18.8
2025-10-17,12,29.15,22.08,23.92
2025-10-17,13,39.13,29.92,31.75
2025-10-17,14,51.97,37.04,39.26
2025-10-17,15,58.84,37.86,41.63
2025-10-17,16,68.24,41.55,45.67
2025-10-17,17,71.71,39.79,43.34
2025-10-17,18,82.52,56.49,57.69
2025-10-17,19,88.84,86.63,82.75
2025-10-17,20,75.78,72.69,72.08
2025-10-17,21,44.07,39.76,41.44
2025-10-17,22,32.34,29.14,30.8
2025-10-17,23,28.46,25.77,27.49
2025-10-17,24,24.6,22.52,24.14
2025-10-18,1,27.21,23.68,26.22
2025-10-18,2,26.42,22.7,25.38
2025-10-18,3,25.34,21.5,24.24
2025-10-18,4,25.55,21.06,24.21
2025-10-18,5,25.93,20.05,24.18
2025-10-18,6,27.25,20.94,25.36
2025-10-18,7,28.14,22.2,26.36
2025-10-18,8,29.66,23.47,27.8
2025-10-18,9,30.5,24.23,28.6
2025-10-18,10,29.73,28.34,29.28
2025-10-18,11,29.96,29.19,29.57
2025-10-18,12,31.59,30.12,31.16
2025-10-18,13,33.85,26.94,31.25
2025-10-18,14,43.98,27.66,33.02
2025-10-18,15,56.52,29.13,34.84
2025-10-18,16,66.45,28.8,35.98
2025-10-18,17,66.12,26.64,35.03
2025-10-18,18,88.25,34.61,46.85
2025-10-18,19,103.61,69.85,79.35
2025-10-18,20,89.04,70.9,80.45
2025-10-18,21,64.44,53.32,60.5
2025-10-18,22,45.48,35.64,42.27
2025-10-18,23,36.33,27.5,33.6
2025-10-18,24,28.82,21.95,26.76
2025-10-19,1,23.88,19.89,22.92
2025-10-19,2,22.59,18.54,21.59
2025-10-19,3,20.63,16.68,19.76
2025-10-19,4,19.47,16.56,18.91
2025-10-19,5,21.19,18.89,20.64
2025-10-19,6,23.37,21.13,22.76
2025-10-19,7,27.18,25.57,26.66
2025-10-19,8,31.01,30.07,30.7
2025-10-19,9,21.33,20.16,20.93
2025-10-19,10,10.83,10.89,10.74
2025-10-19,11,9.5,9.97,9.39
2025-10-19,12,12.38,13.54,12.3
2025-10-19,13,14.56,15.07,14.57
2025-10-19,14,16.48,16.08,15.71
2025-10-19,15,19.15,15.72,16.27
2025-10-19,16,24.72,15.13,17.3
2025-10-19,17,25.8,14.9,18.6
2025-10-19,18,31.17,20.43,24.43
2025-10-19,19,55.19,47.97,52.25
2025-10-19,20,47.15,39.29,44.44
2025-10-19,21,33.17,26,30.62
2025-10-19,22,24.12,17.55,22.13
2025-10-19,23,19.03,13.53,17.86
2025-10-19,24,17.25,14.09,17.05
2025-10-20,1,17.63,14.78,17.86
2025-10-20,2,16.54,13.25,16.75
2025-10-20,3,15.94,12.35,16.1
2025-10-20,4,15.25,11.62,15.52
2025-10-20,5,15.3,12.26,15.59
2025-10-20,6,16.24,13.87,17.11
2025-10-20,7,20.14,16.93,20.91
2025-10-20,8,20.77,18.64,21.69
2025-10-20,9,15.23,11.6,15.2
2025-10-20,10,9.41,0.33,6.24
2025-10-20,11,10.51,0.85,7.58
2025-10-20,12,16.99,3.04,13.63
2025-10-20,13,20.68,7.57,16.99
2025-10-20,14,29.22,15.56,24.11
2025-10-20,15,32.12,20.06,26.65
2025-10-20,16,42.46,22.28,32.82
2025-10-20,17,42.03,21.38,33.02
2025-10-20,18,59.99,35.7,43.44
2025-10-20,19,86.59,74.51,77.96
2025-10-20,20,79.89,70.34,73.08
2025-10-20,21,58.1,47.32,51.71
2025-10-20,22,39.61,29.9,34.93
2025-10-20,23,35.99,27.6,32.14
2025-10-20,24,26.25,19.86,23.82
2025-10-21,1,24.06,19.63,22.48
2025-10-21,2,21.57,17.95,20.29
2025-10-21,3,20.09,16.9,19
2025-10-21,4,17.93,16.54,17.48
2025-10-21,5,18.21,17.36,17.98
2025-10-21,6,20.19,19.21,19.87
2025-10-21,7,26.43,25.5,26.13
2025-10-21,8,31.42,30.15,30.99
2025-10-21,9,22.2,21.65,22
2025-10-21,10,17.04,16.25,17.08
2025-10-21,11,17.59,15.11,18.16
2025-10-21,12,21.49,16.97,23.52
2025-10-21,13,31.08,22.36,31.93
2025-10-21,14,43.1,27.84,36.71
2025-10-21,15,51.17,29.31,37.56
2025-10-21,16,65.53,27.09,37.91
2025-10-21,17,70.94,30.77,40.74
2025-10-21,18,119.06,94.03,101.18
2025-10-21,19,132.61,118.23,126.39
2025-10-21,20,111.95,106.14,108.02
2025-10-21,21,102.86,97.3,99.78
2025-10-21,22,66.61,61.49,64.32
2025-10-21,23,46.87,41.32,44.46
2025-10-21,24,36.46,31.25,34.2
2025-10-22,1,34.5,29.81,32.6
2025-10-22,2,31.2,25.58,28.92
2025-10-22,3,29.38,24.15,27.26
2025-10-22,4,28.59,23.54,26.54
2025-10-22,5,27.07,21.92,24.97
2025-10-22,6,27.21,22.49,25.28
2025-10-22,7,30.25,25.22,28.23
2025-10-22,8,29.23,24.99,27.51
2025-10-22,9,22.07,18.4,20.72
2025-10-22,10,15.09,10.28,13.12
2025-10-22,11,16.33,8.44,11.64
2025-10-22,12,18.19,8.09,11.99
2025-10-22,13,23.17,11.25,16.02
2025-10-22,14,24.75,16.18,18.97
2025-10-22,15,34.14,22.31,24.2
2025-10-22,16,39.28,23.01,25.04
2025-10-22,17,40.83,24.11,25.69
2025-10-22,18,51.61,37.25,39.73
2025-10-22,19,69.85,66.5,67.56
2025-10-22,20,56.89,54.58,54.89
2025-10-22,21,36.51,34.51,35.53
2025-10-22,22,29.95,27.7,28.22
2025-10-22,23,24.83,24.88,24.51
2025-10-22,24,21.21,22.15,21.56
2025-10-23,1,22.27,21.52,22.21
2025-10-23,2,21.71,20.86,21.65
2025-10-23,3,22.01,20.81,21.76
2025-10-23,4,22.67,21.63,22.42
2025-10-23,5,23.71,22.59,23.37
2025-10-23,6,24.59,23.3,24.23
2025-10-23,7,27.88,26.71,27.6
2025-10-23,8,31.44,30.39,31.07
2025-10-23,9,27.79,26.67,27.36
2025-10-23,10,24.45,23.48,23.81
2025-10-23,11,23.82,20.5,21.74
2025-10-23,12,27.7,21.46,23.51
2025-10-23,13,36.92,24.93,28.3
2025-10-23,14,45.49,27.17,31.22
2025-10-23,15,50.63,28.89,35.06
2025-10-23,16,62.87,31.36,37.96
2025-10-23,17,76.94,37.65,41.69
2025-10-23,18,75.66,56.23,55.29
2025-10-23,19,74.84,68.72,68.93
2025-10-23,20,57.64,52.25,53.64
2025-10-23,21,43.33,40.57,42.2
2025-10-23,22,37.71,32.6,35.41
2025-10-23,23,33.66,29.89,32.34
2025-10-23,24,29.67,26.46,28.62
2025-10-24,1,31.61,26.45,29.51
2025-10-24,2,31.57,26.87,29.66
2025-10-24,3,29.98,25.43,28.15
2025-10-24,4,28.06,23.7,26.32
2025-10-24,5,26.97,23.46,25.57
2025-10-24,6,25.5,23,24.5
2025-10-24,7,25.45,23.09,24.72
2025-10-24,8,26.48,23.92,25.65
2025-10-24,9,24.9,22.7,24.24
2025-10-24,10,25.11,23.9,24.67
2025-10-24,11,24.56,22.74,23.83
2025-10-24,12,29,24.84,26.21
2025-10-24,13,35.2,24.47,26.82
2025-10-24,14,37.35,24.74,28.14
2025-10-24,15,37.2,27.82,31.05
2025-10-24,16,45.49,37.43,38.38
2025-10-24,17,49.82,43.92,42.86
2025-10-24,18,58.15,55.55,52.94
2025-10-24,19,62.33,61.5,60.06
2025-10-24,20,57.19,55.47,55.07
2025-10-24,21,48.69,46.57,46.82
2025-10-24,22,42.26,40.34,40.8
2025-10-24,23,42.25,40.74,41
2025-10-24,24,39.87,38.61,38.91
2025-10-25,1,39.76,39.96,39.24
2025-10-25,2,37.02,37.49,36.69
2025-10-25,3,37.04,37.53,36.7
2025-10-25,4,37.56,38.03,37.28
2025-10-25,5,38.02,38.78,37.78
2025-10-25,6,38.66,39.4,38.48
2025-10-25,7,39.77,39.96,39.24
2025-10-25,8,41.7,41.64,41.13
2025-10-25,9,40.2,38.08,38.98
2025-10-25,10,35.99,34.85,34.85
2025-10-25,11,34.03,33.75,32.7
2025-10-25,12,30.2,30.31,29.26
2025-10-25,13,32.03,31.82,30.69
2025-10-25,14,32.63,32.06,31.2
2025-10-25,15,34.72,33.47,32.78
2025-10-25,16,40.64,40.04,39.1
2025-10-25,17,41.46,41.36,39.88
2025-10-25,18,50.76,49.96,49.11
2025-10-25,19,74.06,73.45,71.24
2025-10-25,20,77.4,77.78,75.62
2025-10-25,21,75.78,75.9,74.61
2025-10-25,22,69.58,70.48,68.14
2025-10-25,23,68.36,70.12,67.8
2025-10-25,24,47.69,48.62,47.85
2025-10-26,1,78.22,80.34,78.92
2025-10-26,2,69.32,71.62,70.15
2025-10-26,3,62.29,64.87,63.35
2025-10-26,4,55.84,58.27,56.88
2025-10-26,5,51.87,54.14,52.91
2025-10-26,6,46.23,48.45,47.29
2025-10-26,7,48.51,49.56,49.11
2025-10-26,8,43.12,44.84,43.86
2025-10-26,9,37.41,38.18,37.75
2025-10-26,10,30.06,30.04,30.05
2025-10-26,11,28.72,28.67,28.67
2025-10-26,12,27.9,27.15,27.32
2025-10-26,13,30.41,27.79,28.34
2025-10-26,14,34.78,28.86,30.7
2025-10-26,15,41.8,32.8,35.53
2025-10-26,16,47.35,30.1,34.9
2025-10-26,17,49.03,28.85,33.63
2025-10-26,18,68.72,57.25,60.53
2025-10-26,19,99.37,91.94,96.12
2025-10-26,20,100.28,88.37,97.04
2025-10-26,21,72.16,66.38,70.63
2025-10-26,22,50.02,46.25,48.93
2025-10-26,23,41.35,39.2,40.7
2025-10-26,24,32.4,30.73,31.93
2025-10-27,1,33.26,32.55,33.06
2025-10-27,2,30.65,29.99,30.47
2025-10-27,3,30.31,29.96,30.22
2025-10-27,4,31.18,30.81,31.07
2025-10-27,5,31.18,30.89,31.1
2025-10-27,6,38.09,37.74,38.01
2025-10-27,7,38.64,37.86,38.48
2025-10-27,8,44.28,43.78,44.17
2025-10-27,9,32.49,32.25,32.45
2025-10-27,10,21.2,21.21,21.19
2025-10-27,11,19.34,19.02,19.16
2025-10-27,12,21.74,20.64,21.05
2025-10-27,13,27.87,24.41,25.73
2025-10-27,14,35.64,25.42,28.96
2025-10-27,15,48.05,27.96,35.21
2025-10-27,16,60.06,27.97,36.77
2025-10-27,17,59.98,29.62,38.96
2025-10-27,18,81.85,60.77,67.37
2025-10-27,19,111.27,103.51,103.99
2025-10-27,20,86.58,79.01,81.05
2025-10-27,21,60.6,54.67,57.39
2025-10-27,22,46.45,43.34,44.84
2025-10-27,23,35.69,34.25,35.05
2025-10-27,24,27.98,26.9,27.51
2025-10-28,1,31.77,30.62,31
2025-10-28,2,30.37,29.15,29.5
2025-10-28,3,32.06,31.02,31.3
2025-10-28,4,30.92,29.72,30.17
2025-10-28,5,29.7,27.79,28.86
2025-10-28,6,30.97,28.02,29.93
2025-10-28,7,30.06,26.2,28.94
2025-10-28,8,26.57,22.84,25.43
2025-10-28,9,22.8,21.44,22.66
2025-10-28,10,18.15,17.35,18.49
2025-10-28,11,19.35,19.52,19.86
2025-10-28,12,27.04,21.49,26.66
2025-10-28,13,36.94,21.66,31.4
2025-10-28,14,56.53,25.08,46.44
2025-10-28,15,68.48,22.4,58.82
2025-10-28,16,80.8,20.66,52.6
2025-10-28,17,75.29,20.26,43.42
2025-10-28,18,73.61,26.61,43.88
2025-10-28,19,54.7,37.47,45.26
2025-10-28,20,45.67,37.9,41.87
2025-10-28,21,32.66,28.2,31.47
2025-10-28,22,25.87,22.48,24.98
2025-10-28,23,24.11,20.7,23.19
2025-10-28,24,21.85,19.09,21.25
2025-10-29,1,20.04,18.05,20.12
2025-10-29,2,17.27,15.21,17.25
2025-10-29,3,15.82,13.77,15.54
2025-10-29,4,15.75,13.62,15.46
2025-10-29,5,16.34,13.82,16.05
2025-10-29,6,19.45,17.35,19.43
2025-10-29,7,21.72,22.28,22.54
2025-10-29,8,22.29,23.98,23.38
2025-10-29,9,12.59,15.48,13.87
2025-10-29,10,1.76,5.19,4.51
2025-10-29,11,1.52,6.56,6.48
2025-10-29,12,1.48,7.63,5.88
2025-10-29,13,1.44,7.28,5.28
2025-10-29,14,1.44,5.91,5.54
2025-10-29,15,1.44,4.27,4.92
2025-10-29,16,2.06,4.9,4.76
2025-10-29,17,3.6,7.16,4.86
2025-10-29,18,15.68,17.9,16.38
2025-10-29,19,41.45,40.44,39.18
2025-10-29,20,45.53,44.81,43.74
2025-10-29,21,44.28,43.41,42.46
2025-10-29,22,43.86,43.62,42.48
2025-10-29,23,43.53,45,43.39
2025-10-29,24,38.03,39.98,38.18
2025-10-30,1,35.92,36.63,34.57
2025-10-30,2,34.89,34.95,33.52
2025-10-30,3,34.05,33.95,33.26
2025-10-30,4,38.79,38.54,37.76
2025-10-30,5,40.16,40.06,39.35
2025-10-30,6,53.99,53.6,51.94
2025-10-30,7,64.72,64.49,62.03
2025-10-30,8,86.49,86.97,85.52
2025-10-30,9,42.67,42.29,42.14
2025-10-30,10,20.74,20.17,20
2025-10-30,11,15.57,14.84,14.72
2025-10-30,12,14.54,14.34,14.18
2025-10-30,13,13.52,13.02,12.96
2025-10-30,14,14.82,14.41,14.2
2025-10-30,15,15.53,14.1,14.26
2025-10-30,16,14.43,13.02,13.07
2025-10-30,17,17.47,16.11,16.43
2025-10-30,18,30.96,30.49,30.81
2025-10-30,19,70.43,70.73,69.93
2025-10-30,20,68.37,67.51,67.83
2025-10-30,21,52.45,51.3,52.09
2025-10-30,22,39,37.82,38.63
2025-10-30,23,33.82,32.57,33.42
2025-10-30,24,28.71,27.42,28.31
2025-10-31,1,31.37,30.4,31.02
2025-10-31,2,31.09,29.86,30.68
2025-10-31,3,30.98,30.02,30.64
2025-10-31,4,33.29,32.2,32.9
2025-10-31,5,37.79,37.1,37.52
2025-10-31,6,45.52,44.96,45.29
2025-10-31,7,53.81,53.01,53.38
2025-10-31,8,60.34,59.51,59.78
2025-10-31,9,39.2,38.47,38.86
2025-10-31,10,18.68,18.51,18.6
2025-10-31,11,13.99,14.13,14.02
2025-10-31,12,13.37,13.58,13.47
2025-10-31,13,13.3,13.52,13.43
2025-10-31,14,13.48,13.62,13.51
2025-10-31,15,13.73,12.71,13.06
2025-10-31,16,13.32,11.23,12
2025-10-31,17,15.73,14.37,14.76
2025-10-31,18,28.49,28.45,28.48
2025-10-31,19,52.9,52.15,52.58
2025-10-31,20,44.01,43.25,43.64
2025-10-31,21,29.48,28.44,29.09
2025-10-31,22,24.26,23.26,23.87
2025-10-31,23,23.9,22.79,23.48
2025-10-31,24,24.29,23.2,23.85
2025-11-01,1,24.72,23.72,24.34
2025-11-01,2,24.46,23.39,24.01
2025-11-01,3,27.01,25.59,26.41
2025-11-01,4,28.3,26.48,27.6
2025-11-01,5,32.2,29.97,31.32
2025-11-01,6,35.13,32.69,34.22
2025-11-01,7,34.24,31.99,33.43
2025-11-01,8,37.91,35.98,37.27
2025-11-01,9,30.66,29.7,30.36
2025-11-01,10,19.99,19.88,19.97
2025-11-01,11,15.69,15.56,15.98
2025-11-01,12,15.9,15.58,16.61
2025-11-01,13,16.52,15.52,17.38
2025-11-01,14,19.62,16.25,18.35
2025-11-01,15,23.26,17.48,20.21
2025-11-01,16,28.28,20.3,22.76
2025-11-01,17,31.2,24.24,25.93
2025-11-01,18,48.26,47.11,47.35
2025-11-01,19,68.83,70.07,68.69
2025-11-01,20,72.94,72.35,71.71
2025-11-01,21,68.23,67.66,66.96
2025-11-01,22,68.78,68.14,67.56
2025-11-01,23,76.62,75.91,75.94
2025-11-01,24,51.84,50.77,50.78
2025-11-02,1,56.48,54.44,54.81
2025-11-02,2,46.83,44.76,45.35
2025-11-02,3,52.67,50.08,51.04
2025-11-02,4,51.74,49.03,50.17
2025-11-02,5,49.77,47.47,48.19
2025-11-02,6,46,43.29,44.46
2025-11-02,7,38.14,35.1,36.88
2025-11-02,8,26.96,25.18,26.36
2025-11-02,9,14.27,13.89,14.35
2025-11-02,10,6.34,6.45,6.64
2025-11-02,11,6.2,6.42,6.6
2025-11-02,12,7.94,8,8.26
2025-11-02,13,9.04,9.12,9.36
2025-11-02,14,10.41,9.1,9.63
2025-11-02,15,12.29,9.61,10.63
2025-11-02,16,15.23,12.21,13.06
2025-11-02,17,27.55,26.79,27.3
2025-11-02,18,75.08,74.69,74.77
2025-11-02,19,65.45,64.17,65.12
2025-11-02,20,47.44,45.68,46.87
2025-11-02,21,33.74,29.84,32.72
2025-11-02,22,29.52,22.46,28.32
2025-11-02,23,28.58,25.57,27.92
2025-11-02,24,24.46,22.24,23.89
2025-11-03,1,23.58,19.58,22.66
2025-11-03,2,22.89,19.19,22.1
2025-11-03,3,22.37,19.07,22.04
2025-11-03,4,23.41,20.53,23.14
2025-11-03,5,24.93,23.26,24.83
2025-11-03,6,31.91,30.75,31.91
2025-11-03,7,38.64,36.93,38.37
2025-11-03,8,27.99,25.7,28.58
2025-11-03,9,14.23,12.4,16.08
2025-11-03,10,14.92,13.34,18.08
2025-11-03,11,15.69,13.64,18.66
2025-11-03,12,18.24,16,20.22
2025-11-03,13,23.57,19.85,23.6
2025-11-03,14,23.5,19.82,23.79
2025-11-03,15,22.85,17.65,23.62
2025-11-03,16,28.43,17.88,25.47
2025-11-03,17,37.96,29.52,38.33
2025-11-03,18,76.56,70.46,74.45
2025-11-03,19,54.95,43.15,54.45
2025-11-03,20,44.01,30.06,42.94
2025-11-03,21,38.71,25.61,51.37
2025-11-03,22,35.89,25.42,40.69
2025-11-03,23,30.12,25.63,29.19
2025-11-03,24,26.03,22.46,25.43
2025-11-04,1,24.84,18.9,22.5
2025-11-04,2,23.32,17.76,21.17
2025-11-04,3,22.63,16.97,20.4
2025-11-04,4,22.52,16.66,20.2
2025-11-04,5,24.31,18.69,22.04
2025-11-04,6,30.38,24.36,27.95
2025-11-04,7,36.02,28.94,33.26
2025-11-04,8,26,20.68,23.89
2025-11-04,9,11.58,3.85,8.92
2025-11-04,10,6.03,1.28,6.49
2025-11-04,11,8.17,1.96,8.05
2025-11-04,12,11.35,3.04,11.97
2025-11-04,13,14.6,6.59,15.62
2025-11-04,14,16.68,9.68,18.66
2025-11-04,15,21.96,10.36,21.65
2025-11-04,16,26.57,14.85,28.02
2025-11-04,17,40.37,27.9,40.1
2025-11-04,18,65.94,56.46,62.46
2025-11-04,19,49.78,40.66,46.63
2025-11-04,20,43.53,32.73,43.47
2025-11-04,21,37.17,25.97,40.03
2025-11-04,22,31.15,22.69,31.16
2025-11-04,23,27.78,21.5,25.61
2025-11-04,24,26.33,21.93,24.84
2025-11-05,1,19.22,15.93,18.56
2025-11-05,2,18.25,15.42,17.76
2025-11-05,3,18.16,15.03,17.66
2025-11-05,4,18.83,15.64,18.26
2025-11-05,5,21.32,17.37,20.39
2025-11-05,6,26.31,22.17,25.27
2025-11-05,7,31.08,23.88,28.84
2025-11-05,8,27.45,21.32,25.48
2025-11-05,9,14.87,8.37,13.45
2025-11-05,10,14.78,10.45,14.6
2025-11-05,11,17.87,13.54,19.52
2025-11-05,12,24.03,19.43,24.28
2025-11-05,13,29.9,23.86,27.87
2025-11-05,14,33.52,24.03,30.01
2025-11-05,15,38.34,25.26,33.57
2025-11-05,16,47.01,32.54,36.51
2025-11-05,17,84.02,62.1,66.51
2025-11-05,18,161.61,150,150.29
2025-11-05,19,99.6,89.24,91.72
2025-11-05,20,80.52,68.72,76.43
2025-11-05,21,55.48,44.23,50.07
2025-11-05,22,41.86,36.96,40
2025-11-05,23,38.33,36.09,37.36
2025-11-05,24,35.59,33.78,34.79
2025-11-06,1,33.87,32.05,34.1
2025-11-06,2,34.35,31.72,34.56
2025-11-06,3,37.37,35.11,37.65
2025-11-06,4,36.71,35.08,37.25
2025-11-06,5,38.16,35.09,38.25
2025-11-06,6,45.03,41.63,44.81
2025-11-06,7,55.49,53.9,55.58
2025-11-06,8,38.94,36.02,38.76
2025-11-06,9,32,21.96,26.5
2025-11-06,10,34.97,19.48,25.35
2025-11-06,11,34.46,19.81,25.42
2025-11-06,12,41.36,19.32,27.19
2025-11-06,13,48.44,18.52,28.48
2025-11-06,14,62.53,16.81,31.36
2025-11-06,15,78.62,17.32,35.94
2025-11-06,16,91.66,17.65,38.49
2025-11-06,17,127.61,35.14,59.4
2025-11-06,18,149.31,64.99,86.76
2025-11-06,19,101.73,42.55,59.86
2025-11-06,20,61.5,30.86,40.78
2025-11-06,21,50.29,24.33,33.43
2025-11-06,22,40.62,22.9,30.21
2025-11-06,23,33.34,20.75,26.42
2025-11-06,24,27.2,18.48,22.98
2025-11-07,1,25.46,20.52,24.43
2025-11-07,2,23.59,20.61,23.84
2025-11-07,3,23.8,19.63,23.34
2025-11-07,4,24.95,20.21,24.26
2025-11-07,5,27.66,22.74,26.8
2025-11-07,6,31.97,26.67,30.77
2025-11-07,7,35.24,26.72,31.79
2025-11-07,8,28.55,24.51,27.64
2025-11-07,9,23.69,7.98,14.02
2025-11-07,10,29.1,5.92,13.35
2025-11-07,11,38.08,7.33,18.78
2025-11-07,12,50.08,14.7,27
2025-11-07,13,73.28,19.46,36.75
2025-11-07,14,113.44,21.99,46.16
2025-11-07,15,138.73,24.03,53.76
2025-11-07,16,144.29,25.67,55.05
2025-11-07,17,294.24,68.96,130.5
2025-11-07,18,288.52,169.02,203.11
2025-11-07,19,201.16,133.25,151.24
2025-11-07,20,127.58,97.48,107.4
2025-11-07,21,90.54,68.68,77.22
2025-11-07,22,79.03,56.79,67.45
2025-11-07,23,60.76,50.07,55.98
2025-11-07,24,52.75,42.85,48.54
2025-11-08,1,54.91,47.82,52.65
2025-11-08,2,45.63,38.77,43.56
2025-11-08,3,41.11,34.54,39.21
2025-11-08,4,41.88,35.65,40.08
2025-11-08,5,41.02,34.95,39.24
2025-11-08,6,39.66,33.85,38.02
2025-11-08,7,36.45,30.57,34.8
2025-11-08,8,30.3,26.25,29.26
2025-11-08,9,21.92,17.85,20.22
2025-11-08,10,23.9,15.77,20.81
2025-11-08,11,27.68,19.24,24.81
2025-11-08,12,37.34,22.09,30.82
2025-11-08,13,45.25,22.84,33.78
2025-11-08,14,61.2,26.22,40.82
2025-11-08,15,70.23,23.41,42.46
2025-11-08,16,85.12,25.02,45.89
2025-11-08,17,116.14,44.63,69.9
2025-11-08,18,82.32,46.11,60.3
2025-11-08,19,51.26,33.32,42.71
2025-11-08,20,46.85,28.76,39.54
2025-11-08,21,35.42,24.31,32.77
2025-11-08,22,31.27,21.71,29.56
2025-11-08,23,28.37,23.79,27.85
2025-11-08,24,26.37,22.77,25.85
2025-11-09,1,27.44,23.03,26.59
2025-11-09,2,26.5,22.32,25.95
2025-11-09,3,23.87,21.23,23.68
2025-11-09,4,21.99,20.41,22.23
2025-11-09,5,20.66,19.87,21.06
2025-11-09,6,19.65,19.87,20.43
2025-11-09,7,17.43,16.81,17.73
2025-11-09,8,11.15,10.22,11.22
2025-11-09,9,0.92,0.96,2.83
2025-11-09,10,-0.14,0.13,2.29
2025-11-09,11,-0.56,-0.03,3.52
2025-11-09,12,-0.22,0.21,3.98
2025-11-09,13,0.15,0.61,3.07
2025-11-09,14,0.61,0.98,3.41
2025-11-09,15,0.58,0.6,2.74
2025-11-09,16,3.16,2.84,4.34
2025-11-09,17,21.65,21.04,21.1
2025-11-09,18,44.88,43.84,43.3
2025-11-09,19,51.44,50.4,49.56
2025-11-09,20,52.05,50.97,50.38
2025-11-09,21,48.48,47.91,47.05
2025-11-09,22,51.23,50.39,49.56
2025-11-09,23,52.57,51.98,50.72
2025-11-09,24,52.14,52.02,50.36
2025-11-10,1,49.68,52.48,48.07
2025-11-10,2,47.7,51.71,46.77
2025-11-10,3,49.16,54.34,48.45
2025-11-10,4,56.1,61.78,54.73
2025-11-10,5,66.77,73.5,64.88
2025-11-10,6,98.43,111.73,93.87
2025-11-10,7,118.34,117.8,103.07
2025-11-10,8,107.11,96.79,84.31
2025-11-10,9,28.94,31.66,27.91
2025-11-10,10,20.53,24.25,21.24
2025-11-10,11,17.13,20.99,18.94
2025-11-10,12,16.84,19.28,18.19
2025-11-10,13,13.81,15.89,14.95
2025-11-10,14,12.65,13.3,12.86
2025-11-10,15,12.91,11.16,11.71
2025-11-10,16,13.58,11.23,12.07
2025-11-10,17,33.35,29.83,31.43
2025-11-10,18,64.7,61.21,63.53
2025-11-10,19,54.64,47.41,50.7
2025-11-10,20,50.59,35.9,41.5
2025-11-10,21,47.51,26.09,34.02
2025-11-10,22,38.85,21.15,27.49
2025-11-10,23,32.19,25.16,27.95
2025-11-10,24,28.74,22.91,24.4
2025-11-11,1,23.03,24.72,24.9
2025-11-11,2,22.23,23.82,23.98
2025-11-11,3,22.03,22.57,23.4
2025-11-11,4,22.43,23.36,23.93
2025-11-11,5,23.04,24.51,24.98
2025-11-11,6,28.15,29.45,29.47
2025-11-11,7,36.17,34.83,35.53
2025-11-11,8,29.6,29.83,30.79
2025-11-11,9,24.39,17.93,21.35
2025-11-11,10,19.15,11.88,15.52
2025-11-11,11,8.77,7.39,11.76
2025-11-11,12,5.67,2.08,6.98
2025-11-11,13,3.11,1.6,4.45
2025-11-11,14,6.7,0.89,4.72
2025-11-11,15,6.75,0.81,3.84
2025-11-11,16,4.39,1.37,1.05
2025-11-11,17,19.01,21.52,17.04
2025-11-11,18,35.1,34.68,33.86
2025-11-11,19,31.28,32.15,31.34
2025-11-11,20,28.11,30.24,29.16
2025-11-11,21,24.74,25.87,25.26
2025-11-11,22,21.5,22.93,22.09
2025-11-11,23,21.16,22.57,21.63
2025-11-11,24,20.29,22.36,21.24
2025-11-12,1,21.79,23.29,22.15
2025-11-12,2,22.16,22.68,21.99
2025-11-12,3,24.2,24.25,23.73
2025-11-12,4,25.25,24.86,24.67
2025-11-12,5,27.41,27.3,26.9
2025-11-12,6,34.4,34.18,33.84
2025-11-12,7,42.84,42.43,42.03
2025-11-12,8,41.07,40.44,40.46
2025-11-12,9,24.9,24.85,25.43
2025-11-12,10,19.62,20.03,20.48
2025-11-12,11,17.72,19.52,19.83
2025-11-12,12,17.97,19.6,19.9
2025-11-12,13,19.09,20.79,22.4
2025-11-12,14,22.23,23.3,24.37
2025-11-12,15,24.53,24.12,25.81
2025-11-12,16,28.32,25.34,28.37
2025-11-12,17,71.33,65.28,62.24
2025-11-12,18,105.92,101.63,94.14
2025-11-12,19,81.48,79.19,75.61
2025-11-12,20,67.47,64.8,63.2
2025-11-12,21,48.68,45.32,45.79
2025-11-12,22,38.03,34.99,36.11
2025-11-12,23,33.87,31.69,32.5
2025-11-12,24,29.46,27.56,28.28
2025-11-13,1,25.13,23.6,24.41
2025-11-13,2,23.83,22.64,23.33
2025-11-13,3,23.56,22.23,23.02
2025-11-13,4,23.58,22.31,23.06
2025-11-13,5,25.25,24.01,24.75
2025-11-13,6,29.43,28.33,28.99
2025-11-13,7,31.36,30.03,30.52
2025-11-13,8,28.5,27.7,28.24
2025-11-13,9,19.85,16.56,18.64
2025-11-13,10,17.16,13.92,16.47
2025-11-13,11,17,15.35,17.75
2025-11-13,12,19.53,17.38,19.98
2025-11-13,13,24.19,20.1,22.95
2025-11-13,14,28.02,21.87,26.04
2025-11-13,15,34.39,22.45,28.36
2025-11-13,16,37.53,23.8,29.97
2025-11-13,17,58.77,49.85,50.4
2025-11-13,18,71.93,66.51,66.15
2025-11-13,19,46.66,47.01,46.12
2025-11-13,20,37.55,37.44,37.58
2025-11-13,21,31.01,28.33,30.76
2025-11-13,22,26.93,23.28,26.66
2025-11-13,23,23.88,23.66,25.03
2025-11-13,24,20.86,21.58,22.38
2025-11-14,1,19.29,23.32,21.63
2025-11-14,2,17.99,21.59,20.13
2025-11-14,3,17.88,21.13,19.81
2025-11-14,4,18.98,21.21,20.28
2025-11-14,5,20.77,22.88,22.04
2025-11-14,6,25.05,26.56,26.1
2025-11-14,7,27.52,27.59,27.5
2025-11-14,8,25.57,25.13,25.43
2025-11-14,9,19.82,19.78,19.88
2025-11-14,10,16.4,14.71,15.67
2025-11-14,11,18.49,18.33,19
2025-11-14,12,23.36,23.96,24.08
2025-11-14,13,29.72,26.14,28.09
2025-11-14,14,37.6,27.24,31
2025-11-14,15,41.4,30.01,34.35
2025-11-14,16,42.88,29.2,33.69
2025-11-14,17,67,65.77,63.53
2025-11-14,18,74.6,74.2,72.36
2025-11-14,19,48.7,47.56,47.53
2025-11-14,20,36.2,35.01,35.94
2025-11-14,21,29.18,26.97,28.97
2025-11-14,22,26.37,22.66,26
2025-11-14,23,25.31,24.52,26.3
2025-11-14,24,22.67,21.85,23.56
2025-11-15,1,21.78,22.04,23.41
2025-11-15,2,19.88,20.41,21.57
2025-11-15,3,18.2,18.86,19.94
2025-11-15,4,18.37,18.38,19.82
2025-11-15,5,17.76,17.88,19.3
2025-11-15,6,19.65,18.52,20.49
2025-11-15,7,26.16,19.31,22.46
2025-11-15,8,23.82,18.42,20.59
2025-11-15,9,16.42,9.12,11.48
2025-11-15,10,15.96,4.2,7.94
2025-11-15,11,14.35,6.83,10.13
2025-11-15,12,17.55,13.41,15.56
2025-11-15,13,23.57,18.23,20.84
2025-11-15,14,29.4,22.01,23.41
2025-11-15,15,35.37,23.15,26.39
2025-11-15,16,35.3,27.05,29.88
2025-11-15,17,73.96,70.77,70.08
2025-11-15,18,81.49,81.73,79.45
2025-11-15,19,62.43,63.73,62.05
2025-11-15,20,44.11,45.09,43.99
2025-11-15,21,36.72,37.53,36.84
2025-11-15,22,31.31,31.06,31.19
2025-11-15,23,30.06,30.51,30.45
2025-11-15,24,28.12,28.42,28.36
2025-11-16,1,27.83,27.46,27.42
2025-11-16,2,28.46,28.25,28.14
2025-11-16,3,28.38,27.92,27.96
2025-11-16,4,29.63,28.99,29.22
2025-11-16,5,29.31,28.87,29.03
2025-11-16,6,30.2,29.92,30
2025-11-16,7,29.91,28.8,29.19
2025-11-16,8,28.09,27.23,27.47
2025-11-16,9,19.54,19.44,19.36
2025-11-16,10,18.4,18.33,18.3
2025-11-16,11,20.15,20.05,20.07
2025-11-16,12,25.11,23,23.09
2025-11-16,13,35.03,28.9,29.72
2025-11-16,14,46.39,35.56,37.07
2025-11-16,15,54.05,34.86,38.4
2025-11-16,16,60.68,38.33,42.09
2025-11-16,17,115,103.82,100.78
2025-11-16,18,156.5,146.39,138.02
2025-11-16,19,131.62,121.99,114.33
2025-11-16,20,107.46,98.91,95.15
2025-11-16,21,79.68,73.44,73.06
2025-11-16,22,52,47.19,48.89
2025-11-16,23,38.96,34.99,36.88
2025-11-16,24,29.88,26.78,28.34
2025-11-17,1,31.93,29.02,30.55
2025-11-17,2,28.38,25.3,26.85
2025-11-17,3,26.11,23.31,24.85
2025-11-17,4,25.72,23.15,24.58
2025-11-17,5,25.27,22.81,24.16
2025-11-17,6,27.51,25.1,26.3
2025-11-17,7,28.57,25.19,26.33
2025-11-17,8,27.94,26.46,26.73
2025-11-17,9,24.48,22.15,22.24
2025-11-17,10,21.68,18.63,19.5
2025-11-17,11,22.58,19.11,20.5
2025-11-17,12,27.14,20.09,22.19
2025-11-17,13,36.31,22.68,26.59
2025-11-17,14,45.7,25.06,31.3
2025-11-17,15,46.06,26.21,31.95
2025-11-17,16,49.64,26.68,32.67
2025-11-17,17,68.72,52.25,54.65
2025-11-17,18,87.77,76.18,76.03
2025-11-17,19,67.46,61.76,61.49
2025-11-17,20,54.2,47.95,48.82
2025-11-17,21,44.79,39.27,42.36
2025-11-17,22,39.05,31.89,36.19
2025-11-17,23,34.57,28.91,32.83
2025-11-17,24,30.51,25.44,29.09
2025-11-18,1,27.99,23.94,26.35
2025-11-18,2,27.11,23.27,25.59
2025-11-18,3,26.98,23.18,25.44
2025-11-18,4,26.94,23.07,25.32
2025-11-18,5,29.48,25.27,27.64
2025-11-18,6,37.03,32.58,34.89
2025-11-18,7,39.2,34.65,36.86
2025-11-18,8,42.52,38.84,40.52
2025-11-18,9,32.81,30,31.24
2025-11-18,10,31.09,29.42,29.95
2025-11-18,11,33.5,32.91,32.8
2025-11-18,12,36.7,34.99,35.94
2025-11-18,13,39.99,43,40.6
2025-11-18,14,50.94,47.71,46.83
2025-11-18,15,59.3,51.51,49.24
2025-11-18,16,76.18,63.84,56.72
2025-11-18,17,146.69,127.56,107.91
2025-11-18,18,170.87,150.82,125.63
2025-11-18,19,135.86,127.6,107.86
2025-11-18,20,101.29,97.15,84.54
2025-11-18,21,69.75,66.51,60.74
2025-11-18,22,52.39,50.17,47.91
2025-11-18,23,44.44,43.61,43.17
2025-11-18,24,35.27,34.49,34.33
2025-11-19,1,33.88,32.62,32.58
2025-11-19,2,32.18,30.81,30.97
2025-11-19,3,33.08,31.7,31.99
2025-11-19,4,35.91,35.05,35.21
2025-11-19,5,38.64,38.13,38.1
2025-11-19,6,43.99,43.78,43.53
2025-11-19,7,47.48,44.99,46.07
2025-11-19,8,50.09,47.8,48.66
2025-11-19,9,44.84,42.16,42.58
2025-11-19,10,42.22,38.34,37.72
2025-11-19,11,40.72,36.06,35.03
2025-11-19,12,41.02,35.98,34.86
2025-11-19,13,43.05,39.34,37.51
2025-11-19,14,59.12,51.87,48.98
2025-11-19,15,77.08,67.8,60.79
2025-11-19,16,102.31,87.54,74.94
2025-11-19,17,122.07,113.5,98.93
2025-11-19,18,104.75,101.07,88.68
2025-11-19,19,85.86,87.29,77.46
2025-11-19,20,79.47,79.06,71.77
2025-11-19,21,61.93,58.99,54.59
2025-11-19,22,53.18,50.67,49.08
2025-11-19,23,48.3,46.44,45.35
2025-11-19,24,40.36,38.79,38.66
2025-11-20,1,40.79,39.35,39.3
2025-11-20,2,37.12,35.93,35.88
2025-11-20,3,36.12,35.39,35.22
2025-11-20,4,31.06,30.58,30.6
2025-11-20,5,30.46,30.19,30.12
2025-11-20,6,32.95,32.62,32.59
2025-11-20,7,35.19,34.5,34.63
2025-11-20,8,37.22,36.53,36.63
2025-11-20,9,32.2,31.83,31.7
2025-11-20,10,31.48,31.2,30.67
2025-11-20,11,30.5,30.25,29.6
2025-11-20,12,29.11,28.81,28.65
2025-11-20,13,28.04,28.17,28.03
2025-11-20,14,33.26,32.74,33.16
2025-11-20,15,42.52,38.84,38.92
2025-11-20,16,49.49,45.8,45.85
2025-11-20,17,56.58,54.07,51.58
2025-11-20,18,63.73,63.31,59.81
2025-11-20,19,68.66,63.02,61.93
2025-11-20,20,93.13,89.1,86.21
2025-11-20,21,51.65,48.15,48.05
2025-11-20,22,48.87,45.72,46.22
2025-11-20,23,40.46,37.73,38.53
2025-11-20,24,35.02,32.17,33.17
2025-11-21,1,36.19,33.45,34.4
2025-11-21,2,32.72,30.32,31.33
2025-11-21,3,30.2,27.99,28.87
2025-11-21,4,29.14,27.45,28.17
2025-11-21,5,29.97,28.27,29.1
2025-11-21,6,33.94,32.7,33.29
2025-11-21,7,34.5,32.97,33.55
2025-11-21,8,34.1,32,32.57
2025-11-21,9,27.22,24.28,25.34
2025-11-21,10,25.58,21.46,23.47
2025-11-21,11,28.31,22.9,25.59
2025-11-21,12,34.17,24.98,28.78
2025-11-21,13,39.76,26.97,32.11
2025-11-21,14,47.2,28.4,35.76
2025-11-21,15,45,26.71,33.28
2025-11-21,16,54.2,31.64,39.33
2025-11-21,17,81.33,67.86,70.89
2025-11-21,18,105.68,93.34,92.78
2025-11-21,19,90.19,82.9,81.71
2025-11-21,20,83.23,79.53,79.13
2025-11-21,21,65.89,62.07,62.94
2025-11-21,22,55.51,52.37,53.45
2025-11-21,23,51.98,49.84,51.12
2025-11-21,24,42.43,40.7,41.76
2025-11-22,1,44.09,42.65,43.63
2025-11-22,2,41.41,40.4,41.19
2025-11-22,3,38.25,37.49,37.94
2025-11-22,4,35.14,34.98,35.19
2025-11-22,5,34.96,35.15,35.02
2025-11-22,6,40.81,40.02,39.07
2025-11-22,7,39.5,38.1,36.55
2025-11-22,8,35.18,34.06,32.56
2025-11-22,9,26.29,24.68,24.54
2025-11-22,10,25.26,21.72,22.49
2025-11-22,11,26.36,21.96,23.43
2025-11-22,12,30,23.37,25.8
2025-11-22,13,32.2,24.35,27.23
2025-11-22,14,32.02,22.47,25.76
2025-11-22,15,32.92,23.24,26.55
2025-11-22,16,37.33,28.54,30.05
2025-11-22,17,58.85,54.98,54.96
2025-11-22,18,80.1,76.39,74.82
2025-11-22,19,61.07,58.65,57.75
2025-11-22,20,52.18,51,50.5
2025-11-22,21,46.82,46.41,46.41
2025-11-22,22,38.12,37.09,36.47
2025-11-22,23,41.97,41.44,41.39
2025-11-22,24,37.95,37.5,37.5
2025-11-23,1,46.72,46.4,46.51
2025-11-23,2,41.08,40.82,40.91
2025-11-23,3,39.59,39.24,39.43
2025-11-23,4,37.42,37.18,37.34
2025-11-23,5,36.94,36.76,36.89
2025-11-23,6,35.96,35.82,35.91
2025-11-23,7,33.45,33.26,33.2
2025-11-23,8,30.18,29.7,29.81
2025-11-23,9,28.43,25.67,26.61
2025-11-23,10,28.59,24.93,26.14
2025-11-23,11,28.76,22.65,25.02
2025-11-23,12,29.33,20.42,24.34
2025-11-23,13,31.16,20.5,25.75
2025-11-23,14,31.71,21.24,26.55
2025-11-23,15,34.86,23.61,29.01
2025-11-23,16,37.33,29.36,32.57
2025-11-23,17,51.61,43.25,45.45
2025-11-23,18,56.21,51.77,52.11
2025-11-23,19,53.79,50.93,50
2025-11-23,20,56.27,50.52,51.02
2025-11-23,21,53.06,47.37,48.45
2025-11-23,22,57.64,42.86,47.19
2025-11-23,23,48.4,43.38,44.11
2025-11-23,24,42.67,36.7,38.64
2025-11-24,1,35.84,31.44,32.55
2025-11-24,2,33.42,30,30.5
2025-11-24,3,32.76,29.53,29.71
2025-11-24,4,32.16,29.34,29.31
2025-11-24,5,33.31,30.23,30.38
2025-11-24,6,36.61,34.36,34.09
2025-11-24,7,37.67,35.58,35.41
2025-11-24,8,37.7,36.66,35.95
2025-11-24,9,30.76,29.83,29.38
2025-11-24,10,29.13,27.62,27.19
2025-11-24,11,30.33,26.9,27.89
2025-11-24,12,35.18,26.25,29.78
2025-11-24,13,39.01,24.35,30.99
2025-11-24,14,39.79,21.48,30.58
2025-11-24,15,42.74,20.53,30.79
2025-11-24,16,45.43,26.24,35.11
2025-11-24,17,61.87,43.87,50.2
2025-11-24,18,82.19,63.82,67.8
2025-11-24,19,78.36,68.2,69.29
2025-11-24,20,76.51,66.99,67.72
2025-11-24,21,69.46,64.59,64.45
2025-11-24,22,69.29,65.53,66.37
2025-11-24,23,73.19,70.27,70.89
2025-11-24,24,53.18,50.53,51.56
2025-11-25,1,54.7,53.8,54.26
2025-11-25,2,54.02,52.1,53.25
2025-11-25,3,52.13,49.32,51.01
2025-11-25,4,51.28,48.79,50.22
2025-11-25,5,50.82,47.65,49.05
2025-11-25,6,60.96,59.38,60.05
2025-11-25,7,79.63,78.32,78.28
2025-11-25,8,92.87,72.18,68.76
2025-11-25,9,57.2,34.76,39.4
2025-11-25,10,47.05,27.9,31.42
2025-11-25,11,49.72,22.98,29.4
2025-11-25,12,42.74,22.2,28.71
2025-11-25,13,46.24,21,29.2
2025-11-25,14,46.23,19.83,28.57
2025-11-25,15,47.41,15.91,26.53
2025-11-25,16,50.87,17.22,28.41
2025-11-25,17,81.3,42.8,55.47
2025-11-25,18,83.12,55.26,64.83
2025-11-25,19,66.26,42.89,51.18
2025-11-25,20,53.32,32.13,39.97
2025-11-25,21,43.72,24.37,31.5
2025-11-25,22,39.9,21.98,28.69
2025-11-25,23,31.85,22.44,26.45
2025-11-25,24,28.83,21.44,24.6
2025-11-26,1,27.56,19.72,22.78
2025-11-26,2,24.99,20.44,22.38
2025-11-26,3,23.24,21.44,22.33
2025-11-26,4,22.63,21.85,22.43
2025-11-26,5,24.82,24.83,24.96
2025-11-26,6,32.28,32.33,32.06
2025-11-26,7,41.66,41.52,40.73
2025-11-26,8,47.34,47.04,45.85
2025-11-26,9,29.77,27.73,27.64
2025-11-26,10,22.81,20.38,20.52
2025-11-26,11,21.34,18.42,18.58
2025-11-26,12,21.93,17.61,18.53
2025-11-26,13,22.69,17.76,19.16
2025-11-26,14,21.26,15.62,17.71
2025-11-26,15,20.51,13.55,16.39
2025-11-26,16,23.33,17.92,20.16
2025-11-26,17,45.7,39.98,41.54
2025-11-26,18,76.4,70.7,72.91
2025-11-26,19,64.41,60.07,61.97
2025-11-26,20,55.57,52.56,54.03
2025-11-26,21,45.76,42.08,43.84
2025-11-26,22,38.87,35.23,36.81
2025-11-26,23,36.27,34.97,35.6
2025-11-26,24,32.84,31.99,32.41
2025-11-27,1,31.77,30.88,30.77
2025-11-27,2,31.26,30.88,30.7
2025-11-27,3,34.79,34.74,34.31
2025-11-27,4,39.71,39.96,39.14
2025-11-27,5,45.2,46.12,44.94
2025-11-27,6,50.86,51.51,49.82
2025-11-27,7,49.82,49.51,46.9
2025-11-27,8,46.66,45.7,42.21
2025-11-27,9,31.55,28.29,28.45
2025-11-27,10,30.37,26.41,26.66
2025-11-27,11,29.01,22.3,23.54
2025-11-27,12,27.95,20.35,21.81
2025-11-27,13,27.28,16.82,19.64
2025-11-27,14,23.46,14.91,16.86
2025-11-27,15,22.09,12.32,14.57
2025-11-27,16,21.91,15.29,16.64
2025-11-27,17,36.71,32.26,33.36
2025-11-27,18,50.62,48.79,49.16
2025-11-27,19,41.49,40.71,40.95
2025-11-27,20,35.02,34.16,34.45
2025-11-27,21,30.7,28.19,29.08
2025-11-27,22,28.58,25.06,26.35
2025-11-27,23,30.43,28.47,29.2
2025-11-27,24,28.83,27.99,28.39
2025-11-28,1,29.15,28.3,28.54
2025-11-28,2,28.53,27.89,27.84
2025-11-28,3,27.18,26.92,26.93
2025-11-28,4,26.41,26.2,26.2
2025-11-28,5,26.68,26.62,26.57
2025-11-28,6,27.73,28.17,27.67
2025-11-28,7,26.59,26.7,26.45
2025-11-28,8,25.44,26.11,25.77
2025-11-28,9,22.59,20.67,21.33
2025-11-28,10,16.84,16.76,16.67
2025-11-28,11,12.96,10.86,11.25
2025-11-28,12,6.99,4.81,5.91
2025-11-28,13,3.92,3.67,3.78
2025-11-28,14,6.55,5.36,5.54
2025-11-28,15,9.64,7.35,7.92
2025-11-28,16,15.74,14.73,14.44
2025-11-28,17,24.22,22.78,22.84
2025-11-28,18,30.7,22.33,25.75
2025-11-28,19,30.94,22.37,25.75
2025-11-28,20,30.43,22.38,25.68
2025-11-28,21,27.01,20.65,23.55
2025-11-28,22,24.51,18.81,21.58
2025-11-28,23,23.69,18.78,21.5
2025-11-28,24,19.25,18.08,19.26
2025-11-29,1,16.33,16.4,17.04
2025-11-29,2,15.68,15.07,15.89
2025-11-29,3,14.31,15,15.49
2025-11-29,4,15.34,16.82,17
2025-11-29,5,15.66,16.94,17.17
2025-11-29,6,16.31,16.99,17.36
2025-11-29,7,17.09,16.73,17.61
2025-11-29,8,19.08,18.57,19.52
2025-11-29,9,21.51,18.74,20.05
2025-11-29,10,21.34,18.84,19.97
2025-11-29,11,22.88,21.14,21.31
2025-11-29,12,26.2,23.75,23.63
2025-11-29,13,30.92,25.04,25.86
2025-11-29,14,31.83,23.89,25.95
2025-11-29,15,36.76,23.04,27.33
2025-11-29,16,38.1,17.44,24.71
2025-11-29,17,50.27,25.26,34.54
2025-11-29,18,45.55,24.52,33.08
2025-11-29,19,42.54,24.68,32.05
2025-11-29,20,42.15,23.02,30.78
2025-11-29,21,39.4,22.03,28.98
2025-11-29,22,37.01,20.99,27.27
2025-11-29,23,35.22,24.18,28.86
2025-11-29,24,31.74,23.57,27.26
2025-11-30,1,29.56,22.21,25.16
2025-11-30,2,28.03,21.55,23.65
2025-11-30,3,27.52,23.61,24.36
2025-11-30,4,26.07,25.92,25.02
2025-11-30,5,27.42,27.8,27.32
2025-11-30,6,28.17,28.36,28.24
2025-11-30,7,30.13,30.11,29.83
2025-11-30,8,31.75,31.77,31.07
2025-11-30,9,29.44,30.67,28.74
2025-11-30,10,28.99,30.69,28.1
2025-11-30,11,32.14,36.01,31.3
2025-11-30,12,33.78,36.29,32.69
2025-11-30,13,34.82,37.57,33.22
2025-11-30,14,38.25,38.56,36.03
2025-11-30,15,41.89,41.68,38.12
2025-11-30,16,44.82,42.85,37.26
2025-11-30,17,58.16,55.41,49.44
2025-11-30,18,72.2,68.26,53.17
2025-11-30,19,72.42,65,50.19
2025-11-30,20,80.05,72.75,59.61
2025-11-30,21,78.16,70.92,58.68
2025-11-30,22,78.71,73.35,61.16
2025-11-30,23,80.52,71.12,56.5
2025-11-30,24,73.94,65.28,51.55
2025-12-01,1,59.55,55.65,47.64
2025-12-01,2,59.29,55.89,48.91
2025-12-01,3,64.07,59.25,49.68
2025-12-01,4,64.38,59.82,49.75
2025-12-01,5,71.67,64.99,50.78
2025-12-01,6,95.5,80.88,53.98
2025-12-01,7,118.54,100,69.69
2025-12-01,8,127.02,106.32,74.87
2025-12-01,9,135.35,113.21,80.07
2025-12-01,10,96.35,84.27,66.52
2025-12-01,11,83.94,77.1,61.53
2025-12-01,12,78.68,71.97,59.45
2025-12-01,13,71.36,64.32,51.87
2025-12-01,14,65.06,58.19,46.1
2025-12-01,15,64.36,56.01,46.46
2025-12-01,16,70.28,64.05,56.54
2025-12-01,17,84.78,76.15,58.88
2025-12-01,18,123.87,106.46,81.63
2025-12-01,19,118.6,100.15,75.35
2025-12-01,20,107.03,93.37,70.96
2025-12-01,21,117.18,99.13,74.61
2025-12-01,22,104.75,91.52,73.42
2025-12-01,23,97.85,84.02,63.26
2025-12-01,24,79.04,69.7,54.84
2025-12-02,1,113.84,97.93,62.34
2025-12-02,2,117.15,98.7,60
2025-12-02,3,104.28,89.63,57.68
2025-12-02,4,106.89,89.47,53.83
2025-12-02,5,132.64,106.75,61.86
2025-12-02,6,159.83,127.47,80.27
2025-12-02,7,204.26,159.19,90.42
2025-12-02,8,166.07,134.02,80.33
2025-12-02,9,117.68,60.7,50.59
2025-12-02,10,50.24,36.02,36.22
2025-12-02,11,43.41,33.09,31.39
2025-12-02,12,39.43,27.07,27.35
2025-12-02,13,35.65,20.72,24.13
2025-12-02,14,32.78,13.3,19.09
2025-12-02,15,30.54,8.49,15.73
2025-12-02,16,31.18,8.31,15.79
2025-12-02,17,46.78,23.26,31.14
2025-12-02,18,62.25,34.22,44.89
2025-12-02,19,68.56,36.08,47.72
2025-12-02,20,68.8,33.48,46.15
2025-12-02,21,58.66,28.94,40.39
2025-12-02,22,51.7,26.88,36.86
2025-12-02,23,41.49,26.02,32.37
2025-12-02,24,38.02,23.02,29.61
2025-12-03,1,44.05,22.05,29.18
2025-12-03,2,39.71,20.87,26.35
2025-12-03,3,42.72,21.79,28.54
2025-12-03,4,40.9,24.13,29.33
2025-12-03,5,43.92,24.6,29.9
2025-12-03,6,56.94,33.54,38.48
2025-12-03,7,71.26,43.71,48.5
2025-12-03,8,72.28,42.4,47.79
2025-12-03,9,55.24,28.81,35.86
2025-12-03,10,43.75,25.5,30.8
2025-12-03,11,44.02,23.39,28.41
2025-12-03,12,41.55,24.63,28.75
2025-12-03,13,40.04,25.07,28.66
2025-12-03,14,38.37,25.4,27.89
2025-12-03,15,37.78,25.14,28.2
2025-12-03,16,39.6,29.22,30.83
2025-12-03,17,51.79,41.11,40.53
2025-12-03,18,57.02,45.08,45.17
2025-12-03,19,57.21,41.92,45.3
2025-12-03,20,56.54,34.44,41.45
2025-12-03,21,49.06,30.62,37.58
2025-12-03,22,39.64,26.89,30.05
2025-12-03,23,38.44,28.93,30.23
2025-12-03,24,35.72,26.62,29.38
2025-12-04,1,29.24,20.95,24.58
2025-12-04,2,27.77,21.49,24.39
2025-12-04,3,26.9,22.42,24.57
2025-12-04,4,26.92,23.13,24.87
2025-12-04,5,27.86,23.09,24.86
2025-12-04,6,33,28.66,29.52
2025-12-04,7,42.16,31.99,34.31
2025-12-04,8,46.54,37.58,37.02
2025-12-04,9,50.52,43.7,40.75
2025-12-04,10,58.7,53.99,47.81
2025-12-04,11,57.14,51.39,45.72
2025-12-04,12,59.2,56.11,47.71
2025-12-04,13,60.48,57,48.21
2025-12-04,14,62.51,58.28,46.58
2025-12-04,15,66.2,58.97,46.77
2025-12-04,16,79.5,69.51,50.78
2025-12-04,17,93,79.03,53.07
2025-12-04,18,127.16,105.51,65.3
2025-12-04,19,124.41,104.49,58.03
2025-12-04,20,137.45,110.14,61.53
2025-12-04,21,135.7,106.55,59.38
2025-12-04,22,130.3,101.62,58.14
2025-12-04,23,124.58,99.66,59.98
2025-12-04,24,93.63,80.38,56.67
2025-12-05,1,73.27,62.5,53.39
2025-12-05,2,54.99,47.91,44.83
2025-12-05,3,52.46,46.29,44.47
2025-12-05,4,50.33,45.01,43.17
2025-12-05,5,51.54,46.47,43.84
2025-12-05,6,63.66,58,52.57
2025-12-05,7,76.52,69.26,61.07
2025-12-05,8,80.07,72.09,62.23
2025-12-05,9,64.71,59.16,53.44
2025-12-05,10,63.57,59.01,55.56
2025-12-05,11,57.17,53.49,50.66
2025-12-05,12,44.9,41.46,38.44
2025-12-05,13,39.05,35.21,33.23
2025-12-05,14,37.05,33.41,32.2
2025-12-05,15,34.67,30.17,30.46
2025-12-05,16,38.3,34.88,33.27
2025-12-05,17,61.14,57.13,52.4
2025-12-05,18,86.11,77.75,64.06
2025-12-05,19,84.91,75.54,60.03
2025-12-05,20,69.93,63.75,54.15
2025-12-05,21,64.38,59.32,52.49
2025-12-05,22,54.43,49.71,43.93
2025-12-05,23,49.81,45.54,40.16
2025-12-05,24,47.11,44.06,40.63
2025-12-06,1,46.34,45.17,42.66
2025-12-06,2,50.01,48.1,43.45
2025-12-06,3,48.71,46.9,42.04
2025-12-06,4,53.99,50.9,43.92
2025-12-06,5,57.67,53.44,44.57
2025-12-06,6,60.22,56.26,48.35
2025-12-06,7,56.85,49.36,38.93
2025-12-06,8,57.29,48.67,38.97
2025-12-06,9,42.12,35.01,34.7
2025-12-06,10,40.76,32.59,33.99
2025-12-06,11,40.48,27.73,30.78
2025-12-06,12,33.66,19.07,23.14
2025-12-06,13,22.52,15.18,17.08
2025-12-06,14,15.95,5.46,8.46
2025-12-06,15,14.83,2.47,5.69
2025-12-06,16,14.83,2.12,5.74
2025-12-06,17,33.12,24,27.09
2025-12-06,18,43.96,36.02,35.1
2025-12-06,19,41.82,37.66,35.39
2025-12-06,20,40.77,36.98,34.51
2025-12-06,21,37.14,33.66,31.84
2025-12-06,22,33.68,30.88,30.07
2025-12-06,23,36.24,34.64,33.72
2025-12-06,24,31.99,31.02,31.37
2025-12-07,1,31.78,30.52,31.21
2025-12-07,2,32.77,31.35,31.55
2025-12-07,3,32.73,31.18,31.41
2025-12-07,4,33.26,32.04,32.13
2025-12-07,5,34.22,33.01,32.83
2025-12-07,6,37.25,35.78,35.21
2025-12-07,7,35.4,33.31,33.06
2025-12-07,8,36.41,34.49,33.58
2025-12-07,9,24.69,22.71,22.55
2025-12-07,10,14.13,10.57,11.36
2025-12-07,11,8.96,7.18,7.35
2025-12-07,12,9.32,7.21,7.8
2025-12-07,13,8.17,6.87,6.61
2025-12-07,14,7.2,7.19,7.01
2025-12-07,15,6.98,7.2,6.34
2025-12-07,16,12.41,12.38,11.5
2025-12-07,17,34.78,34.96,32.73
2025-12-07,18,51.41,48.12,43.66
2025-12-07,19,54.1,50.04,44.56
2025-12-07,20,58.17,54.05,47.04
2025-12-07,21,57.58,52.52,44.37
2025-12-07,22,55.17,50.88,42.53
2025-12-07,23,53.85,52.02,41.82
2025-12-07,24,48.53,47.42,37.46
2025-12-08,1,45.91,47.1,38.72
2025-12-08,2,48.91,49.87,41.17
2025-12-08,3,47.7,49.14,42.92
2025-12-08,4,50.95,50.64,44.44
2025-12-08,5,58.17,57.02,48.69
2025-12-08,6,82.87,74.67,55.87
2025-12-08,7,92.5,76.11,57.47
2025-12-08,8,91.43,76.73,60.55
2025-12-08,9,39.66,37.81,36.31
2025-12-08,10,29.65,32.88,30.67
2025-12-08,11,27.75,30.92,29.05
2025-12-08,12,22.8,24.67,23.66
2025-12-08,13,18.97,20.36,19.81
2025-12-08,14,14.8,15.28,15.29
2025-12-08,15,11.37,10.9,10.99
2025-12-08,16,9.94,8.4,8.79
2025-12-08,17,32.4,32.23,32.1
2025-12-08,18,49.13,48.26,47.23
2025-12-08,19,48.15,47.56,47.29
2025-12-08,20,43.59,41.63,42.12
2025-12-08,21,41.14,37.44,38.45
2025-12-08,22,40.59,32.73,34.86
2025-12-08,23,40.37,36.51,37.56
2025-12-08,24,35.72,34.22,34.53
2025-12-09,1,34.5,32.07,32.92
2025-12-09,2,34.59,32.84,33.46
2025-12-09,3,32.6,31.93,32.24
2025-12-09,4,34.2,32.92,33.41
2025-12-09,5,36.75,35.08,35.74
2025-12-09,6,43,39.93,40.89
2025-12-09,7,64.72,56.86,59.05
2025-12-09,8,63.99,54.97,57.47
2025-12-09,9,53.27,32.28,40.26
2025-12-09,10,46.17,22.14,31.95
2025-12-09,11,37.62,18.45,26.31
2025-12-09,12,35.84,15.86,23.16
2025-12-09,13,21.27,13.13,15.47
2025-12-09,14,19.18,9.73,12.7
2025-12-09,15,16.4,4.4,8.18
2025-12-09,16,17.22,5,8.5
2025-12-09,17,34.72,25.13,28.15
2025-12-09,18,49.32,44.87,46.4
2025-12-09,19,40.78,39.25,40.54
2025-12-09,20,34.93,34.08,35.57
2025-12-09,21,31.61,31.36,32.93
2025-12-09,22,29.72,30.6,31.09
2025-12-09,23,25.43,25.1,26.77
2025-12-09,24,22.79,23.89,24.35
2025-12-10,1,25.31,24.83,25.65
2025-12-10,2,25.7,25.12,25.78
2025-12-10,3,27.66,26.66,27.34
2025-12-10,4,29.52,28.3,28.91
2025-12-10,5,33.25,31.72,32.45
2025-12-10,6,42.24,40.27,41.35
2025-12-10,7,39.96,38.18,39.28
2025-12-10,8,36.4,34.67,35.81
2025-12-10,9,25.36,25.78,26.11
2025-12-10,10,9.63,9.97,11.47
2025-12-10,11,9.12,6.86,10.01
2025-12-10,12,6.99,5.65,8.81
2025-12-10,13,6.9,4.54,7.82
2025-12-10,14,10.78,6.98,12.45
2025-12-10,15,11.73,9.42,11.67
2025-12-10,16,21.15,20.1,21.19
2025-12-10,17,36.78,36.84,37.07
2025-12-10,18,64.8,64.12,63.16
2025-12-10,19,73.39,68.3,64.42
2025-12-10,20,67.97,60.94,60.05
2025-12-10,21,74.95,64.34,63.34
2025-12-10,22,69.84,58.2,57.15
2025-12-10,23,61.68,50.68,49.72
2025-12-10,24,49.56,41.34,43.61
2025-12-11,1,45.35,39.17,41.52
2025-12-11,2,41.86,36.65,38.83
2025-12-11,3,38.54,34.36,36.28
2025-12-11,4,33.03,29.63,31.26
2025-12-11,5,32.6,30.07,31.36
2025-12-11,6,34.12,32.95,33.83
2025-12-11,7,42.83,42.02,42.53
2025-12-11,8,38.93,46.26,38.91
2025-12-11,9,25.24,32.32,26.75
2025-12-11,10,15.14,19.16,16.26
2025-12-11,11,11.73,12.79,12.29
2025-12-11,12,11.53,11.94,11.82
2025-12-11,13,11.76,11.16,11.38
2025-12-11,14,10.97,10.7,10.83
2025-12-11,15,8.65,8.11,8.43
2025-12-11,16,10.3,9.64,10.03
2025-12-11,17,30.49,29.35,29.9
2025-12-11,18,44.59,43.8,43.94
2025-12-11,19,37.69,37.58,37.9
2025-12-11,20,31.81,31.98,32.51
2025-12-11,21,29.55,29.56,30.7
2025-12-11,22,27.34,27.39,28.85
2025-12-11,23,26.39,27.26,28.05
2025-12-11,24,24.28,25.64,26.17
2025-12-12,1,25.98,26.51,26.77
2025-12-12,2,26.67,26.94,27.11
2025-12-12,3,27.84,27.47,27.65
2025-12-12,4,30.6,29.88,29.9
2025-12-12,5,34.77,34.01,34.16
2025-12-12,6,45.39,44.97,44.7
2025-12-12,7,49.92,48.28,48.49
2025-12-12,8,60.91,57.81,59.08
2025-12-12,9,35.13,33.51,34.12
2025-12-12,10,23.04,25.64,23.37
2025-12-12,11,19.4,20.52,20.23
2025-12-12,12,15.43,16.56,16.44
2025-12-12,13,17.42,17.35,17.82
2025-12-12,14,19.85,18.95,19.86
2025-12-12,15,21.15,19.51,20.69
2025-12-12,16,23.59,22.07,23.14
2025-12-12,17,37.96,37.21,37.58
2025-12-12,18,54.44,53.7,53.65
2025-12-12,19,48.25,47.54,47.66
2025-12-12,20,47.37,46.53,46.6
2025-12-12,21,46.71,45.5,45.71
2025-12-12,22,49.49,47.4,47.77
2025-12-12,23,55.94,52.57,52.78
2025-12-12,24,56.15,52.19,52.39
2025-12-13,1,56.32,50.05,48.15
2025-12-13,2,57.86,50.72,46.56
2025-12-13,3,55.91,50.49,47.32
2025-12-13,4,55.41,50.07,47.02
2025-12-13,5,55.33,50.04,47.44
2025-12-13,6,61.36,54.5,50.14
2025-12-13,7,59.33,51.25,47.76
2025-12-13,8,63.76,53.31,49.17
2025-12-13,9,51.61,45.83,45.57
2025-12-13,10,37.48,34.71,34.03
2025-12-13,11,36.36,35.17,35.33
2025-12-13,12,32.4,31.31,30.84
2025-12-13,13,30.26,29.37,28.96
2025-12-13,14,31.12,30.38,30.29
2025-12-13,15,30.33,29.42,29.17
2025-12-13,16,31.57,30.42,30.29
2025-12-13,17,47.08,43.38,43.84
2025-12-13,18,61.4,50.2,50.79
2025-12-13,19,59.19,48.32,49.06
2025-12-13,20,51.78,42.5,45.49
2025-12-13,21,38.98,30.27,34.78
2025-12-13,22,34.7,26.84,31.17
2025-12-13,23,29.95,23.7,27.66
2025-12-13,24,25.14,21.35,24.45
2025-12-14,1,18.5,17.52,19.73
2025-12-14,2,17.87,17.14,19.15
2025-12-14,3,17.63,17.74,19.02
2025-12-14,4,17.09,18.52,18.49
2025-12-14,5,18.63,19.77,19.44
2025-12-14,6,20.48,21.88,21.09
2025-12-14,7,22.42,23.27,22.84
2025-12-14,8,26,26.27,25.96
2025-12-14,9,26.88,27.55,25.72
2025-12-14,10,25.49,27.39,24.05
2025-12-14,11,25.89,29.22,23.79
2025-12-14,12,27.68,31.04,24.52
2025-12-14,13,27.24,30.98,24.19
2025-12-14,14,26.9,29.85,23.38
2025-12-14,15,26.46,28.47,22.87
2025-12-14,16,30.03,28.97,23.19
2025-12-14,17,54.29,50.04,45.05
2025-12-14,18,84.78,71.08,56.56
2025-12-14,19,96.91,81.02,64.69
2025-12-14,20,102.39,82.06,60.86
2025-12-14,21,93.26,75.04,58.93
2025-12-14,22,83.52,66.38,53.08
2025-12-14,23,71.87,58.13,49.43
2025-12-14,24,57.49,45.96,40.76
2025-12-15,1,59.85,46.92,40.26
2025-12-15,2,70.73,55.6,46.43
2025-12-15,3,65.01,52.07,46.41
2025-12-15,4,64.86,52.57,47.23
2025-12-15,5,66.86,54.84,49.65
2025-12-15,6,106.22,82.47,62.09
2025-12-15,7,137.18,108.11,81
2025-12-15,8,144.57,105.99,63.48
2025-12-15,9,63.07,51.54,41.71
2025-12-15,10,38.34,34.59,31.01
2025-12-15,11,28.44,27.07,26.3
2025-12-15,12,25.79,25.02,23.93
2025-12-15,13,23.32,22.58,20.82
2025-12-15,14,22.12,20.13,19.01
2025-12-15,15,20.52,18.94,18.21
2025-12-15,16,22.31,20.27,19.37
2025-12-15,17,34.36,32.42,31.93
2025-12-15,18,49.64,47.24,46.79
2025-12-15,19,46.33,43.94,42.97
2025-12-15,20,40.27,38.14,36.87
2025-12-15,21,33.56,32.07,31.76
2025-12-15,22,30.08,28.87,29
2025-12-15,23,28.76,27.38,27.38
2025-12-15,24,26.17,25.72,25.6
2025-12-16,1,28.8,27.24,25.59
2025-12-16,2,27.96,26.57,24.6
2025-12-16,3,29.27,27.18,24.77
2025-12-16,4,29.03,26.96,24.34
2025-12-16,5,30.57,29.2,27.24
2025-12-16,6,34.97,33.28,31.22
2025-12-16,7,44.33,51.81,38.86
2025-12-16,8,47.51,51.31,41.21
2025-12-16,9,39.38,43.4,34.39
2025-12-16,10,38.3,39.14,33.53
2025-12-16,11,33.91,33.52,30.06
2025-12-16,12,26.98,26.02,24.58
2025-12-16,13,25.42,23.95,23.12
2025-12-16,14,24.81,24.15,22.93
2025-12-16,15,23.2,22.39,21.78
2025-12-16,16,25.98,24.93,23.3
2025-12-16,17,37.76,35.55,33.46
2025-12-16,18,49.2,46.09,43.6
2025-12-16,19,46.49,43.29,39.38
2025-12-16,20,39.23,36.71,34.41
2025-12-16,21,36.09,33.61,31.15
2025-12-16,22,31.59,28.83,26.87
2025-12-16,23,32.87,30.05,27.24
2025-12-16,24,33.56,30.82,27.7
2025-12-17,1,29.6,25.31,21.42
2025-12-17,2,31.71,26.22,22.24
2025-12-17,3,32.95,26.54,23.35
2025-12-17,4,35.61,27.38,23.54
2025-12-17,5,39.22,29.49,25.23
2025-12-17,6,46.15,35.06,29.05
2025-12-17,7,63.51,51.03,42.34
2025-12-17,8,73.33,58.42,44.11
2025-12-17,9,61.35,51.52,40.66
2025-12-17,10,49.55,44.64,38.01
2025-12-17,11,48.64,42.98,35.14
2025-12-17,12,46.98,41.36,33.73
2025-12-17,13,44.43,38.59,30.68
2025-12-17,14,40.19,34.11,26.24
2025-12-17,15,40.36,34.14,27.08
2025-12-17,16,37.09,30.85,24.96
2025-12-17,17,50.58,40.17,32.27
2025-12-17,18,67.8,49.34,39.78
2025-12-17,19,58.54,43.17,43.24
2025-12-17,20,44.71,29.29,32.48
2025-12-17,21,35.65,24.21,27.7
2025-12-17,22,28.77,21.61,23.9
2025-12-17,23,25.65,22.52,23.85
2025-12-17,24,23.19,20.56,22.18
2025-12-18,1,24.85,20.64,21.19
2025-12-18,2,23.02,19.03,19.98
2025-12-18,3,21.59,17.56,18.53
2025-12-18,4,21.23,17.21,18.72
2025-12-18,5,22.9,18.73,19.89
2025-12-18,6,29.27,24.91,26.22
2025-12-18,7,32.96,25.97,28.42
2025-12-18,8,32.79,27.29,28.38
2025-12-18,9,28.32,21.72,22.75
2025-12-18,10,23.05,13.94,17.14
2025-12-18,11,14.71,7.87,10.83
2025-12-18,12,12.61,4.22,7.44
2025-12-18,13,12.06,2.15,6.05
2025-12-18,14,12.53,2.11,5.85
2025-12-18,15,13.39,2.56,5.92
2025-12-18,16,17.9,5.53,10.06
2025-12-18,17,27.4,24.72,24.18
2025-12-18,18,58.03,51.86,47.78
2025-12-18,19,55.34,49.75,45.39
2025-12-18,20,57.26,50.6,44.05
2025-12-18,21,52.4,48.07,39.45
2025-12-18,22,60.17,52.56,41.96
2025-12-18,23,53.65,45.43,32.35
2025-12-18,24,42.87,36.32,26.61
2025-12-19,1,41.05,36.25,28.36
2025-12-19,2,38.86,33.52,26.27
2025-12-19,3,34,29.85,24.23
2025-12-19,4,32.55,28.25,23.29
2025-12-19,5,28.66,26.8,25.14
2025-12-19,6,30.08,28.69,27.73
2025-12-19,7,31.22,29.36,27.51
2025-12-19,8,29.97,29.11,25.02
2025-12-19,9,22.91,26.36,22.34
2025-12-19,10,13.03,17.77,14.38
2025-12-19,11,7.13,10.36,7.33
2025-12-19,12,5.44,8.03,5.51
2025-12-19,13,5.08,6.4,4.31
2025-12-19,14,4.71,5.49,3.48
2025-12-19,15,5.36,6.12,3.63
2025-12-19,16,5.97,6.09,3.78
2025-12-19,17,19.48,20.81,20.42
2025-12-19,18,25.27,26.43,26.1
2025-12-19,19,28.32,28.53,29.04
2025-12-19,20,30.4,30.07,30.62
2025-12-19,21,28.39,28.78,29.52
2025-12-19,22,24.1,24.22,24.87
2025-12-19,23,22.44,23.18,23.48
2025-12-19,24,20.7,22.53,22.38
2025-12-20,1,18.6,21.13,20.4
2025-12-20,2,15.62,18.68,17.55
2025-12-20,3,14.85,17.42,16.69
2025-12-20,4,14.94,17.51,16.77
2025-12-20,5,16.46,19.16,18.23
2025-12-20,6,19.35,21.66,21.01
2025-12-20,7,19.55,21.97,21.05
2025-12-20,8,20.01,21.36,21.19
2025-12-20,9,15.36,18.03,16.82
2025-12-20,10,8.79,11.4,10.03
2025-12-20,11,8.15,10.3,9.38
2025-12-20,12,8.29,10.15,9.32
2025-12-20,13,7.55,9.65,8.91
2025-12-20,14,7.15,8.51,8.33
2025-12-20,15,7.33,8.42,8.29
2025-12-20,16,10.62,11.46,11.15
2025-12-20,17,26.94,26.75,26.96
2025-12-20,18,37.79,36.79,37.32
2025-12-20,19,34.98,30.58,33.06
2025-12-20,20,29.88,25.58,28
2025-12-20,21,27.74,23.84,26.15
2025-12-20,22,26.96,24.38,26.12
2025-12-20,23,25.42,23.5,24.66
2025-12-20,24,22.98,22.11,22.63
2025-12-21,1,23.11,22.73,22.73
2025-12-21,2,25.81,26.4,25.86
2025-12-21,3,25.37,26.05,25.51
2025-12-21,4,25.18,25.72,25.38
2025-12-21,5,23.31,23.87,23.3
2025-12-21,6,24.27,24.72,23.75
2025-12-21,7,24.98,25.15,24.28
2025-12-21,8,29.93,30.04,29.13
2025-12-21,9,28.21,28.16,27.83
2025-12-21,10,24.61,24.48,24.41
2025-12-21,11,26.95,27.03,27.01
2025-12-21,12,26.63,26.98,26.49
2025-12-21,13,26.49,26.68,26.18
2025-12-21,14,26.67,26.57,26.2
2025-12-21,15,26.64,26.28,26.19
2025-12-21,16,26.92,26.53,26.57
2025-12-21,17,37.7,37.41,37.86
2025-12-21,18,57.92,53.67,53.82
2025-12-21,19,56.83,50.06,51.72
2025-12-21,20,53.76,46.89,49.4
2025-12-21,21,43.6,37.95,40.75
2025-12-21,22,39.08,34.1,36.91
2025-12-21,23,33.01,28.88,30.92
2025-12-21,24,29.44,27.1,28.27
2025-12-22,1,25.3,23.8,24.44
2025-12-22,2,24.66,22.97,23.27
2025-12-22,3,24.71,22.94,23.55
2025-12-22,4,22.95,21.43,21.86
2025-12-22,5,22.98,21.6,21.95
2025-12-22,6,24.83,23.38,23.63
2025-12-22,7,24.82,23.26,23.33
2025-12-22,8,25.13,23.87,24.1
2025-12-22,9,22.7,22.11,22.03
2025-12-22,10,19.7,19.9,19.33
2025-12-22,11,20.14,20.28,20.92
2025-12-22,12,18.29,18.34,20.93
2025-12-22,13,15.97,15.45,20.34
2025-12-22,14,14.4,13.86,19.94
2025-12-22,15,13.5,13.57,19.28
2025-12-22,16,12.56,12.05,18.31
2025-12-22,17,21.55,21.01,23.1
2025-12-22,18,28.14,26.96,27.81
2025-12-22,19,25.71,25.81,26.44
2025-12-22,20,23.55,24.07,24.84
2025-12-22,21,22.18,23,23.58
2025-12-22,22,19.73,21.2,21.31
2025-12-22,23,19.09,21.04,20.93
2025-12-22,24,15.8,17.72,17.65
2025-12-23,1,15.62,17.57,17.4
2025-12-23,2,14.17,16.06,15.83
2025-12-23,3,13.62,15.19,15.09
2025-12-23,4,14.41,15.9,15.92
2025-12-23,5,15.53,16.91,16.8
2025-12-23,6,19.23,20.26,20.23
2025-12-23,7,21.66,21.31,22.11
2025-12-23,8,23.24,22.98,23.47
2025-12-23,9,21.29,22.26,22.27
2025-12-23,10,17.6,19.42,21.1
2025-12-23,11,16.93,17.97,21.83
2025-12-23,12,16.43,16.89,21.37
2025-12-23,13,17.39,17.89,21.3
2025-12-23,14,16.5,16.6,21.08
2025-12-23,15,16.98,17.12,21.49
2025-12-23,16,17.78,18.45,21.42
2025-12-23,17,29.71,29.64,30.82
2025-12-23,18,40.05,39.83,40
2025-12-23,19,31.19,31.2,31.34
2025-12-23,20,24.45,25.04,25.3
2025-12-23,21,20.82,21.79,22.22
2025-12-23,22,21.04,20.1,21.6
2025-12-23,23,20.48,21.8,22.04
2025-12-23,24,16.53,18.04,18.21
2025-12-24,1,16.31,18.37,17.74
2025-12-24,2,14.66,16.81,16.04
2025-12-24,3,15.07,16.96,16.29
2025-12-24,4,16.07,17.79,17.08
2025-12-24,5,17.44,18.74,18.19
2025-12-24,6,21.09,22,21.63
2025-12-24,7,23.23,23.53,23.49
2025-12-24,8,26.2,26.41,26.42
2025-12-24,9,23.1,23.35,23.31
2025-12-24,10,20.98,21.69,21.42
2025-12-24,11,17.85,19.06,18.85
2025-12-24,12,16.95,17.86,18.05
2025-12-24,13,15.82,16.43,16.83
2025-12-24,14,16.47,17.21,17.47
2025-12-24,15,17.03,17.75,17.87
2025-12-24,16,18.85,19.84,19.83
2025-12-24,17,31.76,31.94,32.02
2025-12-24,18,38.4,38.09,38.42
2025-12-24,19,27.89,27.65,27.99
2025-12-24,20,23.82,24.29,24.48
2025-12-24,21,20.77,22.04,22.27
2025-12-24,22,18.82,20.19,20.38
2025-12-24,23,18.84,20.5,20.45
2025-12-24,24,16.68,18.6,18.34
2025-12-25,1,15.83,17.55,16.99
2025-12-25,2,15.34,17.19,16.52
2025-12-25,3,15.52,17.31,16.63
2025-12-25,4,15.82,17.52,16.85
2025-12-25,5,15.9,16.91,16.57
2025-12-25,6,16.82,17.57,17.3
2025-12-25,7,15.53,15.59,15.47
2025-12-25,8,18.37,18.11,18.26
2025-12-25,9,17.1,17.23,17.2
2025-12-25,10,14.57,14.72,14.54
2025-12-25,11,15.28,15.57,15.32
2025-12-25,12,15.71,15.94,15.93
2025-12-25,13,15.96,16.12,16.15
2025-12-25,14,16.45,16.52,16.63
2025-12-25,15,17,17.2,17.29
2025-12-25,16,18.04,18.26,18.35
2025-12-25,17,24.83,23.8,24.56
2025-12-25,18,38.79,35.82,37.69
2025-12-25,19,29.87,27.37,29.13
2025-12-25,20,22.63,21.04,22.44
2025-12-25,21,18.59,19.06,19.72
2025-12-25,22,16.78,17.94,18.22
2025-12-25,23,15.89,17.31,17.34
2025-12-25,24,14.06,15.89,15.93
2025-12-26,1,13.79,14.98,15.13
2025-12-26,2,13.83,14.99,14.98
2025-12-26,3,13.68,14.56,14.67
2025-12-26,4,13.4,14.05,14.06
2025-12-26,5,14.13,14.1,14.4
2025-12-26,6,16.35,15.51,16.24
2025-12-26,7,19.26,17.68,18.67
2025-12-26,8,21.31,19.64,20.55
2025-12-26,9,19.74,19.4,19.55
2025-12-26,10,18.57,18.38,18.44
2025-12-26,11,20.7,20.52,20.54
2025-12-26,12,21.35,22.05,21.48
2025-12-26,13,22.2,24.22,22.64
2025-12-26,14,22.3,24.59,22.83
2025-12-26,15,23.05,25.25,23.58
2025-12-26,16,22.65,22.76,22.61
2025-12-26,17,45.26,44.1,44.43
2025-12-26,18,63.8,60.5,60.57
2025-12-26,19,43.15,40.38,41.51
2025-12-26,20,29.02,26.13,27.61
2025-12-26,21,25.55,24.08,24.9
2025-12-26,22,22.71,22.13,22.4
2025-12-26,23,18.69,18.95,18.9
2025-12-26,24,15.51,16.46,16.28
2025-12-27,1,15.9,16.88,16.69
2025-12-27,2,13.75,15.13,14.85
2025-12-27,3,12.95,14.43,14.12
2025-12-27,4,11.53,13.03,12.69
2025-12-27,5,11.79,13.09,12.79
2025-12-27,6,12.89,14.1,13.8
2025-12-27,7,12.09,12.78,12.61
2025-12-27,8,12.47,12.86,12.83
2025-12-27,9,11.51,11.9,11.84
2025-12-27,10,9.65,10.19,10.09
2025-12-27,11,10.15,10.72,10.62
2025-12-27,12,10,10.56,10.45
2025-12-27,13,8.72,9.52,9.52
2025-12-27,14,9.22,10.16,10.19
2025-12-27,15,8.74,9.79,9.83
2025-12-27,16,8.75,9.87,9.82
2025-12-27,17,16.28,17.01,17.06
2025-12-27,18,25.01,25.19,25.3
2025-12-27,19,21.03,21.57,21.76
2025-12-27,20,18.05,19.32,19.41
2025-12-27,21,15.16,16.74,16.77
2025-12-27,22,13.24,15.07,14.99
2025-12-27,23,14.44,16.73,16.47
2025-12-27,24,12.92,15.32,14.85
2025-12-28,1,10.56,13.08,12.53
2025-12-28,2,7.98,10.38,9.74
2025-12-28,3,6.42,8.85,8.12
2025-12-28,4,6.59,8.99,8.22
2025-12-28,5,8.71,10.86,10.09
2025-12-28,6,11.39,13.3,12.58
2025-12-28,7,11.58,12.85,12.25
2025-12-28,8,13.92,14.01,14.01
2025-12-28,9,15.22,14.71,15.08
2025-12-28,10,13.04,13.24,13.36
2025-12-28,11,10.42,11.2,11.41
2025-12-28,12,8.9,10.34,10.49
2025-12-28,13,8.1,9.45,9.82
2025-12-28,14,8.1,9.21,9.7
2025-12-28,15,11.62,10.61,12.5
2025-12-28,16,12.93,9.97,13.09
2025-12-28,17,17.04,15.68,17.96
2025-12-28,18,20.09,20.12,21.21
2025-12-28,19,19.71,19.46,20.91
2025-12-28,20,17.37,17.64,19.25
2025-12-28,21,14.52,15.31,16.23
2025-12-28,22,13.65,14.68,15.14
2025-12-28,23,15.2,16.69,16.38
2025-12-28,24,13.75,15.12,14.87
2025-12-29,1,18.1,18.28,18.16
2025-12-29,2,19.26,19.46,19.31
2025-12-29,3,18.52,18.94,18.68
2025-12-29,4,18.83,20.09,19.27
2025-12-29,5,18.6,21.01,19.19
2025-12-29,6,19.9,24,20.66
2025-12-29,7,24.35,25.61,23.24
2025-12-29,8,28.13,31.09,27.96
2025-12-29,9,27.26,27.53,25.82
2025-12-29,10,21.27,21.86,20.84
2025-12-29,11,18.46,18.95,17.92
2025-12-29,12,16.98,17.49,16.59
2025-12-29,13,16.08,16.56,15.7
2025-12-29,14,18.59,19.02,17.7
2025-12-29,15,21.32,22.24,20.09
2025-12-29,16,25.51,26.27,24.14
2025-12-29,17,34.41,34.51,31.01
2025-12-29,18,49.11,48.51,36.19
2025-12-29,19,59.61,59.6,44.61
2025-12-29,20,68.31,70.37,54.41
2025-12-29,21,68.2,68.42,54.69
2025-12-29,22,59.92,61.48,48.48
2025-12-29,23,51.52,51.72,36.08
2025-12-29,24,43.92,45.91,33.54
2025-12-30,1,42.71,49.16,33.77
2025-12-30,2,39.8,47.59,32.59
2025-12-30,3,40.34,50.52,32.33
2025-12-30,4,40.07,50.48,33.51
2025-12-30,5,44.04,49.28,35.33
2025-12-30,6,50.34,72.95,40.86
2025-12-30,7,81.12,81.9,56.22
2025-12-30,8,82.85,86.78,61.05
2025-12-30,9,37.57,42.69,30.59
2025-12-30,10,23.74,25.33,22.18
2025-12-30,11,19.23,24.15,19.76
2025-12-30,12,16.96,20.14,17.64
2025-12-30,13,14.64,17.01,15.18
2025-12-30,14,12.99,14.58,13.34
2025-12-30,15,10.13,10.22,10.11
2025-12-30,16,10.54,10.39,10.45
2025-12-30,17,23.76,23.59,23.62
2025-12-30,18,42.86,42.09,42.22
2025-12-30,19,43.63,42.47,42.52
2025-12-30,20,38.74,37.53,37.88
2025-12-30,21,36.2,35.1,35.47
2025-12-30,22,31.53,30.55,30.77
2025-12-30,23,29.32,28.54,28.17
2025-12-30,24,27.32,26.68,26.33
2025-12-31,1,28.34,27.9,27.47
2025-12-31,2,27.97,28.46,27.03
2025-12-31,3,28.29,28.1,26.92
2025-12-31,4,29.27,29.87,28
2025-12-31,5,36.52,36.59,34.97
2025-12-31,6,44.54,44.76,42.24
2025-12-31,7,49.98,48.93,45.34
2025-12-31,8,46.86,45.77,43.17
2025-12-31,9,27.78,27.38,26.38
2025-12-31,10,22.86,22.63,22.07
2025-12-31,11,19.68,21.7,19.59
2025-12-31,12,18.06,18.65,18.02
2025-12-31,13,16.48,17.13,16.53
2025-12-31,14,14.27,14.4,14.21
2025-12-31,15,11.58,11.47,11.52
2025-12-31,16,10.44,10.36,10.39
2025-12-31,17,23.59,23.56,23.52
2025-12-31,18,47.49,47.88,47.27
2025-12-31,19,43.36,44.03,43.1
2025-12-31,20,33.16,33.58,33.14
2025-12-31,21,26.24,26.45,26.29
2025-12-31,22,22.21,22.42,22.29
2025-12-31,23,23.94,24.04,23.8
2025-12-31,24,22.47,22.66,22.49
2026-01-01,1,20.7,20.75,20.51
2026-01-01,2,20.81,20.98,20.79
2026-01-01,3,20.99,21.25,20.98
2026-01-01,4,21.91,22.03,21.77
2026-01-01,5,23.77,24,23.65
2026-01-01,6,28.7,28.98,28.59
2026-01-01,7,32.83,32.89,32.38
2026-01-01,8,33.08,32.71,32.07
2026-01-01,9,23.32,22.51,21.23
2026-01-01,10,17.76,18,17.09
2026-01-01,11,17.76,18.95,17.35
2026-01-01,12,14.95,16.88,15.28
2026-01-01,13,14.94,16.57,15.31
2026-01-01,14,13.43,14.3,13.64
2026-01-01,15,9.75,10.41,9.91
2026-01-01,16,13.05,13.65,13.19
2026-01-01,17,21.28,20.99,20.78
2026-01-01,18,25.93,25.71,25.62
2026-01-01,19,25.37,25.31,25.14
2026-01-01,20,20.58,20.54,20.25
2026-01-01,21,16.08,16.57,16.71
2026-01-01,22,13.25,14.12,14.24
2026-01-01,23,14.79,16.23,15.72
2026-01-01,24,12.6,14.31,13.75
2026-01-02,1,14.02,16.29,15.67
2026-01-02,2,11.05,13,12.48
2026-01-02,3,9.19,10.89,10.43
2026-01-02,4,9.41,11.27,10.46
2026-01-02,5,12.53,14.29,13.78
2026-01-02,6,15.57,17.35,16.77
2026-01-02,7,17.93,19.54,18.99
2026-01-02,8,18.9,20.31,19.89
2026-01-02,9,14.93,15.79,15.47
2026-01-02,10,2.12,4.3,2.77
2026-01-02,11,1.51,4.64,2.16
2026-01-02,12,2.22,4.92,2.85
2026-01-02,13,4.5,5.61,4.79
2026-01-02,14,9.77,9.55,9.82
2026-01-02,15,10.22,9.75,10.22
2026-01-02,16,10.42,8.74,9.34
2026-01-02,17,21.12,19.95,19.43
2026-01-02,18,42.04,41.81,41.52
2026-01-02,19,31.16,31.18,31.11
2026-01-02,20,23.99,24.06,23.97
2026-01-02,21,21.95,22.07,21.97
2026-01-02,22,20.12,20.09,19.97
2026-01-02,23,20.49,20.65,20.54
2026-01-02,24,19.07,19.33,19.15
2026-01-03,1,15.52,15.71,15.63
2026-01-03,2,15.71,15.84,15.78
2026-01-03,3,16.06,16.18,16.12
2026-01-03,4,17.49,17.57,17.52
2026-01-03,5,16.43,16.64,16.49
2026-01-03,6,20.01,20.26,20.06
2026-01-03,7,22.19,22.89,22.32
2026-01-03,8,24.39,25.15,24.52
2026-01-03,9,18.4,18.47,18.4
2026-01-03,10,13.95,15.11,14.2
2026-01-03,11,13.35,15.56,13.8
2026-01-03,12,13.37,15.89,13.91
2026-01-03,13,13.63,16.06,14.15
2026-01-03,14,14.54,16.76,15
2026-01-03,15,14.16,15.82,14.48
2026-01-03,16,14.32,14.69,14.37
2026-01-03,17,24.58,24.44,24.29
2026-01-03,18,46.84,49.94,46.95
2026-01-03,19,42.25,44.81,41.35
2026-01-03,20,38.46,40.23,37.58
2026-01-03,21,32.05,32.94,31.61
2026-01-03,22,28.27,27.83,27.89
2026-01-03,23,26.76,26.41,26.55
2026-01-03,24,25.45,25.48,25.51
2026-01-04,1,22.71,22.24,21.63
2026-01-04,2,21.42,21.18,21.05
2026-01-04,3,19.73,20,19.57
2026-01-04,4,19.3,20.85,19.68
2026-01-04,5,19.88,20.7,20.07
2026-01-04,6,20.41,21.14,20.63
2026-01-04,7,20.23,19.78,19.63
2026-01-04,8,20.05,19.85,19.74
2026-01-04,9,16,16.01,15.96
2026-01-04,10,6.13,7.48,6.31
2026-01-04,11,4.89,7.47,5.46
2026-01-04,12,0.98,3.29,1.56
2026-01-04,13,0,1.79,0.45
2026-01-04,14,0.11,1.08,0.47
2026-01-04,15,0.02,0.82,0.45
2026-01-04,16,0.17,0.24,0.22
2026-01-04,17,9.84,9.9,9.95
2026-01-04,18,22.95,22.83,22.91
2026-01-04,19,22.82,22.84,22.95
2026-01-04,20,18.64,19.5,19.45
2026-01-04,21,14.72,16.37,16.2
2026-01-04,22,13.16,14.92,15.03
2026-01-04,23,13.73,16.15,15.94
2026-01-04,24,11.9,14.49,14.11
2026-01-05,1,8.24,10.66,10.14
2026-01-05,2,7.75,10.21,9.74
2026-01-05,3,8.32,10.26,9.76
2026-01-05,4,10.43,12.63,12.26
2026-01-05,5,12.21,13.97,13.53
2026-01-05,6,15.67,17.3,16.66
2026-01-05,7,20,21.57,20.97
2026-01-05,8,21.14,22.29,22.03
2026-01-05,9,19.39,20.95,20.26
2026-01-05,10,14.93,16.4,15.79
2026-01-05,11,11.91,13.01,12.7
2026-01-05,12,10.43,11.52,11.43
2026-01-05,13,8.3,9.23,9.29
2026-01-05,14,7.65,8.59,8.75
2026-01-05,15,6.75,7.46,7.46
2026-01-05,16,5.74,6.25,6.17
2026-01-05,17,17,17.11,17.19
2026-01-05,18,30.87,30.95,30.87
2026-01-05,19,25.95,25.64,25.86
2026-01-05,20,23.03,22.02,22.74
2026-01-05,21,21.25,20.48,21.24
2026-01-05,22,17.13,16.62,17.28
2026-01-05,23,15.82,15.91,16.36
2026-01-05,24,14.25,14.72,14.98
2026-01-06,1,15.11,14.86,15.28
2026-01-06,2,15.13,14.67,15.16
2026-01-06,3,15.29,14.27,15.04
2026-01-06,4,14.99,13.56,14.42
2026-01-06,5,15.47,13.82,14.53
2026-01-06,6,18.7,17.17,17.51
2026-01-06,7,22.04,23.32,20.81
2026-01-06,8,24.91,26.38,23.32
2026-01-06,9,20.18,20.82,19.76
2026-01-06,10,16.85,17.83,16.87
2026-01-06,11,16.01,18.88,16.3
2026-01-06,12,15.99,18.98,16.05
2026-01-06,13,16.22,18.85,16.81
2026-01-06,14,18.33,20.93,18.53
2026-01-06,15,18.14,20.3,17.97
2026-01-06,16,18.66,18.79,17.74
2026-01-06,17,29.04,27.99,27.12
2026-01-06,18,50.89,52.39,48.45
2026-01-06,19,43.21,47.18,39.05
2026-01-06,20,39.59,46.43,38.3
2026-01-06,21,33.19,40.17,33.65
2026-01-06,22,26.55,33.17,27.91
2026-01-06,23,24.77,27.57,24.94
2026-01-06,24,18.9,21.89,19.34
2026-01-07,1,20.82,22.01,20.99
2026-01-07,2,20.38,21.33,20.31
2026-01-07,3,18.89,20.14,18.94
2026-01-07,4,17.65,19.26,17.85
2026-01-07,5,17.96,19.35,18.16
2026-01-07,6,19.57,20.75,19.79
2026-01-07,7,25.9,24.96,25.07
2026-01-07,8,26.87,26.27,26.24
2026-01-07,9,17.03,16.62,16.66
2026-01-07,10,14,15.59,14.16
2026-01-07,11,12.52,13.93,12.73
2026-01-07,12,11.37,12.98,11.81
2026-01-07,13,10.2,11.64,10.75
2026-01-07,14,6.77,9.06,8.59
2026-01-07,15,6.26,8.7,8.24
2026-01-07,16,9.15,10.57,10.85
2026-01-07,17,19.06,19.31,19.4
2026-01-07,18,31.29,31.45,31.18
2026-01-07,19,26.32,26.62,26.44
2026-01-07,20,21.17,22.16,21.86
2026-01-07,21,17.86,19.35,18.99
2026-01-07,22,14.66,16.84,16.22
2026-01-07,23,13.06,15.52,14.74
2026-01-07,24,9.78,12.74,12.27
2026-01-08,1,8.9,12.08,11.41
2026-01-08,2,8.46,11.46,10.73
2026-01-08,3,8.45,11.36,10.56
2026-01-08,4,9.11,12.09,11.2
2026-01-08,5,9.42,12.36,11.43
2026-01-08,6,11.23,14.12,13.21
2026-01-08,7,12.54,15.52,14.64
2026-01-08,8,12.32,15.97,14.77
2026-01-08,9,10.64,15.72,13.88
2026-01-08,10,7.92,13.59,11.37
2026-01-08,11,3.9,9.51,7.44
2026-01-08,12,2.4,7.71,6.47
2026-01-08,13,2.49,7.31,6.43
2026-01-08,14,5.5,8.68,9.14
2026-01-08,15,9.32,10.06,11.27
2026-01-08,16,12.84,11.28,12.47
2026-01-08,17,14.53,17.01,16.63
2026-01-08,18,32.06,32.83,33.03
2026-01-08,19,29.23,29.75,29.78
2026-01-08,20,27.81,28.09,28.1
2026-01-08,21,25.27,25.61,25.59
2026-01-08,22,23.34,23.6,23.58
2026-01-08,23,24.79,24.92,24.95
2026-01-08,24,21.93,22.09,22.05
2026-01-09,1,24.8,25.13,24.87
2026-01-09,2,26.75,26.94,26.16
2026-01-09,3,27.93,28.69,28.19
2026-01-09,4,27.61,28.37,27.3
2026-01-09,5,28.55,29.07,28.03
2026-01-09,6,33.49,33.57,33.28
2026-01-09,7,36.05,35.55,35.67
2026-01-09,8,39.72,39.14,38.96
2026-01-09,9,31.08,30.88,30.86
2026-01-09,10,23.39,23.49,23.41
2026-01-09,11,19.89,20.14,19.97
2026-01-09,12,16.63,16.87,16.77
2026-01-09,13,16.43,16.65,16.62
2026-01-09,14,17.02,17.5,17.59
2026-01-09,15,16.9,17.06,17.35
2026-01-09,16,18.28,18.77,18.69
2026-01-09,17,23.19,23.68,23.58
2026-01-09,18,34.57,34.17,34.38
2026-01-09,19,31.52,31.01,31.46
2026-01-09,20,26.11,25.79,26.22
2026-01-09,21,21.38,22.21,22.31
2026-01-09,22,18.1,19.91,19.6
2026-01-09,23,16.27,18.36,17.82
2026-01-09,24,15.42,17.86,17.01
2026-01-10,1,12.95,15.77,14.74
2026-01-10,2,11.78,14.64,13.73
2026-01-10,3,11.12,13.95,13.33
2026-01-10,4,9.4,12.1,11.5
2026-01-10,5,9.06,11.56,10.8
2026-01-10,6,11.27,13.46,12.56
2026-01-10,7,13.71,15.79,14.88
2026-01-10,8,17.3,18.85,18
2026-01-10,9,17.94,18.27,16.76
2026-01-10,10,7.05,9.07,7.87
2026-01-10,11,5.03,7.55,5.76
2026-01-10,12,3.28,5.51,4.02
2026-01-10,13,3.44,5.43,4.23
2026-01-10,14,3.42,4.8,3.9
2026-01-10,15,3.87,4.73,3.88
2026-01-10,16,5.27,5.79,4.95
2026-01-10,17,16.71,16.97,15.99
2026-01-10,18,28.09,30.04,26.43
2026-01-10,19,33.02,40.13,29.2
2026-01-10,20,38.49,45.62,34.68
2026-01-10,21,40.75,48.9,36.93
2026-01-10,22,41.54,50.12,39.01
2026-01-10,23,39.94,49.06,34.4
2026-01-10,24,36.91,45.02,30.61
2026-01-11,1,25.38,29.65,25.62
2026-01-11,2,22.45,25.58,22.7
2026-01-11,3,21.54,23.28,21.62
2026-01-11,4,21.17,22.47,21.03
2026-01-11,5,21.73,22.56,21.06
2026-01-11,6,20.58,21.11,20.15
2026-01-11,7,21.36,21.83,20.68
2026-01-11,8,26.79,26.48,25.54
2026-01-11,9,19.97,19.86,19.88
2026-01-11,10,15.07,15.84,15.18
2026-01-11,11,13.5,15.12,13.74
2026-01-11,12,12.3,14.69,12.66
2026-01-11,13,11.68,13.95,12.02
2026-01-11,14,10.99,13.09,11.31
2026-01-11,15,10.26,11.08,10.37
2026-01-11,16,13.86,13.97,13.88
2026-01-11,17,20.35,20.43,20.35
2026-01-11,18,34.59,41.85,36.92
2026-01-11,19,38.71,46.81,39.79
2026-01-11,20,39.27,46.97,40.02
2026-01-11,21,38.24,43.64,36.93
2026-01-11,22,34.64,39.94,34.77
2026-01-11,23,32.3,35.72,32.31
2026-01-11,24,28,30.97,28.34
2026-01-12,1,30.93,29.88,28.81
2026-01-12,2,28.89,27.46,27.11
2026-01-12,3,27.73,26.32,26.84
2026-01-12,4,28.51,26.59,27.59
2026-01-12,5,30.5,28.48,29.7
2026-01-12,6,36.46,33.29,35.11
2026-01-12,7,48.2,45.44,44.89
2026-01-12,8,48.6,45.02,46.61
2026-01-12,9,34.32,31.95,33.24
2026-01-12,10,24.05,23.23,22.87
2026-01-12,11,20.09,20.58,20.07
2026-01-12,12,17.43,18.08,17.48
2026-01-12,13,15.44,15.54,15.43
2026-01-12,14,14.5,14.93,14.46
2026-01-12,15,14.46,14.77,14.43
2026-01-12,16,15.57,15.6,15.51
2026-01-12,17,24.63,24.53,24.57
2026-01-12,18,41.08,40.14,40.58
2026-01-12,19,40.85,39.38,40.31
2026-01-12,20,38.62,37.26,38.1
2026-01-12,21,34.5,33.48,34.12
2026-01-12,22,30.11,28.85,29.38
2026-01-12,23,25.35,24.39,24.63
2026-01-12,24,23.18,22.63,22.91
2026-01-13,1,20.17,18.77,18.89
2026-01-13,2,19.83,18.52,18.93
2026-01-13,3,19.24,18.1,18.64
2026-01-13,4,19.05,18.12,18.73
2026-01-13,5,19.47,18.55,19.25
2026-01-13,6,22.98,21.65,22.61
2026-01-13,7,27.9,26.29,27.37
2026-01-13,8,31.02,29.89,30.67
2026-01-13,9,26.46,25.8,25.92
2026-01-13,10,24.33,24.5,24.16
2026-01-13,11,22.54,23.1,22.55
2026-01-13,12,19.43,19.55,19.32
2026-01-13,13,16.91,16.59,16.54
2026-01-13,14,16,16.1,15.98
2026-01-13,15,16.23,16.28,16.24
2026-01-13,16,15.8,15.85,15.81
2026-01-13,17,23.81,23.75,23.77
2026-01-13,18,38.89,38.7,38.78
2026-01-13,19,36.35,36.08,36.19
2026-01-13,20,30.99,30.14,30.48
2026-01-13,21,28.35,27.55,28.05
2026-01-13,22,24.79,24.09,24.03
2026-01-13,23,22.85,22,22.01
2026-01-13,24,21.16,20.43,20.72
2026-01-14,1,20.32,19.08,19.63
2026-01-14,2,19.62,18.71,19.28
2026-01-14,3,17.96,17.54,18
2026-01-14,4,16.87,17.01,17.39
2026-01-14,5,16.8,17.61,17.74
2026-01-14,6,18.53,20.51,20.01
2026-01-14,7,21.1,23.44,22.72
2026-01-14,8,20.14,21.91,21.8
2026-01-14,9,14.02,15.83,15.41
2026-01-14,10,6.16,9.11,7.92
2026-01-14,11,0.2,2.38,1.86
2026-01-14,12,-0.89,0.41,0.68
2026-01-14,13,-1.3,0.54,1.16
2026-01-14,14,-1.53,0.19,1.02
2026-01-14,15,-1.4,-0.02,0.75
2026-01-14,16,-1.7,-0.31,0.47
2026-01-14,17,2.78,4.38,5.41
2026-01-14,18,18.29,17.77,18.95
2026-01-14,19,22.63,20.97,22.2
2026-01-14,20,27.19,25.33,26.63
2026-01-14,21,30.33,28.95,29.45
2026-01-14,22,31.82,31.02,30.66
2026-01-14,23,30.71,35.51,31.76
2026-01-14,24,28.25,35.08,29.65
2026-01-15,1,34.78,40.9,36.18
2026-01-15,2,31.69,42.76,34.49
2026-01-15,3,34.34,44.35,35.54
2026-01-15,4,34.92,44.99,36.53
2026-01-15,5,38.95,46.45,40.35
2026-01-15,6,50.9,54.3,49.51
2026-01-15,7,51.31,48.27,48.84
2026-01-15,8,43.17,41.53,41.72
2026-01-15,9,22.23,21.91,23.01
2026-01-15,10,12.88,15.55,14.57
2026-01-15,11,8.99,10,10.72
2026-01-15,12,6.47,7.12,7.84
2026-01-15,13,4.2,4.81,5.4
2026-01-15,14,2.89,3.73,4.29
2026-01-15,15,0.62,0.68,1.48
2026-01-15,16,1.01,1.15,1.8
2026-01-15,17,8.32,9.33,9.92
2026-01-15,18,28.31,27.56,27.84
2026-01-15,19,27.08,26.43,26.84
2026-01-15,20,24.05,24.11,24.56
2026-01-15,21,20.43,21.08,21.47
2026-01-15,22,18.71,19.63,20.06
2026-01-15,23,19.01,19.87,20.05
2026-01-15,24,17.5,18.43,18.5
2026-01-16,1,14.65,15.82,15.94
2026-01-16,2,14.68,15.67,15.76
2026-01-16,3,15.75,16.4,16.33
2026-01-16,4,15.67,16.29,16.18
2026-01-16,5,18.12,18.76,18.62
2026-01-16,6,22.29,22.67,22.73
2026-01-16,7,22.68,23.94,23.86
2026-01-16,8,19.89,22.74,22.06
2026-01-16,9,8.88,10.92,11.16
2026-01-16,10,0.09,2.97,3.51
2026-01-16,11,-2.45,0.14,0.6
2026-01-16,12,-2.64,-0.11,0.39
2026-01-16,13,-2.56,-0.2,0.57
2026-01-16,14,-2.75,-0.87,-0.07
2026-01-16,15,-1.53,-0.21,0.55
2026-01-16,16,0.41,0.59,0.96
2026-01-16,17,6.06,6.8,7.31
2026-01-16,18,24.53,23.91,24.27
2026-01-16,19,30.85,29.83,30.53
2026-01-16,20,31.27,30.01,28.29
2026-01-16,21,30.22,31.41,28.36
2026-01-16,22,31.03,32.32,28.72
2026-01-16,23,29.57,31.12,28.17
2026-01-16,24,26.9,27.48,25.2
2026-01-17,1,21.88,21.78,21.64
2026-01-17,2,20.06,20.27,19.91
2026-01-17,3,18.59,19.22,18.49
2026-01-17,4,19.57,20.41,19.45
2026-01-17,5,20.73,21.71,20.56
2026-01-17,6,23.49,26.77,23.55
2026-01-17,7,24.2,25.59,24.03
2026-01-17,8,25.73,27.39,25.76
2026-01-17,9,20.22,21.4,19.93
2026-01-17,10,10.83,17.68,10.96
2026-01-17,11,5.82,13.93,7.54
2026-01-17,12,1.69,8.04,3.05
2026-01-17,13,0.6,5.58,2.1
2026-01-17,14,1.08,3.98,1.6
2026-01-17,15,0.25,3.27,0.48
2026-01-17,16,1.86,3.8,1.85
2026-01-17,17,14,14.14,13.74
2026-01-17,18,30.14,29.91,29.65
2026-01-17,19,37.87,40.4,37.73
2026-01-17,20,39.15,43.95,39.1
2026-01-17,21,40.34,47.54,39.88
2026-01-17,22,44.11,53.22,44.59
2026-01-17,23,45.04,53.92,44.69
2026-01-17,24,37.6,41.79,38.13
2026-01-18,1,46.19,51.67,40.83
2026-01-18,2,47.06,45.92,41.55
2026-01-18,3,46.99,45.3,42.26
2026-01-18,4,45.83,44.01,41.68
2026-01-18,5,44.94,45.22,43.73
2026-01-18,6,47.86,47.44,45.67
2026-01-18,7,43.12,43.77,38.05
2026-01-18,8,41.03,41.19,36.07
2026-01-18,9,25.73,26.95,22.75
2026-01-18,10,18.32,18.56,16.58
2026-01-18,11,13.15,13.02,12.46
2026-01-18,12,7.32,6.17,6.95
2026-01-18,13,3.73,2.77,3.13
2026-01-18,14,1.95,2.02,2.12
2026-01-18,15,1.05,1.15,1.14
2026-01-18,16,0.84,1.03,0.68
2026-01-18,17,12.82,12.81,12.81
2026-01-18,18,33.75,33.17,33.04
2026-01-18,19,35.09,34.01,32.76
2026-01-18,20,30.29,29.98,29.3
2026-01-18,21,25.1,25.24,25.03
2026-01-18,22,22.68,22.92,22.7
2026-01-18,23,20.89,20.88,20.77
2026-01-18,24,20.88,20.54,20.11
2026-01-19,1,24.18,23.91,23.55
2026-01-19,2,23.94,23.83,23.63
2026-01-19,3,25.01,24.79,24.72
2026-01-19,4,29.05,28.19,28.02
2026-01-19,5,31.27,29.84,30.02
2026-01-19,6,36.84,35.66,36.13
2026-01-19,7,43.47,41.55,42.59
2026-01-19,8,43.66,42.2,42.49
2026-01-19,9,25.27,26.61,25.26
2026-01-19,10,15.14,20.43,17
2026-01-19,11,11.24,17.17,14.4
2026-01-19,12,5.57,13.69,9.16
2026-01-19,13,3.07,11.03,5.97
2026-01-19,14,1.81,8.56,4.58
2026-01-19,15,1.28,6.32,3.39
2026-01-19,16,1.75,6.5,3.55
2026-01-19,17,11.12,14.71,12.94
2026-01-19,18,23.48,24.46,23.44
2026-01-19,19,29.95,31.19,29.49
2026-01-19,20,30.08,31.16,29.59
2026-01-19,21,31.89,32.82,31.09
2026-01-19,22,33.36,34.66,32.03
2026-01-19,23,35,37,34.99
2026-01-19,24,34.89,36.57,34.39
2026-01-20,1,34.79,37.65,34.49
2026-01-20,2,36.32,39.97,36.2
2026-01-20,3,38.6,42.98,38.54
2026-01-20,4,41.38,46.58,41.23
2026-01-20,5,44.78,53.12,42.6
2026-01-20,6,57.4,65.76,53.49
2026-01-20,7,64.76,80.61,58.23
2026-01-20,8,83.82,81.74,63.3
2026-01-20,9,53.48,46.23,41.18
2026-01-20,10,25.97,41.67,25.28
2026-01-20,11,23.66,24.12,22.41
2026-01-20,12,21.54,22.45,21.41
2026-01-20,13,19.58,19.51,19.03
2026-01-20,14,18.22,17.59,17.95
2026-01-20,15,17.63,16.46,17.08
2026-01-20,16,20.36,16.89,17.73
2026-01-20,17,24.44,20.02,20.71
2026-01-20,18,32.54,29.82,28.26
2026-01-20,19,31.24,26.24,27.29
2026-01-20,20,29,24.83,25.77
2026-01-20,21,22.17,21.39,21.91
2026-01-20,22,21.18,20.59,21.25
2026-01-20,23,19.52,19.06,19.77
2026-01-20,24,17.91,17.6,18.23
2026-01-21,1,14.84,14.77,15.47
2026-01-21,2,15.5,15.41,15.88
2026-01-21,3,16.01,15.84,15.94
2026-01-21,4,17.08,16.83,16.62
2026-01-21,5,18.76,18.42,18.06
2026-01-21,6,22.86,22.15,21.87
2026-01-21,7,28.36,27.6,27.52
2026-01-21,8,32.08,31.24,30.85
2026-01-21,9,29.66,28.89,28.64
2026-01-21,10,22.98,22.61,22.49
2026-01-21,11,22.63,21.94,22.16
2026-01-21,12,21.58,21.23,21.26
2026-01-21,13,21.38,21.2,20.95
2026-01-21,14,21.73,21.91,21.24
2026-01-21,15,21.01,20.82,20.49
2026-01-21,16,20.28,20.36,19.85
2026-01-21,17,26.13,26.05,25.95
2026-01-21,18,47.22,44.76,43.16
2026-01-21,19,47.17,46.96,43.59
2026-01-21,20,47.74,45.72,42.97
2026-01-21,21,44.75,42.35,38.66
2026-01-21,22,39.52,35.85,34.06
2026-01-21,23,33.87,31.18,30.28
2026-01-21,24,30.31,28.63,28.5
2026-01-22,1,33.07,29.72,30.9
2026-01-22,2,32.95,29.67,30.88
2026-01-22,3,32.69,29.6,30.46
2026-01-22,4,33.88,30.76,30.53
2026-01-22,5,33.7,31.39,31.53
2026-01-22,6,38.92,37.53,37.13
2026-01-22,7,48.46,45.72,44.45
2026-01-22,8,52.4,51.38,50.3
2026-01-22,9,45.23,44.46,43.23
2026-01-22,10,30.25,30.08,29.95
2026-01-22,11,28.63,27.55,28.13
2026-01-22,12,26.75,26.18,26.49
2026-01-22,13,24.9,24.24,24.66
2026-01-22,14,23.87,23.55,23.72
2026-01-22,15,23.22,22.86,23.06
2026-01-22,16,24.56,24.34,24.39
2026-01-22,17,29.77,29.08,29.2
2026-01-22,18,39.84,39.33,39.4
2026-01-22,19,36.47,35.5,35.11
2026-01-22,20,33.15,32.6,32.57
2026-01-22,21,29.93,29.95,29.91
2026-01-22,22,28.12,28.17,28.12
2026-01-22,23,27.15,27.21,27.17
2026-01-22,24,25.22,25.21,24.85
2026-01-23,1,34.16,34.25,34.01
2026-01-23,2,32.81,33.02,32.85
2026-01-23,3,34.41,34.38,33.75
2026-01-23,4,29.94,29.93,29.57
2026-01-23,5,31.9,31.72,31.41
2026-01-23,6,34.48,34.45,34.43
2026-01-23,7,40.51,40.12,40.35
2026-01-23,8,40.28,39.62,39.95
2026-01-23,9,44.27,43.08,43.69
2026-01-23,10,54.93,53.45,54.11
2026-01-23,11,43.21,41.84,40.09
2026-01-23,12,39.48,39.51,38.18
2026-01-23,13,34.62,33.48,33.19
2026-01-23,14,38.19,38.76,37.16
2026-01-23,15,37.03,38.15,36.08
2026-01-23,16,34.68,36.36,33.27
2026-01-23,17,37.45,37.91,33.75
2026-01-23,18,33.41,31.58,29.49
2026-01-23,19,35.34,34.22,32.26
2026-01-23,20,39.94,41.42,37.7
2026-01-23,21,40.02,43.52,39
2026-01-23,22,47.27,46.9,39.63
2026-01-23,23,46.65,47.35,39.85
2026-01-23,24,49.05,47.77,38.95
2026-01-24,1,38.48,51.96,34.11
2026-01-24,2,37.11,55.16,34.33
2026-01-24,3,39.46,56.09,33.5
2026-01-24,4,38.97,58.67,34.43
2026-01-24,5,41.4,65.3,38.17
2026-01-24,6,48.85,76.67,39.91
2026-01-24,7,87.16,89,52.27
2026-01-24,8,95.98,101.63,60.42
2026-01-24,9,125.62,137.11,88.11
2026-01-24,10,167.4,163.85,116.36
2026-01-24,11,180.84,171.4,120.58
2026-01-24,12,188.39,176.34,122.15
2026-01-24,13,195.85,185,131.25
2026-01-24,14,196.6,182.6,128.67
2026-01-24,15,204.4,188.37,133.2
2026-01-24,16,219.74,201.69,142.38
2026-01-24,17,245.85,235.82,164.23
2026-01-24,18,269.97,294.25,189.85
2026-01-24,19,329.74,365.85,233.66
2026-01-24,20,299.56,297,206.48
2026-01-24,21,295.08,317.82,200.24
2026-01-24,22,336.75,334.85,237.35
2026-01-24,23,406.29,434.69,305.13
2026-01-24,24,320.33,345.08,232.09
2026-01-25,1,542.16,444.8,291.58
2026-01-25,2,512.53,453.29,264.37
2026-01-25,3,496.56,433.84,256.88
2026-01-25,4,579.93,472.73,336.09
2026-01-25,5,527.19,477.87,292.8
2026-01-25,6,644.84,636.84,421.75
2026-01-25,7,520.08,414.92,283.26
2026-01-25,8,615.5,451.69,310.67
2026-01-25,9,663.13,491.83,334
2026-01-25,10,649.76,543.41,413.32
2026-01-25,11,830.87,780.82,571.58
2026-01-25,12,625.71,545.8,347
2026-01-25,13,586.98,478.12,304.6
2026-01-25,14,589.01,483.61,309.13
2026-01-25,15,551.79,448.03,266.37
2026-01-25,16,512.93,343.26,231.35
2026-01-25,17,555.47,377.78,279.62
2026-01-25,18,795.36,681.56,551.6
2026-01-25,19,1266.62,1183.59,974.32
2026-01-25,20,1376.29,1232.8,1017.86
2026-01-25,21,1544.95,1383.36,1153.06
2026-01-25,22,1301.13,1250.18,989.65
2026-01-25,23,1583.34,1574.13,1308.68
2026-01-25,24,1541.77,1535.47,1306.12
2026-01-26,1,1292.27,1211.66,903.35
2026-01-26,2,1018.86,922.5,641.37
2026-01-26,3,1203.89,1119.9,831.02
2026-01-26,4,1275.42,1176.63,910.31
2026-01-26,5,1507.93,1388.8,1150.97
2026-01-26,6,2057.6,1937,1694.3
2026-01-26,7,1960.79,1718.02,1323.61
2026-01-26,8,2160.97,1835.13,1461.35
2026-01-26,9,1690.31,1618.01,1318.57
2026-01-26,10,721.72,494.79,328.51
2026-01-26,11,354.55,232.1,179.62
2026-01-26,12,221.21,172.3,146.47
2026-01-26,13,203.15,173.84,148.6
2026-01-26,14,169.13,150.39,131.97
2026-01-26,15,134.04,118.65,104.79
2026-01-26,16,134.53,116.7,107.46
2026-01-26,17,115.34,92.81,87.52
2026-01-26,18,339.78,272.26,240.66
2026-01-26,19,467.27,357.15,277.08
2026-01-26,20,463.17,334.62,258.4
2026-01-26,21,515.66,400.05,329.37
2026-01-26,22,574.44,457.79,395.35
2026-01-26,23,549.4,500,449.43
2026-01-26,24,345.7,302.38,260.87
2026-01-27,1,163.51,154.96,150.19
2026-01-27,2,164.11,156.98,150.88
2026-01-27,3,173.28,166.46,158.05
2026-01-27,4,182.56,175.14,167.15
2026-01-27,5,201.92,188.89,178.3
2026-01-27,6,298.48,274.75,258.75
2026-01-27,7,282.37,222.02,202.48
2026-01-27,8,347.78,264.7,235.55
2026-01-27,9,212.39,164.93,151.43
2026-01-27,10,121.12,107.36,101.04
2026-01-27,11,86.43,86.44,82.7
2026-01-27,12,79.95,81.98,78.5
2026-01-27,13,55.09,54.89,52.8
2026-01-27,14,48.01,47.87,46.55
2026-01-27,15,43.92,44.05,43.84
2026-01-27,16,39.96,39.93,39.88
2026-01-27,17,71.86,71.8,71.66
2026-01-27,18,119.42,127.14,114.55
2026-01-27,19,131.61,144.78,116.52
2026-01-27,20,128.4,140,114.33
2026-01-27,21,126.9,140,113.47
2026-01-27,22,127.69,138.76,117.74
2026-01-27,23,138.12,152.51,128.68
2026-01-27,24,125.87,142.63,118.22
2026-01-28,1,94.11,93.98,93.1
2026-01-28,2,100.91,100.87,100.38
2026-01-28,3,93.4,93.55,92.89
2026-01-28,4,100.95,100.93,99.99
2026-01-28,5,125.91,126,124.95
2026-01-28,6,170.23,175.38,162.78
2026-01-28,7,142.33,139.84,134.46
2026-01-28,8,153.06,150.53,131.21
2026-01-28,9,105.94,94.86,90.08
2026-01-28,10,69.35,75.97,64.95
2026-01-28,11,54.36,49.27,42.65
2026-01-28,12,43.86,40.33,35.31
2026-01-28,13,31.79,31.08,27.25
2026-01-28,14,25.53,24.4,22.72
2026-01-28,15,24.6,23.15,22.48
2026-01-28,16,21.82,20.2,20.06
2026-01-28,17,39.49,37.22,36.91
2026-01-28,18,102.73,101.25,99.02
2026-01-28,19,74.99,70.68,70.52
2026-01-28,20,70.6,66.6,66.47
2026-01-28,21,62.81,60.87,61.09
2026-01-28,22,51.75,51.3,51.19
2026-01-28,23,61.04,60.37,60.39
2026-01-28,24,61.02,59.83,60.44
2026-01-29,1,34.93,36.49,36.33
2026-01-29,2,36.53,37.81,37.64
2026-01-29,3,37.15,38.56,38.35
2026-01-29,4,38.16,39.37,39.35
2026-01-29,5,43.51,45,44.82
2026-01-29,6,60.01,65.05,61.89
2026-01-29,7,69.21,75.77,69.77
2026-01-29,8,78.14,89.02,79.34
2026-01-29,9,45.95,50.19,47.1
2026-01-29,10,30.62,37.09,32.32
2026-01-29,11,24.68,27.69,25.8
2026-01-29,12,15.28,17.47,16.33
2026-01-29,13,10.65,12.41,11.43
2026-01-29,14,11.42,12.7,12.22
2026-01-29,15,9.73,10.62,10.37
2026-01-29,16,11.5,11.72,12.04
2026-01-29,17,18.91,19.07,19.51
2026-01-29,18,37.1,36.92,37.01
2026-01-29,19,40.37,40.3,40.32
2026-01-29,20,52,52.02,51.93
2026-01-29,21,56.37,56.83,56.3
2026-01-29,22,62.59,64.04,61.52
2026-01-29,23,82.36,84.96,82.37
2026-01-29,24,80.68,88.16,79.8
2026-01-30,1,48.39,60.81,48.03
2026-01-30,2,54.17,76.36,46.13
2026-01-30,3,53.61,81.63,47.45
2026-01-30,4,54.59,86.18,47.25
2026-01-30,5,62.79,102.31,50.49
2026-01-30,6,85.35,110.98,71.12
2026-01-30,7,101.6,127.85,74.79
2026-01-30,8,106.88,148.19,73.49
2026-01-30,9,73.02,81.03,57.12
2026-01-30,10,42.32,44.04,39.55
2026-01-30,11,33.05,38.62,33.24
2026-01-30,12,27.36,33.88,27.85
2026-01-30,13,26.1,30.63,25.93
2026-01-30,14,21.23,25.94,21.71
2026-01-30,15,19.38,23.21,19.7
2026-01-30,16,14.59,16.97,14.63
2026-01-30,17,24.29,24.77,23.92
2026-01-30,18,47.44,48.23,46.66
2026-01-30,19,66.45,70.22,63.31
2026-01-30,20,67.99,69.36,66.02
2026-01-30,21,64.62,64.23,62.89
2026-01-30,22,51.05,50.86,50.46
2026-01-30,23,54.11,54.06,53.61
2026-01-30,24,45.2,45.05,45.03
2026-01-31,1,56.69,57.41,56.65
2026-01-31,2,57.32,58.7,57.56
2026-01-31,3,61.21,62.9,61.36
2026-01-31,4,61.97,64.75,61.65
2026-01-31,5,64.87,71.7,64.07
2026-01-31,6,86.99,114.81,82.61
2026-01-31,7,84.53,95.69,72.66
2026-01-31,8,102.29,122.3,85.45
2026-01-31,9,70.72,91.19,60.14
2026-01-31,10,33.76,56.29,31.09
2026-01-31,11,29.55,52.28,31.59
2026-01-31,12,26.65,48.77,28.08
2026-01-31,13,23.08,40.47,25.63
2026-01-31,14,20.61,35.04,23.01
2026-01-31,15,16.97,28.63,19.59
2026-01-31,16,16.65,26.27,18.78
2026-01-31,17,25.83,30.1,25.83
2026-01-31,18,60.97,65.99,59.12
2026-01-31,19,72.63,76.26,69.58
2026-01-31,20,73.87,73.97,69.73
2026-01-31,21,68.76,70.23,66.39
2026-01-31,22,67.66,67.27,65.58
2026-01-31,23,91.29,93.08,90.74
2026-01-31,24,71.54,73.19,71
2026-02-01,1,60.98,60.25,59.23
2026-02-01,2,63.89,63.89,62.45
2026-02-01,3,63.57,63.31,62.09
2026-02-01,4,64.66,64.66,63.82
2026-02-01,5,75.86,74.59,74.01
2026-02-01,6,77.12,75.55,74.88
2026-02-01,7,83.87,81.97,80.89
2026-02-01,8,71.57,69.72,68.42
2026-02-01,9,43.65,43.84,42.69
2026-02-01,10,24.38,29.35,25.26
2026-02-01,11,19.61,25.87,20.88
2026-02-01,12,19.73,26,21.09
2026-02-01,13,17.98,23.54,19.19
2026-02-01,14,15.23,20.25,16.33
2026-02-01,15,8.38,12.62,9.32
2026-02-01,16,4.56,8.78,5.51
2026-02-01,17,12.1,12.21,12.11
2026-02-01,18,38.22,37.91,38.08
2026-02-01,19,44.95,44.14,44.6
2026-02-01,20,37.15,36.37,36.83
2026-02-01,21,28.15,27.42,27.82
2026-02-01,22,24.97,24.44,24.7
2026-02-01,23,23.29,22.72,23.02
2026-02-01,24,24,23.89,24.09
2026-02-02,1,21.78,23.26,22.36
2026-02-02,2,22.63,23.93,23.19
2026-02-02,3,22.8,23.79,23.31
2026-02-02,4,23.69,24.96,24.15
2026-02-02,5,24.39,25.93,24.88
2026-02-02,6,30.72,33.13,31.3
2026-02-02,7,30.04,32.24,30.17
2026-02-02,8,31.86,33.47,30.57
2026-02-02,9,22.27,22.31,22.08
2026-02-02,10,10.58,14.35,11.8
2026-02-02,11,1.08,3.24,2.71
2026-02-02,12,-1.03,1.68,0.91
2026-02-02,13,-1.22,1.29,1.24
2026-02-02,14,-1.43,1,1.37
2026-02-02,15,-1.47,0.39,0.98
2026-02-02,16,-1.03,0.17,1.37
2026-02-02,17,3.66,3.61,4.78
2026-02-02,18,20.16,20.61,18.94
2026-02-02,19,23.1,23.95,22.27
2026-02-02,20,21.21,24.07,20.81
2026-02-02,21,17.85,24.38,19.35
2026-02-02,22,15.71,22.2,17.85
2026-02-02,23,15.85,20.34,17.6
2026-02-02,24,13.57,16.26,15.24
2026-02-03,1,12.84,17.12,14.8
2026-02-03,2,12.88,16.11,14.41
2026-02-03,3,14.5,16.39,15.34
2026-02-03,4,16.38,16.77,16.2
2026-02-03,5,17.58,18.39,17.84
2026-02-03,6,21.44,22.9,21.87
2026-02-03,7,21.23,23.1,21.9
2026-02-03,8,25.09,27.23,25.85
2026-02-03,9,20.7,23.17,21.67
2026-02-03,10,15.41,19.14,17.51
2026-02-03,11,12.34,15.09,14
2026-02-03,12,11.36,11.87,12.54
2026-02-03,13,9.78,9.23,10.02
2026-02-03,14,11.17,10.24,11
2026-02-03,15,12.52,11.94,12.17
2026-02-03,16,13.63,14.42,14.28
2026-02-03,17,19.91,19.91,19.93
2026-02-03,18,36.13,35.75,35.19
2026-02-03,19,45.47,47.5,42.04
2026-02-03,20,48.84,51.48,38.94
2026-02-03,21,52.13,55.69,41.31
2026-02-03,22,45.81,51.3,37.69
2026-02-03,23,40.52,47.45,41.28
2026-02-03,24,35.33,41.51,35.8
2026-02-04,1,28.24,28.93,26.38
2026-02-04,2,26.21,29.24,25.94
2026-02-04,3,26.57,29.6,25.9
2026-02-04,4,26.59,31.2,25.51
2026-02-04,5,28.03,33,28.26
2026-02-04,6,36.06,45.73,33.84
2026-02-04,7,41.99,53.02,35.36
2026-02-04,8,48.4,57.13,39.6
2026-02-04,9,24.8,27.63,21.57
2026-02-04,10,6.99,13.8,9.09
2026-02-04,11,2.65,8.48,5.28
2026-02-04,12,-0.07,4.15,2.2
2026-02-04,13,-1.34,1.94,1.03
2026-02-04,14,-1.49,1.27,1.43
2026-02-04,15,-1.99,0.19,1.13
2026-02-04,16,-2,0.01,0.81
2026-02-04,17,2.58,5.04,4.06
2026-02-04,18,23.99,25.04,24.13
2026-02-04,19,37.21,39.43,36.46
2026-02-04,20,41.08,48.43,37.85
2026-02-04,21,45.95,54.99,40.03
2026-02-04,22,48.34,60.05,41.84
2026-02-04,23,45.09,56.08,39.8
2026-02-04,24,37.45,51.25,36.11
2026-02-05,1,38.55,53.97,35.3
2026-02-05,2,33.9,45.58,32.23
2026-02-05,3,33.22,38.29,30.78
2026-02-05,4,30.85,30.04,28.19
2026-02-05,5,31.45,29.67,30.27
2026-02-05,6,33.13,31.31,32.17
2026-02-05,7,40.82,38.73,39.51
2026-02-05,8,36.1,33.93,34
2026-02-05,9,19.51,19.91,18.63
2026-02-05,10,5.51,6.89,5.47
2026-02-05,11,0.8,1.9,1.23
2026-02-05,12,0.48,0.86,0.53
2026-02-05,13,0.59,0.66,0.49
2026-02-05,14,0.67,0.5,0.31
2026-02-05,15,0.27,0.24,0.02
2026-02-05,16,0.45,0.06,0.05
2026-02-05,17,3.81,3.91,3.84
2026-02-05,18,26.37,26.31,25.9
2026-02-05,19,41.96,42.1,39.08
2026-02-05,20,42.12,43.04,40.38
2026-02-05,21,35.85,36.77,34.73
2026-02-05,22,30.96,32.05,30.06
2026-02-05,23,22.56,23.92,22.66
2026-02-05,24,22.89,24.13,22.63
2026-02-06,1,19.89,21.55,19.94
2026-02-06,2,18.95,20.49,18.79
2026-02-06,3,18.76,20.26,18.68
2026-02-06,4,18.99,20.43,18.91
2026-02-06,5,20.07,21.62,20.05
2026-02-06,6,24.81,26.02,24.71
2026-02-06,7,28.73,29.63,28.62
2026-02-06,8,28.92,29.04,27.68
2026-02-06,9,16.67,16.83,16.11
2026-02-06,10,4.94,5.24,4.17
2026-02-06,11,4.81,5.77,4.17
2026-02-06,12,5.95,7.37,5.64
2026-02-06,13,9.41,10.62,8.94
2026-02-06,14,11.06,12.08,10.7
2026-02-06,15,10.7,11.43,10.05
2026-02-06,16,9.37,9.9,8.72
2026-02-06,17,15.11,15.86,14.93
2026-02-06,18,41.09,40.81,39.78
2026-02-06,19,41.53,42.64,40.33
2026-02-06,20,40.34,41.98,39.91
2026-02-06,21,34.6,34.49,33.4
2026-02-06,22,27.76,27.7,26.97
2026-02-06,23,21.98,21.05,21.12
2026-02-06,24,22.33,22.81,21.64
2026-02-07,1,23.49,24.07,22.21
2026-02-07,2,20.41,21.6,19.78
2026-02-07,3,20.26,21.32,19.79
2026-02-07,4,19.12,19.93,18.85
2026-02-07,5,21.98,22.46,21.27
2026-02-07,6,26.22,26.39,24.69
2026-02-07,7,31.44,30.91,29.42
2026-02-07,8,31.08,29.64,27.57
2026-02-07,9,20.22,19.18,17.69
2026-02-07,10,4.13,5.44,3.87
2026-02-07,11,3.7,5.12,3.85
2026-02-07,12,2.69,3.35,2.13
2026-02-07,13,2.78,2.7,1.8
2026-02-07,14,0.88,1.62,1.26
2026-02-07,15,0.61,1.25,1.12
2026-02-07,16,0.06,0.36,0.42
2026-02-07,17,2.93,2.69,2.75
2026-02-07,18,31.04,30,30.16
2026-02-07,19,29.14,28.5,28.68
2026-02-07,20,25.51,24.75,25.2
2026-02-07,21,20.13,19.55,20.26
2026-02-07,22,17.75,17.58,18.28
2026-02-07,23,15.39,15.27,16.04
2026-02-07,24,14.92,15.11,15.71
2026-02-08,1,13.31,13.06,13.98
2026-02-08,2,14.07,13.83,14.61
2026-02-08,3,13.96,13.86,14.22
2026-02-08,4,14.84,15.01,15.02
2026-02-08,5,17.32,17.74,17.34
2026-02-08,6,23.04,22.56,20.66
2026-02-08,7,22.9,22.81,21.58
2026-02-08,8,26.93,27.29,25.34
2026-02-08,9,19.66,19.04,17.9
2026-02-08,10,15.21,15.3,14.94
2026-02-08,11,14.48,15.21,14.53
2026-02-08,12,13.79,14.58,13.95
2026-02-08,13,13.22,14.6,13.45
2026-02-08,14,14,15.13,14.36
2026-02-08,15,14.74,16.28,15.08
2026-02-08,16,14.88,16.51,15.24
2026-02-08,17,24.65,26.53,21.25
2026-02-08,18,38.59,42.24,37.58
2026-02-08,19,39.05,43.08,38.49
2026-02-08,20,37.59,41.41,37.33
2026-02-08,21,30.62,32.37,30.07
2026-02-08,22,25.93,27.76,25.33
2026-02-08,23,26.04,28.27,25.69
2026-02-08,24,23.06,24.74,23.01
2026-02-09,1,25.75,27.98,24.8
2026-02-09,2,24.92,28.62,24.13
2026-02-09,3,24.59,29.56,23.72
2026-02-09,4,24.55,29.98,23.76
2026-02-09,5,27.35,33.04,24.95
2026-02-09,6,31.54,40.01,30.73
2026-02-09,7,37.72,43.96,31.8
2026-02-09,8,38.26,42.16,35.25
2026-02-09,9,24.99,29.19,21.84
2026-02-09,10,16.3,17.42,16.35
2026-02-09,11,15.14,16.59,15.71
2026-02-09,12,14.76,15.44,15.25
2026-02-09,13,14.56,14.76,14.96
2026-02-09,14,14.07,14.18,15.08
2026-02-09,15,15.08,15.03,16.45
2026-02-09,16,14.12,14.16,15.4
2026-02-09,17,20.42,18.99,19.89
2026-02-09,18,37.46,33.84,34.38
2026-02-09,19,34.26,31.72,31.55
2026-02-09,20,26.98,25.71,26.19
2026-02-09,21,19.87,19.69,20.16
2026-02-09,22,16.8,18.29,18.03
2026-02-09,23,14.7,16.81,16.36
2026-02-09,24,12.39,14.94,14.51
2026-02-10,1,10.72,13.56,13.16
2026-02-10,2,9.26,11.69,11.64
2026-02-10,3,7.12,9.17,9.26
2026-02-10,4,8.11,9.73,10.11
2026-02-10,5,10.74,12.09,12.36
2026-02-10,6,15.58,16.74,17.04
2026-02-10,7,21.03,22.19,22.18
2026-02-10,8,21.83,22.1,22.34
2026-02-10,9,22.82,23.25,22.74
2026-02-10,10,20.46,19.67,19.96
2026-02-10,11,22.43,22.35,20.73
2026-02-10,12,22.91,22.4,21.03
2026-02-10,13,19.86,22.31,20.17
2026-02-10,14,22.62,25.93,22.14
2026-02-10,15,20.47,21.09,20.46
2026-02-10,16,26.81,26.49,26.87
2026-02-10,17,30.7,29.28,28.89
2026-02-10,18,34.5,31.96,31.16
2026-02-10,19,32.78,33.89,31.77
2026-02-10,20,32.79,33.43,31.43
2026-02-10,21,34.09,35.97,33.5
2026-02-10,22,31.24,32.62,31.23
2026-02-10,23,28.29,29.18,28.23
2026-02-10,24,25.49,26.36,25.22
2026-02-11,1,22.26,22.35,22.24
2026-02-11,2,21.06,21.24,20.89
2026-02-11,3,19.97,20.27,19.85
2026-02-11,4,19.52,19.77,19.06
2026-02-11,5,20.73,20.55,19.22
2026-02-11,6,25.46,24.8,22.93
2026-02-11,7,32.85,32.5,30.73
2026-02-11,8,34.28,33.69,31.85
2026-02-11,9,22.11,22.12,20.9
2026-02-11,10,18.85,20.97,19.04
2026-02-11,11,17.2,19.83,18.23
2026-02-11,12,16.35,18.46,17.17
2026-02-11,13,15.85,17.85,17.32
2026-02-11,14,16.12,17.8,17.99
2026-02-11,15,16.03,17.89,18.29
2026-02-11,16,14.11,15.21,16.65
2026-02-11,17,17.34,17.91,17.87
2026-02-11,18,40.9,39.5,39.19
2026-02-11,19,45.94,43.47,42.24
2026-02-11,20,43.83,41.01,40.63
2026-02-11,21,40.12,37.49,37.61
2026-02-11,22,37.18,33.79,34.73
2026-02-11,23,28.06,25.39,26.5
2026-02-11,24,25.3,23.03,23.93
2026-02-12,1,24.19,20.99,20.83
2026-02-12,2,21.53,19.08,19.11
2026-02-12,3,21.23,19.1,19
2026-02-12,4,20.85,18.68,18.31
2026-02-12,5,20.46,18.4,17.66
2026-02-12,6,23.42,21.22,19.99
2026-02-12,7,24.69,22.49,21.43
2026-02-12,8,24.11,22.31,21.27
2026-02-12,9,18.6,16.41,15.67
2026-02-12,10,15.62,13.81,13.58
2026-02-12,11,14.81,11.83,13.65
2026-02-12,12,12.93,8.44,12.29
2026-02-12,13,14.71,6.41,13.06
2026-02-12,14,16.97,10.58,16.35
2026-02-12,15,14.27,11.62,16.58
2026-02-12,16,13.86,11.79,16.17
2026-02-12,17,17.23,16.78,18.76
2026-02-12,18,37.86,37.29,37.3
2026-02-12,19,37.25,36.22,36.25
2026-02-12,20,29.64,29.04,29.1
2026-02-12,21,23.16,22.78,22.6
2026-02-12,22,19.02,18.74,18.79
2026-02-12,23,17.34,17.04,17.01
2026-02-12,24,16.82,16.83,16.89
2026-02-13,1,17.93,17.93,18.01
2026-02-13,2,17.04,16.99,17.07
2026-02-13,3,17.89,17.85,17.82
2026-02-13,4,18.88,18.88,18.85
2026-02-13,5,20.01,19.96,19.85
2026-02-13,6,22.71,22.65,22.39
2026-02-13,7,26.14,26.05,25.7
2026-02-13,8,26.93,26.9,26.62
2026-02-13,9,22.15,22.12,22.06
2026-02-13,10,20.23,20.7,20.41
2026-02-13,11,16.41,16.94,16.91
2026-02-13,12,15.58,16.23,16.38
2026-02-13,13,15.24,16.32,16.59
2026-02-13,14,15.42,16.26,17.11
2026-02-13,15,16.44,16.66,17.47
2026-02-13,16,17.16,17.42,17.44
2026-02-13,17,22.48,22.5,23.04
2026-02-13,18,23.08,23.11,22.87
2026-02-13,19,23.8,23.79,23.46
2026-02-13,20,24.9,24.88,24.74
2026-02-13,21,22.73,22.82,22.77
2026-02-13,22,21.92,22.09,21.99
2026-02-13,23,20.05,20.12,20.15
2026-02-13,24,18.74,18.6,18.76
2026-02-14,1,21.16,20.64,20.62
2026-02-14,2,20.66,20.49,20.25
2026-02-14,3,19.84,20.13,19.62
2026-02-14,4,19.59,19.62,19.1
2026-02-14,5,19.59,19.98,19.44
2026-02-14,6,18.28,18.71,18.21
2026-02-14,7,20.19,21.29,20.37
2026-02-14,8,22.17,22.76,21.96
2026-02-14,9,23.05,24.16,22.38
2026-02-14,10,20.2,21.02,20.1
2026-02-14,11,18.98,19.69,19.03
2026-02-14,12,15.66,15.89,15.76
2026-02-14,13,15.42,15.55,15.75
2026-02-14,14,14.21,15.2,15.82
2026-02-14,15,13.76,14.38,15.62
2026-02-14,16,14.51,15.32,16.39
2026-02-14,17,14.87,14.7,16.79
2026-02-14,18,20.27,19.98,20.48
2026-02-14,19,23.55,23.21,23.79
2026-02-14,20,21.47,20.98,21.87
2026-02-14,21,20.76,20.08,21.33
2026-02-14,22,18.73,17.77,18.81
2026-02-14,23,18.43,17.07,17.8
2026-02-14,24,16.38,15.8,16.65
2026-02-15,1,17.74,17.7,18.28
2026-02-15,2,16.21,16.36,17.16
2026-02-15,3,15.69,15.68,16.44
2026-02-15,4,14.87,14.86,15.57
2026-02-15,5,13.55,13.56,14.17
2026-02-15,6,14.18,14.36,14.72
2026-02-15,7,17.19,17.56,17.76
2026-02-15,8,16.55,16.99,16.99
2026-02-15,9,8.19,8.36,8.43
2026-02-15,10,1.56,2.57,2.07
2026-02-15,11,1.46,2.45,2.36
2026-02-15,12,4.15,5.28,5.46
2026-02-15,13,5.3,6.86,6.85
2026-02-15,14,5.76,7.16,7.63
2026-02-15,15,6.86,8.09,8.51
2026-02-15,16,6.05,7.19,7.39
2026-02-15,17,11.62,11.58,12.25
2026-02-15,18,31.78,31.41,31.56
2026-02-15,19,42.03,41.8,40.7
2026-02-15,20,42.1,40.14,38.22
2026-02-15,21,40.07,37.22,37.27
2026-02-15,22,30.98,28.07,29.54
2026-02-15,23,25.48,22.72,23.93
2026-02-15,24,21.81,19.93,21.01
2026-02-16,1,21.43,19.98,20.21
2026-02-16,2,20.02,19.11,19.48
2026-02-16,3,19.59,19.02,19.16
2026-02-16,4,18.73,18.29,18.37
2026-02-16,5,18.01,17.42,17.38
2026-02-16,6,19.06,18.7,18.3
2026-02-16,7,20.16,20.1,18.96
2026-02-16,8,18.53,19.44,17.7
2026-02-16,9,11.67,10.13,10.54
2026-02-16,10,5.21,0.33,4.61
2026-02-16,11,3.61,0.23,4.73
2026-02-16,12,4.15,0.01,5.03
2026-02-16,13,5.3,-0.51,6.66
2026-02-16,14,6.67,-0.36,8.48
2026-02-16,15,6.57,-0.52,8.4
2026-02-16,16,5.49,-0.11,7.49
2026-02-16,17,6.32,0.17,8.25
2026-02-16,18,24.03,24.7,25.28
2026-02-16,19,23.49,24.07,24.13
2026-02-16,20,22.11,22.92,23.35
2026-02-16,21,18.49,20.42,20.39
2026-02-16,22,16.59,18.25,18.31
2026-02-16,23,15.34,16.62,16.99
2026-02-16,24,14.58,16.46,16.55
2026-02-17,1,12.22,12.78,13.7
2026-02-17,2,10.89,11.27,12.34
2026-02-17,3,10.85,10.88,12.31
2026-02-17,4,11.21,11.17,12.46
2026-02-17,5,12.04,12.6,13.5
2026-02-17,6,15.38,16.83,17.23
2026-02-17,7,16.74,18.33,18.19
2026-02-17,8,16.6,18.18,18.19
2026-02-17,9,4.99,10.58,8.68
2026-02-17,10,0.51,2.23,4.92
2026-02-17,11,-0.02,2.58,5.65
2026-02-17,12,0.09,-1.59,6.72
2026-02-17,13,2.6,-1.97,4.98
2026-02-17,14,5.09,-2.16,7.27
2026-02-17,15,4.25,-2.25,6.59
2026-02-17,16,1.65,-1.26,8.47
2026-02-17,17,2.69,-0.38,8.5
2026-02-17,18,15.18,17.35,17.93
2026-02-17,19,21.92,22.24,22.35
2026-02-17,20,24.35,24.53,24.69
2026-02-17,21,22.87,22.94,22.96
2026-02-17,22,22.94,22.82,22.67
2026-02-17,23,22.12,21.63,21.66
2026-02-17,24,18.81,18.42,18.36
2026-02-18,1,17.74,17.3,17.23
2026-02-18,2,17.97,17.59,17.42
2026-02-18,3,17.4,17.13,16.97
2026-02-18,4,16.49,16.19,16.07
2026-02-18,5,18.61,18.24,18.25
2026-02-18,6,22.84,22.13,22.42
2026-02-18,7,28.24,27,27.08
2026-02-18,8,31.29,28.73,27.97
2026-02-18,9,20.41,19.61,19.96
2026-02-18,10,16.97,17.61,17.41
2026-02-18,11,14.65,15.16,15.79
2026-02-18,12,11.48,11,15.24
2026-02-18,13,6.85,5,13.62
2026-02-18,14,8.24,4.22,14.34
2026-02-18,15,8.5,3.96,15.34
2026-02-18,16,9.83,5.73,15.81
2026-02-18,17,12.75,12.26,16.39
2026-02-18,18,20.77,21.55,24.1
2026-02-18,19,21.31,21.6,23.26
2026-02-18,20,21.51,21.53,22.53
2026-02-18,21,20.31,20.32,21.66
2026-02-18,22,17.37,17.19,18.69
2026-02-18,23,15.29,15.47,16.72
2026-02-18,24,13.59,13.67,14.97
2026-02-19,1,13.9,14.13,15.81
2026-02-19,2,13.07,13.18,14.77
2026-02-19,3,12.12,12.01,13.73
2026-02-19,4,13.14,13.02,14.81
2026-02-19,5,14.54,14.38,16.07
2026-02-19,6,15.71,15.56,17.16
2026-02-19,7,18.63,19.49,20.07
2026-02-19,8,19.59,19.8,20.53
2026-02-19,9,12.22,11.85,14.1
2026-02-19,10,5.03,1.53,10.76
2026-02-19,11,7.53,0.92,12.88
2026-02-19,12,12.04,0.3,16.58
2026-02-19,13,12.65,0.84,16.95
2026-02-19,14,15.27,0.75,18.44
2026-02-19,15,14.6,0.65,19.2
2026-02-19,16,15.48,2.28,19.13
2026-02-19,17,15.54,5,19.74
2026-02-19,18,26.61,25.62,27.79
2026-02-19,19,38.96,38.47,38.5
2026-02-19,20,37.16,36.27,35.54
2026-02-19,21,32.8,32.54,32.38
2026-02-19,22,30.41,29.89,29.85
2026-02-19,23,26.02,25.32,25.43
2026-02-19,24,22,21.16,21.66
2026-02-20,1,18.63,17.85,18.38
2026-02-20,2,18.32,17.64,18.12
2026-02-20,3,17.49,17.05,17.39
2026-02-20,4,17.53,16.96,17.3
2026-02-20,5,17.77,17.04,17.54
2026-02-20,6,22.31,21.49,22.05
2026-02-20,7,27.7,26.79,27.39
2026-02-20,8,28.62,27.46,28.19
2026-02-20,9,21.03,20.26,20.52
2026-02-20,10,18,17.55,18.68
2026-02-20,11,16.38,15.35,18.95
2026-02-20,12,16.2,14.32,21.58
2026-02-20,13,15.94,14,21.25
2026-02-20,14,14.62,10.84,23.51
2026-02-20,15,14.64,8.17,24.06
2026-02-20,16,13.96,7.26,26.87
2026-02-20,17,15.17,9.32,28.16
2026-02-20,18,23.32,20.21,30.94
2026-02-20,19,29.62,28.15,30.73
2026-02-20,20,26.66,24.82,27.07
2026-02-20,21,24.39,22.88,24.14
2026-02-20,22,22.14,21.18,21.76
2026-02-20,23,19.44,18.95,19.25
2026-02-20,24,20.11,19.6,19.71
2026-02-21,1,20.19,19.97,20.1
2026-02-21,2,19.75,19.67,19.72
2026-02-21,3,17.98,17.87,17.93
2026-02-21,4,18.2,18,18.11
2026-02-21,5,18.52,18.28,18.41
2026-02-21,6,18.37,18.02,18.21
2026-02-21,7,16.72,16.44,16.6
2026-02-21,8,15.15,14.62,15.16
2026-02-21,9,13.32,9.71,14.44
2026-02-21,10,11.01,-1.26,14.18
2026-02-21,11,9.87,-2.36,15.19
2026-02-21,12,9,-4.11,15.96
2026-02-21,13,9.02,-3.82,17.49
2026-02-21,14,3.98,-4.12,16.41
2026-02-21,15,2.39,-3.73,13.64
2026-02-21,16,0.6,-3.12,13.32
2026-02-21,17,3.29,-2.05,12.57
2026-02-21,18,11.69,10.9,16.1
2026-02-21,19,21.77,21.93,21.59
2026-02-21,20,22.04,22.49,21.79
2026-02-21,21,22.25,22.7,21.66
2026-02-21,22,23.62,25.48,23.14
2026-02-21,23,24.25,25.49,23.35
2026-02-21,24,22.55,25.71,22.3
2026-02-22,1,20.7,26.98,21.67
2026-02-22,2,20.56,30.28,22.78
2026-02-22,3,22.79,32.42,24.27
2026-02-22,4,24.66,34.75,24.81
2026-02-22,5,26.1,36.17,26.29
2026-02-22,6,29.04,39.3,28.29
2026-02-22,7,28.49,37.23,29.33
2026-02-22,8,25.86,33.63,26.3
2026-02-22,9,16.31,18.08,14.62
2026-02-22,10,6.29,10.57,5.62
2026-02-22,11,2.61,6.21,2.8
2026-02-22,12,2.31,4.81,3.92
2026-02-22,13,1.19,2.99,3.28
2026-02-22,14,0.89,2.04,2.84
2026-02-22,15,0.58,1.76,2.02
2026-02-22,16,1.05,1.69,2.01
2026-02-22,17,4.18,4.73,4.32
2026-02-22,18,24.83,24.69,24.45
2026-02-22,19,36.49,37.4,36.56
2026-02-22,20,38.01,37.99,38.09
2026-02-22,21,38.02,37.29,37.77
2026-02-22,22,30.34,29.45,30.03
2026-02-22,23,26.61,25.85,26.09
2026-02-22,24,22.78,22.46,22.63
2026-02-23,1,23.71,24.02,23.72
2026-02-23,2,22.36,22.45,22.06
2026-02-23,3,21.98,22.55,21.91
2026-02-23,4,22.55,24.33,22.79
2026-02-23,5,25.38,27.06,25.63
2026-02-23,6,36.6,39.62,37.08
2026-02-23,7,39.85,40.3,37.04
2026-02-23,8,30.22,30.64,29.62
2026-02-23,9,16.82,19.27,17.37
2026-02-23,10,5.27,6.47,11.67
2026-02-23,11,1.32,1.56,9
2026-02-23,12,0.46,0.31,8.74
2026-02-23,13,0.74,0.01,9.14
2026-02-23,14,0.11,-0.17,8.91
2026-02-23,15,0.06,-0.25,8.96
2026-02-23,16,-0.44,-1.53,8.61
2026-02-23,17,1.24,-0.36,8.85
2026-02-23,18,15.77,15.21,18.14
2026-02-23,19,30.25,30.04,30.19
2026-02-23,20,28.46,28.35,28.51
2026-02-23,21,21.97,21.81,21.97
2026-02-23,22,19.76,20.35,20.05
2026-02-23,23,17.52,17.97,17.79
2026-02-23,24,17.11,16.82,17.2
2026-02-24,1,16.63,16.65,16.94
2026-02-24,2,16.45,16.15,16.77
2026-02-24,3,16.87,16.12,17.3
2026-02-24,4,17.53,16.48,18.04
2026-02-24,5,19.51,18.97,20
2026-02-24,6,25.42,25.48,25.48
2026-02-24,7,28.34,28.31,29.32
2026-02-24,8,23.42,23.64,25.01
2026-02-24,9,11.25,6.56,15.99
2026-02-24,10,-0.5,-2.98,11.55
2026-02-24,11,-1.82,-4.93,10.43
2026-02-24,12,-2.94,-5.44,9.33
2026-02-24,13,-3.64,-6.09,9
2026-02-24,14,-4,-6.03,9.57
2026-02-24,15,-3.86,-5.65,9.76
2026-02-24,16,-3.36,-5.59,9.6
2026-02-24,17,-0.65,-3.33,10.57
2026-02-24,18,9.85,10.18,16.83
2026-02-24,19,18.76,21.14,21.35
2026-02-24,20,18.96,20.78,20.7
2026-02-24,21,19.06,20.79,21.16
2026-02-24,22,16.57,17.6,18.66
2026-02-24,23,15.81,17.02,17.45
2026-02-24,24,13.06,13.97,14.93
2026-02-25,1,11.94,12.15,12.33
2026-02-25,2,9.64,9.66,9.9
2026-02-25,3,8.35,8.04,8.53
2026-02-25,4,8.67,8.36,8.93
2026-02-25,5,10.19,9.97,10.41
2026-02-25,6,15.19,15.27,15.42
2026-02-25,7,19.65,20.32,19.96
2026-02-25,8,17.32,17.49,17.58
2026-02-25,9,1.88,1.98,3
2026-02-25,10,-0.05,1.12,2.25
2026-02-25,11,-0.21,1.38,3.99
2026-02-25,12,-0.01,1.19,6.84
2026-02-25,13,0.16,1.81,9.09
2026-02-25,14,1.78,3.1,12.55
2026-02-25,15,4.39,5.86,14.15
2026-02-25,16,6.54,7.82,13.77
2026-02-25,17,14.14,15,17.33
2026-02-25,18,35.75,35.14,32.96
2026-02-25,19,49.91,48.72,45.18
2026-02-25,20,42.91,41.92,39.32
2026-02-25,21,35.32,35.1,34.17
2026-02-25,22,31.98,32.22,31.44
2026-02-25,23,28.68,28.79,27.81
2026-02-25,24,23.75,24.01,23.37
2026-02-26,1,23.3,23.79,23.5
2026-02-26,2,21.93,22.32,22.09
2026-02-26,3,19.85,19.99,19.98
2026-02-26,4,18.23,18.3,18.47
2026-02-26,5,17.42,17.47,17.71
2026-02-26,6,18,18.09,18.35
2026-02-26,7,21.2,21.36,21.6
2026-02-26,8,18.47,18.71,18.77
2026-02-26,9,9.17,9.29,11.57
2026-02-26,10,4.9,3.87,12.15
2026-02-26,11,5.85,3.79,15.21
2026-02-26,12,9.59,4.73,17.43
2026-02-26,13,12.39,7.53,18.15
2026-02-26,14,15.13,8.67,20.72
2026-02-26,15,16.46,12.88,21.9
2026-02-26,16,18.43,13.05,23.21
2026-02-26,17,18.09,14.44,23.35
2026-02-26,18,41.36,40.43,40.6
2026-02-26,19,50.45,47.42,47.37
2026-02-26,20,36.86,33.18,34.29
2026-02-26,21,29.85,26.63,28.6
2026-02-26,22,25.78,23.76,25
2026-02-26,23,22.58,21.24,21.87
2026-02-26,24,20.76,20.06,20.3
2026-02-27,1,19.22,18.79,18.72
2026-02-27,2,19.4,18.92,18.88
2026-02-27,3,20.04,19.49,19.4
2026-02-27,4,20.65,20.03,19.78
2026-02-27,5,21.85,21.51,20.99
2026-02-27,6,27.58,26.95,25.88
2026-02-27,7,32.07,31.47,31.11
2026-02-27,8,28.35,27.58,26.97
2026-02-27,9,16.8,16.21,15.96
2026-02-27,10,8.8,7.23,12.8
2026-02-27,11,9.12,5.53,14.38
2026-02-27,12,10.67,4.86,16.2
2026-02-27,13,11.65,5,17.15
2026-02-27,14,12.32,5.1,18.69
2026-02-27,15,14.05,8.61,20.28
2026-02-27,16,14.34,10.21,21.98
2026-02-27,17,17.51,14.7,22.58
2026-02-27,18,36.39,36.37,36.42
2026-02-27,19,52.1,50.63,49.95
2026-02-27,20,41.22,39.53,38.75
2026-02-27,21,28.71,28.27,28.51
2026-02-27,22,22.85,22.52,22.62
2026-02-27,23,18.27,18.24,18.18
2026-02-27,24,17.42,17.51,17.43
2026-02-28,1,15.48,15.12,16.04
2026-02-28,2,14.66,14.34,15.7
2026-02-28,3,13.88,13.63,14.64
2026-02-28,4,13.7,13.47,14.13
2026-02-28,5,13.62,13.38,13.58
2026-02-28,6,14.15,14.19,14.44
2026-02-28,7,14.69,14,14.65
2026-02-28,8,12.13,10.66,12.74
2026-02-28,9,4.18,0.04,8.01
2026-02-28,10,1.18,-3.13,6.45
2026-02-28,11,0.3,-3.95,7.62
2026-02-28,12,0.94,-3.73,9.79
2026-02-28,13,2.23,-2.63,11.72
2026-02-28,14,3.3,0.01,14.53
2026-02-28,15,4.92,0.23,15.72
2026-02-28,16,5.79,1.22,14.16
2026-02-28,17,9.05,7.31,15.92
2026-02-28,18,27.76,27.49,28.85
2026-02-28,19,38.4,37.61,37.97
2026-02-28,20,29.97,29.35,29.66
2026-02-28,21,21.93,21.87,21.86
2026-02-28,22,16.7,16.87,16.75
2026-02-28,23,15.75,16.13,15.94
2026-02-28,24,16.92,17.32,17.15
2026-03-01,1,20.34,20.39,20.33
2026-03-01,2,21.01,21.04,20.99
2026-03-01,3,20.43,20.48,20.42
2026-03-01,4,21.15,21.35,21.21
2026-03-01,5,21.15,21.35,21.2
2026-03-01,6,23,23.32,23.1
2026-03-01,7,21.44,21.48,21.43
2026-03-01,8,20.05,20.05,20.05
2026-03-01,9,13.15,12.84,14.01
2026-03-01,10,3.83,2.54,7.93
2026-03-01,11,1.59,0.08,7.69
2026-03-01,12,1.36,-0.52,9.37
2026-03-01,13,0.93,-0.7,11.76
2026-03-01,14,0.81,-0.82,11.9
2026-03-01,15,1.64,0.01,13.82
2026-03-01,16,1.71,-0.15,11.99
2026-03-01,17,3.16,0.52,13.84
2026-03-01,18,20.18,21.09,25.1
2026-03-01,19,29.38,29.99,29.53
2026-03-01,20,24.84,25.36,25.02
2026-03-01,21,20.77,22.05,21.31
2026-03-01,22,19.7,20.72,20.29
2026-03-01,23,18.61,19.4,19.05
2026-03-01,24,16.99,17.69,17.59
2026-03-02,1,19.62,19.7,19.63
2026-03-02,2,19.74,19.92,19.77
2026-03-02,3,20.42,20.61,20.44
2026-03-02,4,20.93,21.11,20.91
2026-03-02,5,22.61,22.88,22.64
2026-03-02,6,27.23,27.52,27.27
2026-03-02,7,30.8,31,30.83
2026-03-02,8,32.82,32.88,32.82
2026-03-02,9,21.03,20.93,20.83
2026-03-02,10,16.13,16.45,17.08
2026-03-02,11,14.71,15.47,16.27
2026-03-02,12,13.59,13.98,16.52
2026-03-02,13,12.04,12.62,16.55
2026-03-02,14,12.33,12.53,18.17
2026-03-02,15,12.78,12.61,19.59
2026-03-02,16,11.58,10.85,20.56
2026-03-02,17,13.24,13.36,20.69
2026-03-02,18,29.65,29.53,33.32
2026-03-02,19,35.35,35.73,35.71
2026-03-02,20,30.17,30.54,30.44
2026-03-02,21,24.94,25.29,25.46
2026-03-02,22,20.23,20.7,21.05
2026-03-02,23,18.07,18.64,18.74
2026-03-02,24,16.08,16.36,17.23
2026-03-03,1,16.58,17.99,18.63
2026-03-03,2,14.71,15.89,17.38
2026-03-03,3,13.55,14.97,16.99
2026-03-03,4,13.68,15.07,16.63
2026-03-03,5,14.34,15.44,16.76
2026-03-03,6,16.83,17.93,18.94
2026-03-03,7,18.64,19.99,21.07
2026-03-03,8,18.44,19.65,21.22
2026-03-03,9,12.97,13.74,19.67
2026-03-03,10,7.86,9.56,18.55
2026-03-03,11,4.96,4.76,16.9
2026-03-03,12,4.23,3.07,16.89
2026-03-03,13,4.6,2.53,17.76
2026-03-03,14,6.22,4.81,20.76
2026-03-03,15,9.16,9.94,23.78
2026-03-03,16,12.78,13.85,27.03
2026-03-03,17,17.61,20.53,30.31
2026-03-03,18,43.71,45.95,47.32
2026-03-03,19,40.57,42.8,41.74
2026-03-03,20,32.27,36.4,34.42
2026-03-03,21,27,35.05,30.82
2026-03-03,22,20.88,27.73,25.66
2026-03-03,23,18.86,22.92,22.97
2026-03-03,24,17.73,20.58,20.95
2026-03-04,1,15.69,18.04,17.97
2026-03-04,2,16.25,17.44,17.3
2026-03-04,3,17.23,17.95,17.73
2026-03-04,4,19.44,19.68,19.59
2026-03-04,5,21.6,21.7,21.65
2026-03-04,6,25.22,25.33,25.26
2026-03-04,7,29.79,29.95,29.85
2026-03-04,8,29.67,29.95,29.74
2026-03-04,9,25.3,25.69,25.39
2026-03-04,10,22.05,22.92,22.44
2026-03-04,11,22.3,23.9,23.91
2026-03-04,12,23.83,25.86,25.74
2026-03-04,13,23.16,26.34,26
2026-03-04,14,25.33,28.97,28.25
2026-03-04,15,26.61,29.51,29.16
2026-03-04,16,32.35,33.8,33.22
2026-03-04,17,36.52,36.93,36.13
2026-03-04,18,52.99,51.35,49.13
2026-03-04,19,61.07,61.51,58.06
2026-03-04,20,63.43,64.2,61.18
2026-03-04,21,55.44,55.03,53.25
2026-03-04,22,44.12,43.42,42.82
2026-03-04,23,35.33,35.53,34.83
2026-03-04,24,27.96,28.13,27.85
2026-03-05,1,25.43,25.69,25.24
2026-03-05,2,23.26,23.45,23.02
2026-03-05,3,21.87,22.03,21.53
2026-03-05,4,21.24,21.54,21.22
2026-03-05,5,20.2,20.48,19.98
2026-03-05,6,22.22,22.51,22.18
2026-03-05,7,22.25,22.32,22.13
2026-03-05,8,21.46,21.64,21.59
2026-03-05,9,20.95,21.47,21.3
2026-03-05,10,16.39,18.47,19.84
2026-03-05,11,11.82,14.73,17.93
2026-03-05,12,9.71,13.52,18.88
2026-03-05,13,11.24,13.62,22.37
2026-03-05,14,13.06,13.31,24.37
2026-03-05,15,16.63,15.8,30.59
2026-03-05,16,16.77,12.65,28.21
2026-03-05,17,19.69,17.61,30.39
2026-03-05,18,26.31,29.51,33.81
2026-03-05,19,28.97,31.89,33.53
2026-03-05,20,26.95,29.38,30.17
2026-03-05,21,24.67,26.05,27.64
2026-03-05,22,22.91,24,25.82
2026-03-05,23,21.81,23.79,24.96
2026-03-05,24,17.35,19.48,20.6
2026-03-06,1,17.03,17.29,19.7
2026-03-06,2,15.81,15.72,18.26
2026-03-06,3,15.19,15.29,17.6
2026-03-06,4,14.74,14.51,16.96
2026-03-06,5,15.41,15.89,17.72
2026-03-06,6,17.45,18.51,19.86
2026-03-06,7,17.55,18.71,20.06
2026-03-06,8,17.99,19.47,20.87
2026-03-06,9,15.1,17.02,19.56
2026-03-06,10,9.28,12.24,16.05
2026-03-06,11,10.09,12.58,18.13
2026-03-06,12,11.33,12.81,20.27
2026-03-06,13,13.94,15.09,24.11
2026-03-06,14,15.06,13.94,27.23
2026-03-06,15,17.43,16.76,32.23
2026-03-06,16,20.82,17.62,35.38
2026-03-06,17,20.61,20.79,37.15
2026-03-06,18,23.97,27.47,30.04
2026-03-06,19,35.98,33.86,36.04
2026-03-06,20,36.75,34.42,36.19
2026-03-06,21,37.91,34.43,36.64
2026-03-06,22,35.52,32,34.01
2026-03-06,23,37.53,34.09,35.85
2026-03-06,24,30.43,26.68,28.6
2026-03-07,1,29.57,24.78,26.97
2026-03-07,2,27.42,23.01,25.13
2026-03-07,3,24.99,21.53,23.17
2026-03-07,4,21.84,19.26,20.73
2026-03-07,5,19.6,17.98,19.01
2026-03-07,6,18.92,18.3,19.19
2026-03-07,7,16.77,16.3,17.91
2026-03-07,8,16.27,15.17,17.82
2026-03-07,9,14.34,9.03,15.82
2026-03-07,10,13.13,7.75,17.98
2026-03-07,11,12.23,9.29,21.36
2026-03-07,12,14.21,7.38,21.2
2026-03-07,13,14.28,11.1,27.75
2026-03-07,14,16.84,11.8,29.21
2026-03-07,15,18.45,11.99,28.25
2026-03-07,16,21.12,15.21,28.79
2026-03-07,17,21.94,17.77,28.48
2026-03-07,18,30.9,29.08,32.73
2026-03-07,19,42.29,42.12,42.88
2026-03-07,20,38.96,38.45,38.88
2026-03-07,21,40.29,39.96,40.18
2026-03-07,22,39.85,39.67,39.67
2026-03-07,23,40.09,39.81,40
2026-03-07,24,34.56,34.28,34.55
2026-03-08,1,40.74,41.87,41.5
2026-03-08,2,34.88,35.48,35.34
2026-03-08,4,32.48,33.29,33.08
2026-03-08,5,30.37,32.51,31.1
2026-03-08,6,32.28,34.54,32.95
2026-03-08,7,29.92,30.93,29.97
2026-03-08,8,35.06,35.25,34.17
2026-03-08,9,30.57,28.9,29.6
2026-03-08,10,22.38,21.78,22.95
2026-03-08,11,19.05,19.08,20.22
2026-03-08,12,18.11,17.79,19.74
2026-03-08,13,17.56,16.3,20.2
2026-03-08,14,17.55,15.74,20.66
2026-03-08,15,17.99,15.71,21.01
2026-03-08,16,18.58,16.04,22.57
2026-03-08,17,20.54,17.1,24.43
2026-03-08,18,23.24,21.29,23.89
2026-03-08,19,34.89,32.51,34.36
2026-03-08,20,47.39,44.23,46.4
2026-03-08,21,40.14,36.02,38.71
2026-03-08,22,29.46,24.68,27.63
2026-03-08,23,27.38,22.94,25.77
2026-03-08,24,24.39,20.81,23.06
2026-03-09,1,20.68,19.04,19.74
2026-03-09,2,18.79,17.48,18.58
2026-03-09,3,17.8,16.31,17.04
2026-03-09,4,17.68,16.26,17.09
2026-03-09,5,18.03,16.74,17.26
2026-03-09,6,21.85,20.48,20.92
2026-03-09,7,21.17,19.65,19.98
2026-03-09,8,20.19,18.76,19.12
2026-03-09,9,24.1,22.3,23.13
2026-03-09,10,20.42,16.89,20.96
2026-03-09,11,16.95,14.61,22.6
2026-03-09,12,15.52,14.67,23.96
2026-03-09,13,14.85,14.84,26.06
2026-03-09,14,15.31,14.89,31.97
2026-03-09,15,15.75,15.17,33.52
2026-03-09,16,17.4,18.67,36.21
2026-03-09,17,19.18,21.01,37.42
2026-03-09,18,25.4,26.67,34.98
2026-03-09,19,38.18,38.73,40.45
2026-03-09,20,42.38,41.2,41.16
2026-03-09,21,40.18,41.57,40.75
2026-03-09,22,26.79,28.96,28.1
2026-03-09,23,24.25,27.26,26.04
2026-03-09,24,21.77,22.28,22.96
2026-03-10,1,19.63,19.81,21.33
2026-03-10,2,17.37,17.62,19.03
2026-03-10,3,16.64,17.01,18.24
2026-03-10,4,16.54,16.68,18.27
2026-03-10,5,16.67,16.73,18.19
2026-03-10,6,19.97,19.91,21.02
2026-03-10,7,23.38,22.5,23.99
2026-03-10,8,26.07,26.23,27.32
2026-03-10,9,26.71,27.75,29.05
2026-03-10,10,18.89,20.56,24.47
2026-03-10,11,16.62,20.11,24.98
2026-03-10,12,15.66,20.36,28.83
2026-03-10,13,14.34,20.65,30.5
2026-03-10,14,14.41,21.02,35.78
2026-03-10,15,15.96,20.29,39.06
2026-03-10,16,17.13,22.47,42.05
2026-03-10,17,23.72,23.64,42.79
2026-03-10,18,21.7,24.04,34.46
2026-03-10,19,28.82,32.25,35.6
2026-03-10,20,38.03,40.11,41.42
2026-03-10,21,42.29,41.22,42.84
2026-03-10,22,43.07,41.35,41.81
2026-03-10,23,34.25,33.36,34.2
2026-03-10,24,28.53,27.38,28.74
2026-03-11,1,24.64,23.33,27.75
2026-03-11,2,23.53,22.3,26.26
2026-03-11,3,22.59,20.94,24.51
2026-03-11,4,22.67,21.44,24.69
2026-03-11,5,22.76,21.95,24.35
2026-03-11,6,23.24,22.48,25.6
2026-03-11,7,26.83,25.3,28.02
2026-03-11,8,29.87,28.73,30.57
2026-03-11,9,26.16,25.45,28.08
2026-03-11,10,20.24,20.37,25.47
2026-03-11,11,18.33,16.44,25.75
2026-03-11,12,18.42,17,27.98
2026-03-11,13,18.06,15.22,29.2
2026-03-11,14,17.73,14.17,30.01
2026-03-11,15,17.54,13.19,32.83
2026-03-11,16,17.05,11.71,31.4
2026-03-11,17,19.91,11.81,31.93
2026-03-11,18,22.65,16.02,31.02
2026-03-11,19,32.52,24.64,37.99
2026-03-11,20,41.45,29.95,37.78
2026-03-11,21,40.55,29.38,35.53
2026-03-11,22,32.46,25.76,29.46
2026-03-11,23,25.2,23.15,25.83
2026-03-11,24,21.47,21.16,22.6
2026-03-12,1,18.45,19.05,21.71
2026-03-12,2,18.35,18.97,20.83
2026-03-12,3,18.96,19.6,20.69
2026-03-12,4,20.58,22.35,22.94
2026-03-12,5,27.22,29.62,27.76
2026-03-12,6,36.97,41.72,37.11
2026-03-12,7,45.67,49.49,44.24
2026-03-12,8,50.55,53.73,47.67
2026-03-12,9,34.5,37.38,36.08
2026-03-12,10,16.96,20.84,20.91
2026-03-12,11,6.21,8.39,13.45
2026-03-12,12,4.24,5.66,13.59
2026-03-12,13,4.27,4.63,12.55
2026-03-12,14,4.54,1.59,12.01
2026-03-12,15,7.29,0.36,12.99
2026-03-12,16,10.72,0.08,13.87
2026-03-12,17,14.05,0,16.49
2026-03-12,18,15.83,0.97,19.76
2026-03-12,19,23.33,19.96,26.32
2026-03-12,20,35.75,31.85,34.18
2026-03-12,21,33.81,30.12,32.14
2026-03-12,22,32.59,26,30.09
2026-03-12,23,26.61,23.9,27
2026-03-12,24,23.61,20.73,23.79
2026-03-13,1,20.91,19.21,21.3
2026-03-13,2,19.26,17.27,19.89
2026-03-13,3,18.11,16.85,18.57
2026-03-13,4,18.9,16.26,18.85
2026-03-13,5,20.9,17.97,20.53
2026-03-13,6,24.53,22.33,24.31
2026-03-13,7,27.3,23.4,26.74
2026-03-13,8,29.42,25.47,29.3
2026-03-13,9,19.17,17.04,20.65
2026-03-13,10,10.93,3.32,10.94
2026-03-13,11,8.32,1.3,10.33
2026-03-13,12,7.1,1.62,9.75
2026-03-13,13,8.3,3.14,12.08
2026-03-13,14,8.44,5.47,12.22
2026-03-13,15,7.87,6.29,12.15
2026-03-13,16,7.29,6.55,12.23
2026-03-13,17,7.82,9.55,13.1
2026-03-13,18,11.6,13.71,16.58
2026-03-13,19,34.37,34.39,35.23
2026-03-13,20,59.04,58.3,58.18
2026-03-13,21,46.14,45,45.18
2026-03-13,22,34.35,33.52,34.07
2026-03-13,23,29.15,28.91,29.2
2026-03-13,24,24.33,24.2,24.75
2026-03-14,1,28.7,28.77,29.25
2026-03-14,2,25.67,25.81,26.26
2026-03-14,3,24.77,24.94,25.2
2026-03-14,4,23.06,23.17,23.5
2026-03-14,5,22.29,22.3,22.75
2026-03-14,6,24.19,24.06,24.57
2026-03-14,7,21.54,21.57,22.21
2026-03-14,8,22.26,22.33,22.94
2026-03-14,9,18.82,19.11,20.06
2026-03-14,10,4.69,5.05,8.61
2026-03-14,11,1.15,1.66,7.71
2026-03-14,12,2.22,3.22,10
2026-03-14,13,2.79,3.86,11.36
2026-03-14,14,3.49,4.51,13.21
2026-03-14,15,3.08,2.43,12.87
2026-03-14,16,4.93,1.3,14.87
2026-03-14,17,5.75,2.79,18.71
2026-03-14,18,7.49,5.06,18.73
2026-03-14,19,28.32,28.71,32.74
2026-03-14,20,40.63,39.54,41.35
2026-03-14,21,33.34,32.44,34.32
2026-03-14,22,29.34,26.82,31.17
2026-03-14,23,26.01,23.32,27.42
2026-03-14,24,21,19.02,23.45
2026-03-15,1,21.03,19.06,23.23
2026-03-15,2,20.72,18.84,23.06
2026-03-15,3,17.43,16.68,19.68
2026-03-15,4,18.19,16.91,20.54
2026-03-15,5,19.15,17.76,21.32
2026-03-15,6,19.35,17.88,21.59
2026-03-15,7,16.84,16.63,19.34
2026-03-15,8,18.34,17.97,20.64
2026-03-15,9,17.04,17.16,20.14
2026-03-15,10,12.14,11.87,18.08
2026-03-15,11,6.85,4.01,14.93
2026-03-15,12,6.37,1.44,14.74
2026-03-15,13,9.89,0.64,16.86
2026-03-15,14,13.11,-0.2,19.82
2026-03-15,15,15.42,2.67,28.55
2026-03-15,16,19.32,3,31.84
2026-03-15,17,23.03,3.65,34.43
2026-03-15,18,23.41,7.33,32.55
2026-03-15,19,45.06,28.78,46.84
2026-03-15,20,44.7,35.38,45.84
2026-03-15,21,36.73,33.62,38.04
2026-03-15,22,31.85,29.37,33.64
2026-03-15,23,26.75,24.94,28.02
2026-03-15,24,21.3,19.68,22.72
2026-03-16,1,16.63,14.4,17.39
2026-03-16,2,15.51,13.68,16.53
2026-03-16,3,13.09,14.86,14.22
2026-03-16,4,15.34,17.76,16.23
2026-03-16,5,17.75,19.15,17.81
2026-03-16,6,30.24,34.01,31.07
2026-03-16,7,48.28,48.75,42.69
2026-03-16,8,67.74,73.27,58.51
2026-03-16,9,47.19,51.54,39.93
2026-03-16,10,22.59,23.59,22.15
2026-03-16,11,15.98,17.9,22.1
2026-03-16,12,14.75,17.11,21.04
2026-03-16,13,12.87,15.23,20.37
2026-03-16,14,13.81,15.79,20.5
2026-03-16,15,14.11,15.46,19.81
2026-03-16,16,14.89,15.36,19.53
2026-03-16,17,20.34,19.97,23.24
2026-03-16,18,27.96,28.69,29.3
2026-03-16,19,77.46,82.13,71.63
2026-03-16,20,101.86,116.76,91.5
2026-03-16,21,110.56,125,103.31
2026-03-16,22,120.3,123.07,109.56
2026-03-16,23,68.96,69.88,67.48
2026-03-16,24,42.47,41.99,42.26
2026-03-17,1,42.23,40.99,41.88
2026-03-17,2,32.78,32.2,32.99
2026-03-17,3,29.91,30.07,30.23
2026-03-17,4,29.6,31.33,30.62
2026-03-17,5,32.19,34.94,33.66
2026-03-17,6,36.3,39.38,37.66
2026-03-17,7,44.2,52.03,46.67
2026-03-17,8,45.72,56.23,49.18
2026-03-17,9,32.35,31.04,33.59
2026-03-17,10,20.2,19.28,26.71
2026-03-17,11,10.04,5.55,19.62
2026-03-17,12,9.36,2.82,19.35
2026-03-17,13,7.98,0.99,17.57
2026-03-17,14,4.53,-2.61,15.54
2026-03-17,15,4.47,-2.95,14.47
2026-03-17,16,4.17,-4.07,14.08
2026-03-17,17,3.42,-5.35,13.68
2026-03-17,18,5.67,-3.04,15.38
2026-03-17,19,22.62,15.82,24.65
2026-03-17,20,40.56,29.94,38.09
2026-03-17,21,38.19,30.96,36.69
2026-03-17,22,35.6,28.72,34.2
2026-03-17,23,32.15,23.79,30.04
2026-03-17,24,27.29,18.2,25.08
2026-03-18,1,25.43,16.88,23.64
2026-03-18,2,25.37,16.55,23.34
2026-03-18,3,24.29,15.34,22.05
2026-03-18,4,23.83,15.16,21.64
2026-03-18,5,25.79,17.02,23.6
2026-03-18,6,31.73,22.61,29.19
2026-03-18,7,35.97,30.5,34.64
2026-03-18,8,38.65,36.2,38.19
2026-03-18,9,24.8,23.59,25.27
2026-03-18,10,6.78,3.83,12.96
2026-03-18,11,4.45,2.5,10.65
2026-03-18,12,4.72,4.31,10.75
2026-03-18,13,7.28,7.25,12.66
2026-03-18,14,9.8,9.77,14.33
2026-03-18,15,9.44,10.01,13.72
2026-03-18,16,9.41,9.8,14.43
2026-03-18,17,10.07,10.4,14.64
2026-03-18,18,16.26,16.51,18.12
2026-03-18,19,42.38,43.21,41.13
2026-03-18,20,71.77,78.89,67.19
2026-03-18,21,52.53,55.3,50.42
2026-03-18,22,34.92,34.21,34.02
2026-03-18,23,24.54,23.8,24.42
2026-03-18,24,20.76,18.57,20.5
2026-03-19,1,23.42,15.1,21.5
2026-03-19,2,22.93,13.92,20.7
2026-03-19,3,22.25,13.91,20.11
2026-03-19,4,23.58,14.23,21.21
2026-03-19,5,24.06,15.38,21.73
2026-03-19,6,29.05,19.58,26.36
2026-03-19,7,32.88,26.17,31.22
2026-03-19,8,32.57,27.63,31.95
2026-03-19,9,24.09,20.35,23.56
2026-03-19,10,10.57,3.8,12.84
2026-03-19,11,8.05,2.93,12.07
2026-03-19,12,13,6.78,15.13
2026-03-19,13,15.47,12.15,18.3
2026-03-19,14,17.68,16.42,21.74
2026-03-19,15,20.31,19.66,23.68
2026-03-19,16,20.97,21.01,26.53
2026-03-19,17,22.12,24.22,29.15
2026-03-19,18,21.25,22.25,25.05
2026-03-19,19,54.53,56.59,50.81
2026-03-19,20,94.59,103.9,86.69
2026-03-19,21,63.4,65.49,59.41
2026-03-19,22,38.84,39.08,38.41
2026-03-19,23,29.28,27.3,28.62
2026-03-19,24,25.4,21.36,24.37
2026-03-20,1,23.41,15.93,21.47
2026-03-20,2,22.83,16.14,21.03
2026-03-20,3,21.06,16.24,19.81
2026-03-20,4,20.64,15.73,19.38
2026-03-20,5,19.42,17.21,18.91
2026-03-20,6,23.42,22.46,23.13
2026-03-20,7,28.17,27.69,28.03
2026-03-20,8,31.29,32.29,31.38
2026-03-20,9,20.94,21.75,21.2
2026-03-20,10,10.15,8.66,13.23
2026-03-20,11,11.16,9.41,13.6
2026-03-20,12,12.05,11.54,15.32
2026-03-20,13,15.64,14.92,19.23
2026-03-20,14,18.55,18.17,20.62
2026-03-20,15,21.03,22.55,24.19
2026-03-20,16,22.57,24.07,27.85
2026-03-20,17,21.52,24.69,27.34
2026-03-20,18,24.82,27.21,27.26
2026-03-20,19,78,78.08,68.16
2026-03-20,20,98.28,104.85,80.73
2026-03-20,21,72.01,74.44,62.24
2026-03-20,22,47.32,46.33,42.93
2026-03-20,23,31.19,30.67,29.68
2026-03-20,24,27.28,24.94,26.1
2026-03-21,1,28.57,20.66,26.12
2026-03-21,2,26.41,18.45,23.97
2026-03-21,3,23.44,17.35,21.9
2026-03-21,4,23.14,17.16,21.69
2026-03-21,5,22.57,16.92,20.9
2026-03-21,6,23.15,18.94,21.9
2026-03-21,7,25.82,24.54,25.51
2026-03-21,8,26.09,26.13,26.7
2026-03-21,9,19.92,19.27,22.34
2026-03-21,10,7.31,6.22,12.27
2026-03-21,11,7.96,6.05,13.56
2026-03-21,12,10.3,9.88,18.37
2026-03-21,13,14.94,14.27,24.16
2026-03-21,14,17.13,16.24,28.29
2026-03-21,15,20.03,19.23,29.8
2026-03-21,16,19.74,19.16,38.97
2026-03-21,17,21.31,19.07,43.87
2026-03-21,18,22.84,19.8,42.69
2026-03-21,19,55.74,55.22,53.33
2026-03-21,20,71.39,70.41,65.25
2026-03-21,21,51.29,49.87,46.89
2026-03-21,22,38.86,30.55,37.2
2026-03-21,23,34.34,24.5,34.38
2026-03-21,24,31.61,21.48,31.43
2026-03-22,1,29.34,21.36,27.87
2026-03-22,2,26.67,18.62,25.15
2026-03-22,3,23.49,15.13,21.78
2026-03-22,4,22.03,14.54,20.91
2026-03-22,5,22.88,14.8,21.48
2026-03-22,6,22.29,15.11,21.17
2026-03-22,7,21.74,15.31,21.16
2026-03-22,8,21.11,15.78,22.09
2026-03-22,9,10.53,6.63,13.99
2026-03-22,10,3.87,-0.83,12.43
2026-03-22,11,2.71,-1.29,15.06
2026-03-22,12,5.06,-0.95,18.18
2026-03-22,13,9.3,0.46,24.11
2026-03-22,14,15.52,3.29,29.46
2026-03-22,15,22.27,6.36,35.89
2026-03-22,16,24.54,12.93,41.11
2026-03-22,17,30.6,16.23,48.43
2026-03-22,18,40.52,21.4,40.94
2026-03-22,19,49.29,35.1,46.88
2026-03-22,20,46.42,43.87,45.75
2026-03-22,21,44.53,39.68,43.23
2026-03-22,22,39.09,32.83,37.81
2026-03-22,23,32.67,26.86,31.64
2026-03-22,24,27.87,22.54,26.88
2026-03-23,1,25.07,18.67,25.62
2026-03-23,2,24.1,19.25,25.16
2026-03-23,3,22.61,19.41,22.7
2026-03-23,4,22.59,18.54,24.84
2026-03-23,5,22.91,19.61,25.45
2026-03-23,6,27.19,23.96,28.91
2026-03-23,7,29.49,26.13,32.3
2026-03-23,8,30.56,27.38,33.48
2026-03-23,9,20.92,18.5,23.18
2026-03-23,10,16.69,7.42,20.24
2026-03-23,11,16.64,6.09,21.25
2026-03-23,12,18.11,11.31,24.03
2026-03-23,13,21.54,14.46,26.28
2026-03-23,14,26.8,19.58,31.4
2026-03-23,15,27.88,17.29,32.68
2026-03-23,16,34.64,20.32,39.43
2026-03-23,17,41.82,21.7,49.06
2026-03-23,18,46.49,28.91,45.31
2026-03-23,19,100.26,89.75,89.11
2026-03-23,20,144.84,134.79,119.61
2026-03-23,21,154.32,137.98,124.27
2026-03-23,22,123.83,108.8,102.16
2026-03-23,23,90.61,88.16,87.99
2026-03-23,24,46.03,44.8,45.16
2026-03-24,1,40.93,40.05,40.51
2026-03-24,2,33.07,32.29,32.82
2026-03-24,3,32.56,32.05,32.35
2026-03-24,4,34.27,33.72,34.4
2026-03-24,5,32.86,32.33,32.96
2026-03-24,6,35.8,35.3,36
2026-03-24,7,38.52,37.9,39.05
2026-03-24,8,39.81,38.65,41.62
2026-03-24,9,30.79,28.37,34.98
2026-03-24,10,23.2,15.54,29.33
2026-03-24,11,19.46,9.31,26.92
2026-03-24,12,17.95,5.09,26.55
2026-03-24,13,18.92,3.98,31.58
2026-03-24,14,23.46,2.98,42.1
2026-03-24,15,25.72,4.54,47.24
2026-03-24,16,30.59,5.45,51.6
2026-03-24,17,35.91,10.07,51.18
2026-03-24,18,39.47,13.91,50.42
2026-03-24,19,61.94,38.32,67.96
2026-03-24,20,57.58,53.1,59.69
2026-03-24,21,52.8,46.79,53.05
2026-03-24,22,41.83,33.02,42.31
2026-03-24,23,34.97,26.31,36
2026-03-24,24,30.52,21.51,31.76
2026-03-25,1,28.96,20.19,27.59
2026-03-25,2,27.43,18.8,25.93
2026-03-25,3,25.88,17.84,24.36
2026-03-25,4,25.22,16.88,24.32
2026-03-25,5,25.67,18.19,24.57
2026-03-25,6,30.18,22.82,29.41
2026-03-25,7,30.48,24.12,30.15
2026-03-25,8,33.31,26.69,33.34
2026-03-25,9,27.11,20.85,30.47
2026-03-25,10,15.36,8.68,24.73
2026-03-25,11,12.78,5.53,28.51
2026-03-25,12,12.16,3.95,34.03
2026-03-25,13,13.05,6.84,35.09
2026-03-25,14,14.03,8.61,37.95
2026-03-25,15,21.3,10.96,43.4
2026-03-25,16,28.76,13.49,50.42
2026-03-25,17,36.46,16.43,48.55
2026-03-25,18,40.6,21.5,53.44
2026-03-25,19,59.61,43.26,61.07
2026-03-25,20,66.32,59.46,66.08
2026-03-25,21,59.59,52.22,58.45
2026-03-25,22,52.51,43.57,50.41
2026-03-25,23,43.05,35.91,42.14
2026-03-25,24,32.99,25.27,32.27
2026-03-26,1,30.85,19.66,29.99
2026-03-26,2,30.42,18.91,28.26
2026-03-26,3,27.79,18.44,26.02
2026-03-26,4,29.18,18.95,27.56
2026-03-26,5,27.52,17.51,25.57
2026-03-26,6,31.56,21.64,29.63
2026-03-26,7,30.18,20.79,28.23
2026-03-26,8,32.06,22.19,30.07
2026-03-26,9,25.95,14.81,26.08
2026-03-26,10,19.88,3.82,27.26
2026-03-26,11,16.46,2.08,26.65
2026-03-26,12,15.23,0.83,29.21
2026-03-26,13,16.1,1.07,30.05
2026-03-26,14,20.03,2.1,39.09
2026-03-26,15,20.17,5.14,41.03
2026-03-26,16,26.71,7.13,43.8
2026-03-26,17,36.28,13.49,46.92
2026-03-26,18,38.67,17.75,46.9
2026-03-26,19,62.87,35.27,64.54
2026-03-26,20,63.86,44.87,58.26
2026-03-26,21,57.84,43.98,53.91
2026-03-26,22,47.42,36.19,45.64
2026-03-26,23,43.11,32.3,41.38
2026-03-26,24,33.95,24.2,32.35
2026-03-27,1,30.57,19.04,28.48
2026-03-27,2,28.44,17.6,26.93
2026-03-27,3,25.81,15.52,24.26
2026-03-27,4,25.32,15.8,23.64
2026-03-27,5,25.97,19.01,25.06
2026-03-27,6,31.44,26.16,30.66
2026-03-27,7,31.4,27.51,30.6
2026-03-27,8,33.68,29.44,33.27
2026-03-27,9,26.56,21.82,29.28
2026-03-27,10,17.91,12.96,26.3
2026-03-27,11,16.28,10.13,30.6
2026-03-27,12,17.99,8.5,32.54
2026-03-27,13,20.73,8.6,39.23
2026-03-27,14,25.9,12.3,45.16
2026-03-27,15,30.63,10.99,51.69
2026-03-27,16,37.63,12.29,51.52
2026-03-27,17,40.9,17.36,55.02
2026-03-27,18,42.86,20.32,51.12
2026-03-27,19,48.41,25.97,60.56
2026-03-27,20,49.55,28.68,52.5
2026-03-27,21,50.21,30.18,47.82
2026-03-27,22,45.74,27.31,42.27
2026-03-27,23,41.19,24.52,37.63
2026-03-27,24,35.31,21.98,31.87
2026-03-28,1,30.52,21.87,28.18
2026-03-28,2,27.78,23.32,26.97
2026-03-28,3,26.32,24.66,26.04
2026-03-28,4,27.39,27.42,27.57
2026-03-28,5,30.32,30.5,30.55
2026-03-28,6,34.75,34.99,34.98
2026-03-28,7,39.81,40.33,40.07
2026-03-28,8,42.63,45.35,43.71
2026-03-28,9,43.45,47.41,44.65
2026-03-28,10,40.1,47.17,40.6
2026-03-28,11,35.77,37.04,35.77
2026-03-28,12,30.55,30.23,30.42
2026-03-28,13,26.47,25.57,26.5
2026-03-28,14,20.49,19.81,21.25
2026-03-28,15,19.88,19.32,20.76
2026-03-28,16,19.11,18.43,20.19
2026-03-28,17,19.15,18.44,20.22
2026-03-28,18,20.77,20.05,21.91
2026-03-28,19,36.81,35.69,36.56
2026-03-28,20,52.44,49.69,51.16
2026-03-28,21,48.24,45.51,46.88
2026-03-28,22,34.7,32.02,33.77
2026-03-28,23,27.3,24.84,26.39
2026-03-28,24,22.81,19.01,21.61
2026-03-29,1,26.03,21.99,25.23
2026-03-29,2,23.25,19.33,22.47
2026-03-29,3,22.57,18.18,21.7
2026-03-29,4,23.73,17.8,22.59
2026-03-29,5,23.24,16.7,21.96
2026-03-29,6,24.48,17.44,23.07
2026-03-29,7,23.84,16.48,22.41
2026-03-29,8,23.33,16.39,21.92
2026-03-29,9,19.84,6.65,13.65
2026-03-29,10,12.35,-3.02,3.8
2026-03-29,11,14.4,-3.54,5.3
2026-03-29,12,15.13,-3.95,5.52
2026-03-29,13,16.29,-3.56,7.19
2026-03-29,14,15.21,-3.64,8.79
2026-03-29,15,16.17,-2.15,12.42
2026-03-29,16,18.27,0.58,13.42
2026-03-29,17,19.21,1.5,15.35
2026-03-29,18,21.47,3.26,16.26
2026-03-29,19,33.29,24.67,31.54
2026-03-29,20,39.39,29.66,38
2026-03-29,21,40.33,29.93,38.85
2026-03-29,22,40.54,29.14,38.89
2026-03-29,23,34.46,22.54,32.6
2026-03-29,24,27.01,16.37,25.33
2026-03-30,1,25.96,16.49,24.63
2026-03-30,2,24.68,14.77,23.24
2026-03-30,3,22.47,13.13,21.12
2026-03-30,4,22.58,13.11,21.19
2026-03-30,5,23.79,14.39,22.38
2026-03-30,6,26.48,17.21,25.09
2026-03-30,7,28.72,19.47,27.17
2026-03-30,8,28.02,19.26,26.48
2026-03-30,9,23.02,15.68,21.9
2026-03-30,10,16.53,8.91,14.38
2026-03-30,11,15.59,6.09,14.35
2026-03-30,12,15.74,1.94,14.05
2026-03-30,13,21.78,2.98,17.09
2026-03-30,14,22.52,3.63,19.64
2026-03-30,15,22.21,6.38,21
2026-03-30,16,29.32,8.9,23.04
2026-03-30,17,28.65,11.97,22.8
2026-03-30,18,27.6,14.38,23.33
2026-03-30,19,39.27,24.9,36.32
2026-03-30,20,49.02,34.25,44.13
2026-03-30,21,46.71,30.62,41.91
2026-03-30,22,43.67,27.83,39.1
2026-03-30,23,38.8,25.34,35.12
2026-03-30,24,30.83,17.77,27.18
2026-03-31,1,28.79,18.14,25.93
2026-03-31,2,27.16,15.59,23.95
2026-03-31,3,25.69,13.68,22.34
2026-03-31,4,25.41,13.76,22.16
2026-03-31,5,27.02,14.37,23.45
2026-03-31,6,29.81,16.84,26.26
2026-03-31,7,30.88,17.54,27.17
2026-03-31,8,31.18,18.54,27.66
2026-03-31,9,25.65,15.75,23
2026-03-31,10,18.25,11.11,17.29
2026-03-31,11,15.05,7.74,16.07
2026-03-31,12,16.15,7.72,17.22
2026-03-31,13,18.79,9.71,20.74
2026-03-31,14,19.49,10.8,23.51
2026-03-31,15,27.63,12.21,26.12
2026-03-31,16,31.94,16.46,29.72
2026-03-31,17,32.84,17.47,27.97
2026-03-31,18,36.84,22.38,28.29
2026-03-31,19,40.71,35.8,36.75
2026-03-31,20,47.3,44.23,46.48
2026-03-31,21,41,37.09,40.07
2026-03-31,22,36.86,30.1,35.58
2026-03-31,23,33.4,28.91,32.9
2026-03-31,24,26.5,21.1,25.88
2026-04-01,1,29.83,21.79,28.62
2026-04-01,2,26.66,19.92,25.71
2026-04-01,3,25.18,18.86,24.25
2026-04-01,4,24.38,18.52,23.48
2026-04-01,5,24.6,18.88,23.77
2026-04-01,6,28.06,22.2,27.26
2026-04-01,7,28.68,23.45,27.87
2026-04-01,8,28.23,23.57,27.53
2026-04-01,9,26.25,16.07,24.51
2026-04-01,10,22.7,13.06,21.46
2026-04-01,11,19.6,11.58,19.16
2026-04-01,12,19.12,12.25,18.7
2026-04-01,13,19.37,12.65,19.14
2026-04-01,14,24.77,15.79,22.73
2026-04-01,15,32.99,16.11,25.55
2026-04-01,16,41.36,17.77,29.89
2026-04-01,17,48.83,20.88,33.41
2026-04-01,18,51.84,22.19,35.5
2026-04-01,19,55.33,48.48,49.12
2026-04-01,20,51.68,47.32,49.32
2026-04-01,21,47.45,47.67,47.4
2026-04-01,22,48.89,48.16,48.22
2026-04-01,23,44.54,47.69,45.23
2026-04-01,24,32.86,31.31,32.23
2026-04-02,1,29.95,28.86,29.03
2026-04-02,2,28.41,26.32,27.1
2026-04-02,3,25.49,23.52,24.42
2026-04-02,4,25.23,23.26,23.98
2026-04-02,5,25.42,23.57,24.28
2026-04-02,6,29.68,27.5,28.39
2026-04-02,7,33.05,30.97,31.91
2026-04-02,8,37.5,35.37,36.13
2026-04-02,9,30.66,29.74,29.98
2026-04-02,10,22.55,21.93,22.57
2026-04-02,11,21.6,21.52,22.16
2026-04-02,12,21.98,22.11,22.67
2026-04-02,13,21.79,22.16,22.83
2026-04-02,14,22.13,22.26,24.19
2026-04-02,15,22.67,21.4,24.36
2026-04-02,16,30.66,23.54,26.92
2026-04-02,17,34.56,26.96,29.58
2026-04-02,18,35.37,33.5,33.38
2026-04-02,19,45.18,44.53,44.2
2026-04-02,20,49.71,49.69,49.04
2026-04-02,21,47.29,48.59,47.13
2026-04-02,22,37.87,36.24,37.59
2026-04-02,23,33.58,32.43,33.64
2026-04-02,24,26.15,24.68,26.15
2026-04-03,1,24.14,21.27,23.65
2026-04-03,2,21.36,18.71,20.9
2026-04-03,3,19.64,16.89,19.17
2026-04-03,4,19.47,16.72,18.98
2026-04-03,5,19.75,17.26,19.32
2026-04-03,6,23.11,20.04,22.52
2026-04-03,7,24.44,21.36,23.86
2026-04-03,8,24.68,23.04,24.47
2026-04-03,9,22.19,21.42,21.97
2026-04-03,10,19.74,19.38,20.13
2026-04-03,11,18.85,18.12,20.59
2026-04-03,12,19.52,19.11,22.55
2026-04-03,13,20.93,21.35,23.22
2026-04-03,14,21.67,22.02,24.45
2026-04-03,15,25.48,25.49,26.45
2026-04-03,16,33.05,32.44,32.85
2026-04-03,17,40.03,38.95,39.22
2026-04-03,18,43.99,42.89,42.7
2026-04-03,19,57.83,57.04,55.63
2026-04-03,20,62.39,61.58,60.6
2026-04-03,21,57.92,57.49,56.81
2026-04-03,22,54.62,54.34,53.6
2026-04-03,23,68.79,68.27,67.19
2026-04-03,24,39.32,39.21,38.83
2026-04-04,1,35.33,35.22,35.08
2026-04-04,2,32.19,32.05,31.96
2026-04-04,3,30.17,30.02,30
2026-04-04,4,27.14,26.86,26.95
2026-04-04,5,25.28,25.02,25.14
2026-04-04,6,23.91,22.78,23.58
2026-04-04,7,21.61,19.06,20.9
2026-04-04,8,22.9,19.21,21.9
2026-04-04,9,22.07,20.08,21.52
2026-04-04,10,22.52,20.24,22.03
2026-04-04,11,22.95,19.69,22.25
2026-04-04,12,24.98,18.26,24.59
2026-04-04,13,29.98,18.42,27.3
2026-04-04,14,30.77,15.6,27.04
2026-04-04,15,31.32,15.47,25.65
2026-04-04,16,28.79,14.74,23.32
2026-04-04,17,27.87,14.74,22.56
2026-04-04,18,28.05,15.13,23.15
2026-04-04,19,31.14,28.6,29.85
2026-04-04,20,50.01,50.03,50.04
2026-04-04,21,61.06,61.12,61.03
2026-04-04,22,65.05,65.07,65.02
2026-04-04,23,84.63,84.64,84.48
2026-04-04,24,65.3,65.4,65.28
2026-04-05,1,59.75,60.03,59.88
2026-04-05,2,42.18,42.75,42.49
2026-04-05,3,40.28,41.1,40.71
2026-04-05,4,38.96,39.57,39.18
2026-04-05,5,36.73,38.72,37.68
2026-04-05,6,38.31,40.22,38.93
2026-04-05,7,33.48,36.06,34.58
2026-04-05,8,37.3,39.33,37.94
2026-04-05,9,20.2,20.35,20.07
2026-04-05,10,17.1,17.21,16.98
2026-04-05,11,13.73,13.82,13.72
2026-04-05,12,11.83,11.85,11.8
2026-04-05,13,9.41,9.71,9.52
2026-04-05,14,8.75,8.38,8.48
2026-04-05,15,10.03,9.72,9.76
2026-04-05,16,10.59,10.04,10.19
2026-04-05,17,14.8,15.01,14.9
2026-04-05,18,18.09,18.2,18.11
2026-04-05,19,27.59,27.61,27.53
2026-04-05,20,59.77,59.77,59.63
2026-04-05,21,55.65,55.55,55.46
2026-04-05,22,51.86,51.33,51.49
2026-04-05,23,60.38,59.63,59.98
2026-04-05,24,46.6,45.97,46.28
2026-04-06,1,34.02,33.59,33.92
2026-04-06,2,32.93,32.31,32.64
2026-04-06,3,34.39,34.37,34.41
2026-04-06,4,34.64,35.56,34.92
2026-04-06,5,35.82,37.19,36.25
2026-04-06,6,53.69,55.7,54.31
2026-04-06,7,61.36,63.71,62.45
2026-04-06,8,50.53,52.69,50.88
2026-04-06,9,24.33,24.29,24.14
2026-04-06,10,16.23,16.2,16.22
2026-04-06,11,13.51,13.12,13.42
2026-04-06,12,13.84,11.44,12.49
2026-04-06,13,12.03,9.43,10.93
2026-04-06,14,14.21,10.22,12.19
2026-04-06,15,15.3,9.11,11.97
2026-04-06,16,15.53,8.09,11.68
2026-04-06,17,15.63,8.93,11.85
2026-04-06,18,16.36,12.02,13.77
2026-04-06,19,27.12,25.79,26.3
2026-04-06,20,74.53,74.24,73.77
2026-04-06,21,63.34,62.93,62.32
2026-04-06,22,49.74,48.57,48.88
2026-04-06,23,38.84,37.77,38.39
2026-04-06,24,27.41,26.53,27.03
2026-04-07,1,19.89,19.22,19.72
2026-04-07,2,19.83,19.07,19.58
2026-04-07,3,19.03,18.59,18.98
2026-04-07,4,19.43,19.1,19.43
2026-04-07,5,20.72,20.24,20.17
2026-04-07,6,24.06,23.52,23.47
2026-04-07,7,27.83,26.73,25.88
2026-04-07,8,27.92,26.94,26.2
2026-04-07,9,16.01,15.64,16.19
2026-04-07,10,7.4,4.83,8.27
2026-04-07,11,7.61,1.13,13.13
2026-04-07,12,9.67,0.94,14.15
2026-04-07,13,9.94,1.34,15.26
2026-04-07,14,13.2,1.78,15.29
2026-04-07,15,13.91,3.04,15
2026-04-07,16,13.95,4.23,15.46
2026-04-07,17,15.51,10.41,17.33
2026-04-07,18,18.74,18.04,20.68
2026-04-07,19,29.98,28.59,29.77
2026-04-07,20,37.63,36.98,37.37
2026-04-07,21,42.94,42.44,42.73
2026-04-07,22,41.45,41.12,41.29
2026-04-07,23,34.37,34.27,34.32
2026-04-07,24,27.83,27.77,27.8
2026-04-08,1,24.61,24.35,24.44
2026-04-08,2,25.85,25.58,25.65
2026-04-08,3,27.35,27.21,27.17
2026-04-08,4,27.42,27.28,27.22
2026-04-08,5,29.8,29.55,29.42
2026-04-08,6,34.51,34.1,33.82
2026-04-08,7,40.21,39.07,38.11
2026-04-08,8,36.5,35.71,35.21
2026-04-08,9,18.27,16.21,17.33
2026-04-08,10,9.98,3.92,15.38
2026-04-08,11,10.42,0.87,14.68
2026-04-08,12,10.86,0.59,15.64
2026-04-08,13,14.36,1.23,17.34
2026-04-08,14,16.48,1.47,19.28
2026-04-08,15,19.05,3.35,20.01
2026-04-08,16,19.89,5.29,22.63
2026-04-08,17,22.57,9.49,25.06
2026-04-08,18,24.61,15.21,20.02
2026-04-08,19,35.39,28.59,32.23
2026-04-08,20,46.93,45.47,46.05
2026-04-08,21,45.14,41.88,43.44
2026-04-08,22,36.24,30.78,34.55
2026-04-08,23,28.41,25.3,27.61
2026-04-08,24,23.91,16.85,21.92
2026-04-09,1,23.98,16.74,22.26
2026-04-09,2,22.07,15.56,20.59
2026-04-09,3,21.71,16,20.48
2026-04-09,4,21.6,15.37,20.15
2026-04-09,5,22.2,16.41,20.77
2026-04-09,6,25.28,20.28,23.95
2026-04-09,7,29.97,24.37,26.18
2026-04-09,8,30.82,26.2,26.49
2026-04-09,9,22.29,12.09,17.18
2026-04-09,10,20.69,1.57,14.49
2026-04-09,11,18.95,2.7,15.24
2026-04-09,12,20.32,3.07,16.58
2026-04-09,13,21.6,6.93,19.05
2026-04-09,14,23.81,8.08,22.53
2026-04-09,15,26.27,12.74,24.96
2026-04-09,16,28.83,17.87,27.73
2026-04-09,17,33.49,23.01,29.58
2026-04-09,18,34.25,26.72,32.27
2026-04-09,19,41.05,37.81,38.85
2026-04-09,20,45.77,43.32,42.52
2026-04-09,21,42.96,40.26,41.1
2026-04-09,22,40.18,38.32,38.97
2026-04-09,23,33.06,33.49,32.45
2026-04-09,24,28.6,24.99,26.95
2026-04-10,1,26.5,21.46,24.88
2026-04-10,2,27.14,18.51,24.52
2026-04-10,3,24.35,19.88,22.7
2026-04-10,4,24.89,16.59,22.44
2026-04-10,5,25.82,15.4,22.77
2026-04-10,6,28.83,21.82,26.84
2026-04-10,7,34.48,29.3,32.78
2026-04-10,8,44.54,38.39,42.42
2026-04-10,9,38.37,33.89,36.7
2026-04-10,10,37.33,20.84,28.95
2026-04-10,11,33.87,20.08,26.3
2026-04-10,12,31.95,20.16,25.33
2026-04-10,13,31.57,18.47,24.29
2026-04-10,14,31.39,17.19,23.32
2026-04-10,15,30.24,19.41,22.76
2026-04-10,16,32.15,20.2,23.42
2026-04-10,17,31.15,23,23.97
2026-04-10,18,32.31,25.87,25.82
2026-04-10,19,36.91,39.91,35.01
2026-04-10,20,38.78,43.14,39.54
2026-04-10,21,40.55,42.24,40.82
2026-04-10,22,39.41,40.84,39.55
2026-04-10,23,31.61,35.81,32.26
2026-04-10,24,25.65,26.19,25.54
2026-04-11,1,28.28,34.91,29.51
2026-04-11,2,27.07,30.81,27.46
2026-04-11,3,27.27,28.69,26.79
2026-04-11,4,26.39,27.84,26.05
2026-04-11,5,31.11,32.73,30.89
2026-04-11,6,30.01,31.45,29.48
2026-04-11,7,31.32,31.55,29.56
2026-04-11,8,31.27,31.4,29.06
2026-04-11,9,22.54,21.41,18.95
2026-04-11,10,21.33,19.79,17.85
2026-04-11,11,18.98,16.86,15.24
2026-04-11,12,19.03,17.35,15.18
2026-04-11,13,20.43,18.85,16.4
2026-04-11,14,25.39,22.77,20.08
2026-04-11,15,27.16,26.74,22.14
2026-04-11,16,28.12,28.47,23.47
2026-04-11,17,28.63,32.61,26.06
2026-04-11,18,28.97,41.84,30.83
2026-04-11,19,40.34,57.75,43.4
2026-04-11,20,47.58,62.85,50.14
2026-04-11,21,48.19,61.56,50.53
2026-04-11,22,52.9,66.25,55.3
2026-04-11,23,55.59,67.37,57.67
2026-04-11,24,37.15,44.13,38.38
2026-04-12,1,50.6,50.64,50.17
2026-04-12,2,35.94,35.81,35.59
2026-04-12,3,32.7,32.89,32.58
2026-04-12,4,28.54,28.55,28.4
2026-04-12,5,27.31,27.23,27.17
2026-04-12,6,25.02,24.95,24.98
2026-04-12,7,20.2,20,20.15
2026-04-12,8,21.7,21.93,21.57
2026-04-12,9,16.45,19.83,16.91
2026-04-12,10,15.9,22.51,17.14
2026-04-12,11,15.1,24.08,16.94
2026-04-12,12,15.72,22.73,17.2
2026-04-12,13,16.41,24.56,18.55
2026-04-12,14,21.18,27.95,22.71
2026-04-12,15,20.42,28.54,22.41
2026-04-12,16,23.87,30.85,25.38
2026-04-12,17,28.14,34.79,29.71
2026-04-12,18,30.01,37.86,31.15
2026-04-12,19,38.64,52.36,41.7
2026-04-12,20,34.86,48.76,37.95
2026-04-12,21,36.92,51.69,40.23
2026-04-12,22,33.41,46.76,36.34
2026-04-12,23,26.72,40.71,29.75
2026-04-12,24,22.24,32.11,24.24
2026-04-13,1,18.27,31.5,21.23
2026-04-13,2,17.9,28.05,20.3
2026-04-13,3,17.69,24.07,19.12
2026-04-13,4,17.8,23.83,19.11
2026-04-13,5,18.8,23.34,19.64
2026-04-13,6,25.51,29.08,25.77
2026-04-13,7,28.29,29.14,28.07
2026-04-13,8,30.18,33.24,30.61
2026-04-13,9,24.96,28.96,25.85
2026-04-13,10,19.65,29.31,21.98
2026-04-13,11,18.46,30.17,21.32
2026-04-13,12,18,30.67,21.31
2026-04-13,13,18.54,32.71,22.72
2026-04-13,14,19.99,32.73,23.78
2026-04-13,15,25.09,38.8,28.8
2026-04-13,16,27.07,40.77,30.69
2026-04-13,17,31.71,52.96,38.25
2026-04-13,18,34.12,54.88,38.42
2026-04-13,19,51.74,80.62,57.6
2026-04-13,20,48.57,80.68,55.24
2026-04-13,21,52.84,83.26,59.65
2026-04-13,22,44.87,70.74,50.95
2026-04-13,23,40.76,63.92,46.14
2026-04-13,24,25.02,44.93,31.06
2026-04-14,1,22.91,34.01,25.29
2026-04-14,2,21.48,31.16,23.74
2026-04-14,3,19.72,26,21.19
2026-04-14,4,17.97,24.35,19.39
2026-04-14,5,17.18,24.39,18.88
2026-04-14,6,19.9,28.86,21.68
2026-04-14,7,23.38,34.35,25.32
2026-04-14,8,25.51,38.3,27.79
2026-04-14,9,19.24,34.42,22.02
2026-04-14,10,16.31,31.9,19.06
2026-04-14,11,16.85,33.6,20.21
2026-04-14,12,17.49,35.22,22.05
2026-04-14,13,16.07,35.23,21.93
2026-04-14,14,16.99,35.29,23.76
2026-04-14,15,20.24,38.94,27.51
2026-04-14,16,22.55,45.07,30.33
2026-04-14,17,28.2,50.89,33.24
2026-04-14,18,34.95,58.86,38.81
2026-04-14,19,43.66,74.14,47.68
2026-04-14,20,42.67,73.4,47.79
2026-04-14,21,41.75,71.04,46.6
2026-04-14,22,43.5,68.02,47.31
2026-04-14,23,38.23,56.06,41.36
2026-04-14,24,30.07,42.85,32.24
2026-04-15,1,25.1,36.11,29.72
2026-04-15,2,21.55,29.16,24.01
2026-04-15,3,19.33,27.08,21.81
2026-04-15,4,20.25,28.01,22.4
2026-04-15,5,22.37,27.87,23.99
2026-04-15,6,25.65,32.13,27.54
2026-04-15,7,32.79,42.02,35.06
2026-04-15,8,34.58,43.83,36.49
2026-04-15,9,26.24,37.94,28.6
2026-04-15,10,19.2,39.11,23.44
2026-04-15,11,18.42,38.8,23.12
2026-04-15,12,17.2,35.55,23.28
2026-04-15,13,17.49,34.04,25.51
2026-04-15,14,20.41,38.52,31.04
2026-04-15,15,23.46,37.78,29.89
2026-04-15,16,27.95,43.24,35.02
2026-04-15,17,33.34,47.23,37.38
2026-04-15,18,35.68,48.06,38.24
2026-04-15,19,52.71,51.81,54.72
2026-04-15,20,65.13,66.92,65.57
2026-04-15,21,71.95,72.14,70.91
2026-04-15,22,69.74,69.48,68.76
2026-04-15,23,55.7,55.8,55.15
2026-04-15,24,37.3,37.43,37.19
2026-04-16,1,35.06,34.51,34.9
2026-04-16,2,34.56,33.9,34.36
2026-04-16,3,31.39,30.85,31.28
2026-04-16,4,26.75,25.86,26.49
2026-04-16,5,28.08,27.14,27.79
2026-04-16,6,35.72,35,35.5
2026-04-16,7,39.46,38.88,39.32
2026-04-16,8,40.47,40.13,40.43
2026-04-16,9,20.19,19.39,20.29
2026-04-16,10,15.56,13.61,19.62
2026-04-16,11,14.98,13.32,21.44
2026-04-16,12,15.86,13.01,25.66
2026-04-16,13,17.06,13.08,29.18
2026-04-16,14,24.2,14.86,33.02
2026-04-16,15,31.34,17.59,39.35
2026-04-16,16,32.18,17.77,40.82
2026-04-16,17,35.47,17.91,36.43
2026-04-16,18,37.68,18.23,31.74
2026-04-16,19,44.79,45.91,48.43
2026-04-16,20,66.12,68.24,68.42
2026-04-16,21,68.22,66.68,69.18
2026-04-16,22,59.71,58.36,60.71
2026-04-16,23,37.37,34.87,37.85
2026-04-16,24,29.1,25.12,28.9
2026-04-17,1,21.57,18.37,21.5
2026-04-17,2,19.89,17.35,20.11
2026-04-17,3,19.92,16.43,19.82
2026-04-17,4,19.29,15.48,19.14
2026-04-17,5,18.82,14.28,18.39
2026-04-17,6,21.01,17.29,20.8
2026-04-17,7,25.16,19.88,24.52
2026-04-17,8,22.14,19.29,22.11
2026-04-17,9,16.01,14.44,17.12
2026-04-17,10,13.07,9.37,16.42
2026-04-17,11,12.5,9.98,20.4
2026-04-17,12,14.71,9.7,24.35
2026-04-17,13,15.88,9.1,26.38
2026-04-17,14,20.73,10.47,34.03
2026-04-17,15,25.81,13.75,38.79
2026-04-17,16,32.6,16.24,42.95
2026-04-17,17,40.37,17.73,39.75
2026-04-17,18,42.49,20.06,40.77
2026-04-17,19,52.64,34.7,48.84
2026-04-17,20,62.04,46.55,57.37
2026-04-17,21,60.07,49.36,57.08
2026-04-17,22,58.22,49.59,56.21
2026-04-17,23,50.38,45.61,49.31
2026-04-17,24,41.12,37.72,40.03
2026-04-18,1,36.77,25.1,34.44
2026-04-18,2,31.7,23.1,30
2026-04-18,3,27.17,19.38,25.92
2026-04-18,4,23.16,15.71,22.26
2026-04-18,5,22.29,13.48,21.28
2026-04-18,6,23.91,14.28,23.06
2026-04-18,7,22.26,12.27,21.5
2026-04-18,8,22.51,11.92,21.2
2026-04-18,9,20.19,12.98,20.33
2026-04-18,10,22.42,11.68,25.05
2026-04-18,11,21.91,14.03,27.56
2026-04-18,12,23.02,15.39,30.9
2026-04-18,13,28.61,13.03,32.49
2026-04-18,14,32.3,9.78,37.68
2026-04-18,15,33.91,9.28,34.98
2026-04-18,16,35.6,9.38,32
2026-04-18,17,35.17,9.44,27.77
2026-04-18,18,32.74,8.76,26.07
2026-04-18,19,29.54,12.25,26.2
2026-04-18,20,29.78,29.21,29.71
2026-04-18,21,36.9,37.05,37.05
2026-04-18,22,37.67,37.8,37.8
2026-04-18,23,40.63,40.73,40.71
2026-04-18,24,37.95,38.19,37.94
2026-04-19,1,28.59,28.93,27.96
2026-04-19,2,29.01,29.34,28.17
2026-04-19,3,31.55,31.96,30.75
2026-04-19,4,35.02,35.08,33.85
2026-04-19,5,35.47,36.08,34.57
2026-04-19,6,35.71,36.38,34.99
2026-04-19,7,28.79,29.39,28.33
2026-04-19,8,27.54,27.24,26.71
2026-04-19,9,14.35,13.93,13.69
2026-04-19,10,4.92,4.95,5.07
2026-04-19,11,1.72,1.22,1.79
2026-04-19,12,2.04,0.73,1.97
2026-04-19,13,3.16,0.48,2.07
2026-04-19,14,5.21,0.39,3.47
2026-04-19,15,7.45,0.43,5.29
2026-04-19,16,10.74,0.49,5.65
2026-04-19,17,13.11,0.84,8.75
2026-04-19,18,16.68,1.74,9.77
2026-04-19,19,17.78,12.43,16.46
2026-04-19,20,39.66,37.79,38.96
2026-04-19,21,40.84,38.4,39.94
2026-04-19,22,42.8,39.27,41.33
2026-04-19,23,38.43,35.48,37.32
2026-04-19,24,26.17,23.42,25.12
2026-04-20,1,25.93,21.92,24.35
2026-04-20,2,26.76,22.51,25.07
2026-04-20,3,28.57,24.73,27.07
2026-04-20,4,35.13,31.56,33.73
2026-04-20,5,40.51,36.85,39.08
2026-04-20,6,51.66,49.35,50.78
2026-04-20,7,44.08,40.39,42.56
2026-04-20,8,47.42,45,46.67
2026-04-20,9,38.78,37.33,38.46
2026-04-20,10,27.07,24.95,26.03
2026-04-20,11,22.8,19.41,21.04
2026-04-20,12,22.13,18.33,20.77
2026-04-20,13,23.04,15.28,20.98
2026-04-20,14,25.17,15.9,25.12
2026-04-20,15,23.63,14.98,23.28
2026-04-20,16,22.33,15.53,24.07
2026-04-20,17,25.43,18.46,24.14
2026-04-20,18,28.71,22.69,28.48
2026-04-20,19,34.79,30.01,33.67
2026-04-20,20,42.81,41.25,42.42
2026-04-20,21,42.77,41.87,42.6
2026-04-20,22,49.74,47.88,49.37
2026-04-20,23,43.1,41.6,42.73
2026-04-20,24,32.56,31.03,32.15
2026-04-21,1,33.29,28.15,31.53
2026-04-21,2,33.95,29.24,32.28
2026-04-21,3,34.86,30.42,33.25
2026-04-21,4,39.5,34.55,37.69
2026-04-21,5,42.71,38.36,41.11
2026-04-21,6,54.85,50.61,53.04
2026-04-21,7,63.59,60.07,61.9
2026-04-21,8,59.12,57.18,57.6
2026-04-21,9,77.26,76.02,76.07
2026-04-21,10,51.18,50.26,51.08
2026-04-21,11,36.96,35.47,36.7
2026-04-21,12,34.54,32.88,34.69
2026-04-21,13,31.53,29.32,31.97
2026-04-21,14,28.61,23.58,28.23
2026-04-21,15,28.37,22.83,28.52
2026-04-21,16,29.31,23.15,29.1
2026-04-21,17,27.96,21.32,28.16
2026-04-21,18,29.38,26.44,29.97
2026-04-21,19,38.69,36.62,38.48
2026-04-21,20,46.9,45.26,47.7
2026-04-21,21,41.21,37.69,40.9
2026-04-21,22,41.55,36.95,41.11
2026-04-21,23,32.53,27.27,32.18
2026-04-21,24,26.11,20.09,25.84
2026-04-22,1,26.98,23.73,26.32
2026-04-22,2,26.67,24.57,25.97
2026-04-22,3,27.92,26.62,27.3
2026-04-22,4,32.09,31.42,31.82
2026-04-22,5,35.83,35.1,35.3
2026-04-22,6,40.78,40.05,40
2026-04-22,7,45.16,44.28,43.89
2026-04-22,8,41.18,40.46,40.17
2026-04-22,9,38.03,37.62,36.86
2026-04-22,10,30.44,23.77,26.49
2026-04-22,11,32.09,19.54,25.3
2026-04-22,12,40.85,18.09,28.05
2026-04-22,13,44.2,15.27,27.05
2026-04-22,14,47.92,13.97,31.7
2026-04-22,15,49.57,13.54,31.91
2026-04-22,16,52.49,14.23,33.19
2026-04-22,17,55.59,15.84,32.76
2026-04-22,18,53.22,20.51,36.01
2026-04-22,19,55.94,27.51,46.15
2026-04-22,20,53.35,38.59,52.44
2026-04-22,21,51.56,37.54,51.41
2026-04-22,22,59.22,41.65,58.3
2026-04-22,23,41.13,26.76,40.57
2026-04-22,24,31.29,19.64,31.09
2026-04-23,1,31.66,19.41,31.16
2026-04-23,2,29.62,18.03,29.22
2026-04-23,3,28.19,17.22,27.78
2026-04-23,4,28.72,16.39,28.11
2026-04-23,5,29.12,16.62,28.37
2026-04-23,6,32.32,19.57,31.46
2026-04-23,7,32.32,19.77,31.27
2026-04-23,8,36,22,35.55
2026-04-23,9,30.75,19.85,31.77
2026-04-23,10,28.78,18.02,31.9
2026-04-23,11,26.77,18.4,35.74
2026-04-23,12,27.28,15.08,33.5
2026-04-23,13,30.3,14.51,35.66
2026-04-23,14,30.14,16,40.43
2026-04-23,15,30.99,16.95,43.62
2026-04-23,16,33.06,18.13,39.99
2026-04-23,17,35.36,17.11,40.6
2026-04-23,18,46.46,23.57,40.08
2026-04-23,19,53.38,29.78,49.47
2026-04-23,20,64.88,42.43,60.52
2026-04-23,21,59.4,39.53,56.39
2026-04-23,22,63.22,41.88,60.07
2026-04-23,23,50.91,35.41,48.75
2026-04-23,24,35.85,25.74,34.91
2026-04-24,1,31.11,20.71,30.28
2026-04-24,2,27.89,19.33,27.29
2026-04-24,3,27.23,19.03,26.55
2026-04-24,4,24.36,18.5,23.82
2026-04-24,5,27.3,22.58,26.82
2026-04-24,6,29.2,27.15,29.01
2026-04-24,7,36.22,34.18,35.84
2026-04-24,8,40.01,38.12,38.83
2026-04-24,9,33.27,30.75,31.41
2026-04-24,10,35.84,28.13,33.6
2026-04-24,11,36.64,26.4,32.47
2026-04-24,12,51.19,26.19,36.87
2026-04-24,13,53.28,28.51,40.44
2026-04-24,14,54.94,28.11,43.84
2026-04-24,15,62.53,33.26,50.3
2026-04-24,16,76.68,39.77,56.16
2026-04-24,17,90.4,49.17,65.37
2026-04-24,18,103.16,49.33,67.23
2026-04-24,19,159.71,127.83,130.06
2026-04-24,20,245.47,246.95,237.81
2026-04-24,21,246.44,244.09,235.74
2026-04-24,22,274.61,268.11,266.76
2026-04-24,23,175.38,170.06,172.56
2026-04-24,24,60.78,56.23,58.53
2026-04-25,1,35.32,33.1,34.65
2026-04-25,2,26.69,23.6,26.13
2026-04-25,3,22.15,19.92,21.42
2026-04-25,4,21.28,19.14,18.96
2026-04-25,5,20.28,17.86,16.32
2026-04-25,6,23.87,20.46,19.72
2026-04-25,7,31.76,26.08,25.01
2026-04-25,8,24.63,21.25,19.24
2026-04-25,9,25.1,14.36,16.05
2026-04-25,10,29.55,13.27,20.48
2026-04-25,11,35.21,12.66,23.71
2026-04-25,12,38.42,11.69,26.47
2026-04-25,13,40.3,12,29.91
2026-04-25,14,39.92,14.87,29.45
2026-04-25,15,50.39,18.3,35.01
2026-04-25,16,53.8,23.66,38.33
2026-04-25,17,73.87,27.92,46.69
2026-04-25,18,73.39,31.13,45.92
2026-04-25,19,77.36,44.68,51.3
2026-04-25,20,97.23,75.81,80.03
2026-04-25,21,83.09,73.56,74.37
2026-04-25,22,78.02,64.07,68.09
2026-04-25,23,44.17,44.24,43.75
2026-04-25,24,28.53,26.58,27.43
2026-04-26,1,29.41,27.06,26.05
2026-04-26,2,26.31,24.09,22.65
2026-04-26,3,24.34,20.17,19.64
2026-04-26,4,23.46,19.59,17.27
2026-04-26,5,23.13,20,17.03
2026-04-26,6,25.39,21.54,17.69
2026-04-26,7,32.01,23.91,21.96
2026-04-26,8,32.59,22.43,19.99
2026-04-26,9,31.39,17.26,16.22
2026-04-26,10,35.92,13.62,16.76
2026-04-26,11,41.74,12,19.29
2026-04-26,12,57.94,11.21,25.9
2026-04-26,13,68,11.86,29.91
2026-04-26,14,75.85,12.26,33.81
2026-04-26,15,74.78,14.22,31.7
2026-04-26,16,86.97,24.16,39.63
2026-04-26,17,98.06,29.01,47.35
2026-04-26,18,92.5,29.38,39.67
2026-04-26,19,109.83,47.42,59.17
2026-04-26,20,84.24,55.75,54.39
2026-04-26,21,65.23,47.73,47.04
2026-04-26,22,58.62,36.47,43.24
2026-04-26,23,38.87,29.34,34.84
2026-04-26,24,31.69,21.38,27.93
2026-04-27,1,23.43,24.39,25.02
2026-04-27,2,20.86,20.94,21.92
2026-04-27,3,20.5,19.54,21.05
2026-04-27,4,20.12,19.6,20.85
2026-04-27,5,21.84,20.33,21.95
2026-04-27,6,25.41,23.13,24.71
2026-04-27,7,28.32,25.75,27.62
2026-04-27,8,31.05,24.94,28.23
2026-04-27,9,26.35,21.47,25.94
2026-04-27,10,32.03,14.95,26.99
2026-04-27,11,31.65,16.03,38.44
2026-04-27,12,36.2,18.89,47.49
2026-04-27,13,41.84,23.3,52.55
2026-04-27,14,49.9,32.55,47.16
2026-04-27,15,78.37,46.59,50.85
2026-04-27,16,101.04,60.66,57.5
2026-04-27,17,123.4,70.14,63.42
2026-04-27,18,138.33,82.84,66.27
2026-04-27,19,262.28,209.04,200.99
2026-04-27,20,485.56,529.59,457.55
2026-04-27,21,445.35,496.95,407.77
2026-04-27,22,472.17,503.8,431.44
2026-04-27,23,403.89,415.25,383.5
2026-04-27,24,128.88,126.91,124.99
2026-04-28,1,54.11,53.94,52.34
2026-04-28,2,34.74,32.94,33.74
2026-04-28,3,36.13,34.22,35.14
2026-04-28,4,34.32,32.94,33.67
2026-04-28,5,34.91,32.96,34.02
2026-04-28,6,37.09,35.51,36.31
2026-04-28,7,39.65,37.99,38.47
2026-04-28,8,37.69,37.87,36.99
2026-04-28,9,30.69,30.82,30.1
2026-04-28,10,26.94,21.32,23.5
2026-04-28,11,27.42,21.68,26.09
2026-04-28,12,35.84,21.66,32.54
2026-04-28,13,47.26,24.29,41.17
2026-04-28,14,63.49,29.93,48.4
2026-04-28,15,83.03,35.35,54.79
2026-04-28,16,92.11,42.83,61.47
2026-04-28,17,119.34,52.87,63.21
2026-04-28,18,135.49,58.59,58.86
2026-04-28,19,195.69,114.51,109.41
2026-04-28,20,248.95,262.02,209.93
2026-04-28,21,234.77,243.77,192.71
2026-04-28,22,204.97,206.49,174.07
2026-04-28,23,161.06,150.6,146.28
2026-04-28,24,62.12,52.6,56.29
2026-04-29,1,42.16,36.96,39.35
2026-04-29,2,37.24,32.52,34.91
2026-04-29,3,36.58,31.93,34.48
2026-04-29,4,33.92,28.98,31.78
2026-04-29,5,31.14,26.22,29.14
2026-04-29,6,34.23,30.11,32.55
2026-04-29,7,31.31,27.62,29.75
2026-04-29,8,34.69,32.11,33.6
2026-04-29,9,28.11,27.5,27.86
2026-04-29,10,26.42,26.07,26.74
2026-04-29,11,25.65,25.6,28.98
2026-04-29,12,28.28,27.94,33.67
2026-04-29,13,30.43,29.7,38.17
2026-04-29,14,33.66,29.81,42.56
2026-04-29,15,43.66,30.95,45.57
2026-04-29,16,54.51,37.41,53.46
2026-04-29,17,68.26,45.98,60.68
2026-04-29,18,70.16,55.24,62.48
2026-04-29,19,80.86,75.23,75.81
2026-04-29,20,78.64,81.36,77.35
2026-04-29,21,76.13,77.4,74.79
2026-04-29,22,64.62,63.7,62.82
2026-04-29,23,54.85,53.6,53.76
2026-04-29,24,37.34,35.69,36.56
2026-04-30,1,39.25,34.91,36.51
2026-04-30,2,39.16,35.69,36.84
2026-04-30,3,37.44,34.86,35.23
2026-04-30,4,40.01,36.09,36.8
2026-04-30,5,42.36,37.98,38.74
2026-04-30,6,50.52,44.09,45.68
2026-04-30,7,55.68,49.33,49.46
2026-04-30,8,55.06,50.53,50.46
2026-04-30,9,53.47,50.54,48.58
2026-04-30,10,44.09,42.38,39.11
2026-04-30,11,40.24,38.12,37.37
2026-04-30,12,39.34,36.42,37.16
2026-04-30,13,37.44,34.92,36.56
2026-04-30,14,40.42,36.51,39.43
2026-04-30,15,38.44,35.82,39.22
2026-04-30,16,43.2,36.55,42.07
2026-04-30,17,49.46,44.78,49.65
2026-04-30,18,63.67,61.3,60.89
2026-04-30,19,45.83,44.8,44.35
2026-04-30,20,47.89,45.93,46.42
2026-04-30,21,46,44.23,44.87
2026-04-30,22,53.43,51.7,52.27
2026-04-30,23,41.24,39.42,40.08
2026-04-30,24,34.3,32.51,33.47
2026-05-01,1,51.25,50.56,50.9
2026-05-01,2,40.44,39.9,40.12
2026-05-01,3,39.59,39.2,39.43
2026-05-01,4,34.98,34.44,34.81
2026-05-01,5,32.13,31.56,31.93
2026-05-01,6,27.81,27.27,27.55
2026-05-01,7,28.74,28.47,28.59
2026-05-01,8,26.78,26.57,26.63
2026-05-01,9,25.23,25.06,25.12
2026-05-01,10,27.62,27.25,28.3
2026-05-01,11,22.7,22.81,24.41
2026-05-01,12,22.9,22.89,24.73
2026-05-01,13,20.97,20.42,23.03
2026-05-01,14,20.37,19.68,22.21
2026-05-01,15,20.76,20.62,22.7
2026-05-01,16,19.78,20.47,21.23
2026-05-01,17,20.78,21.5,21.59
2026-05-01,18,21.32,21.7,21.74
2026-05-01,19,27.66,28.14,28.09
2026-05-01,20,32.77,33.69,32.88
2026-05-01,21,41.12,42.44,40.98
2026-05-01,22,47.39,48.79,46.53
2026-05-01,23,54.44,56.26,53.49
2026-05-01,24,42.85,46.2,43.19
2026-05-02,1,51.26,56.62,51.13
2026-05-02,2,40.88,46.65,43.13
2026-05-02,3,40.37,44.83,41.35
2026-05-02,4,37.02,40.63,37.67
2026-05-02,5,34.51,38.05,35.34
2026-05-02,6,36.69,40.13,37.07
2026-05-02,7,40.78,43.28,37.79
2026-05-02,8,26.46,26.68,25.87
2026-05-02,9,11.55,11.54,11.32
2026-05-02,10,3.51,3.3,3.14
2026-05-02,11,3.58,1.88,3.87
2026-05-02,12,4.17,2.09,5.44
2026-05-02,13,4.56,2.64,5.87
2026-05-02,14,5.64,3.09,6.99
2026-05-02,15,7.95,3.61,8.19
2026-05-02,16,9.67,3.75,7.59
2026-05-02,17,9.83,6.64,9.46
2026-05-02,18,14.63,11.25,13.01
2026-05-02,19,21.42,20.74,20.97
2026-05-02,20,67.64,68.38,67.47
2026-05-02,21,74.79,73.45,73.16
2026-05-02,22,67.41,62.57,63.11
2026-05-02,23,46.71,41.14,43.26
2026-05-02,24,33.85,27.69,29.91
2026-05-03,1,27.5,19.49,22.64
2026-05-03,2,25.39,18.28,20.89
2026-05-03,3,22.54,16.6,18.85
2026-05-03,4,21.54,16,17.71
2026-05-03,5,20.7,15.82,16.89
2026-05-03,6,22.19,17.12,18.38
2026-05-03,7,23.71,18.62,19.44
2026-05-03,8,17.79,14.32,13.89
2026-05-03,9,4.56,-0.35,1.45
2026-05-03,10,5.44,-2,1.41
2026-05-03,11,6.69,-2.99,2.1
2026-05-03,12,7.77,-2.41,4.68
2026-05-03,13,9.31,-1.32,6.74
2026-05-03,14,12.05,0.05,9.61
2026-05-03,15,16.07,1.4,14.89
2026-05-03,16,16.88,3.59,17.02
2026-05-03,17,19.96,7.06,20.05
2026-05-03,18,22.17,10.24,21.82
2026-05-03,19,28.38,17.19,26.12
2026-05-03,20,36.73,36.14,36.48
2026-05-03,21,34.97,34.12,34.29
2026-05-03,22,27.82,25.85,27
2026-05-03,23,24.37,21.99,23.79
2026-05-03,24,18.99,16.96,18.58
2026-05-04,1,18.79,18.98,19.3
2026-05-04,2,17.82,17.94,18.47
2026-05-04,3,14.55,14.67,15.01
2026-05-04,4,15.08,15.19,15.66
2026-05-04,5,15.75,15.94,16.29
2026-05-04,6,20.01,20.38,20.45
2026-05-04,7,17.82,18.17,17.87
2026-05-04,8,16.6,16.3,16.04
2026-05-04,9,8.32,1.91,5.92
2026-05-04,10,3.06,-1.6,4.03
2026-05-04,11,1.69,-1.07,5.41
2026-05-04,12,6.62,-0.37,8.87
2026-05-04,13,8.61,-0.14,10.98
2026-05-04,14,17.04,3.06,21.22
2026-05-04,15,17.76,5.78,27.09
2026-05-04,16,19.82,11.32,36
2026-05-04,17,22.35,17.04,35.7
2026-05-04,18,24.8,18.01,31.84
2026-05-04,19,30.27,24.49,32.28
2026-05-04,20,32.44,35.23,34.4
2026-05-04,21,31.74,32.08,33.06
2026-05-04,22,33.39,33.42,34.39
2026-05-04,23,32.55,33.2,33.39
2026-05-04,24,21.72,21.76,22.05
2026-05-05,1,20.17,20.59,20.06
2026-05-05,2,18.64,18.73,18.4
2026-05-05,3,18.21,18.42,18.19
2026-05-05,4,18.82,18.79,18.58
2026-05-05,5,19.48,19.19,19.24
2026-05-05,6,20.4,20.5,20.41
2026-05-05,7,20.9,19.62,20.32
2026-05-05,8,22.23,20.82,21.57
2026-05-05,9,20.02,20.07,21.07
2026-05-05,10,17.65,18.66,19.72
2026-05-05,11,17.07,19.32,21.8
2026-05-05,12,17.13,19.14,25.64
2026-05-05,13,18.19,22.06,29.49
2026-05-05,14,19.63,24.64,32.18
2026-05-05,15,24.91,28.57,32.49
2026-05-05,16,33.7,37.28,35.14
2026-05-05,17,44.83,54,36.84
2026-05-05,18,58.51,62.81,39.23
2026-05-05,19,77.8,79.56,56.17
2026-05-05,20,97.91,105.29,83.67
2026-05-05,21,80.56,85.33,68.27
2026-05-05,22,100.79,92.58,86.01
2026-05-05,23,73.1,61.31,60.47
2026-05-05,24,59.67,45.64,45.95
2026-05-06,1,53.68,42.99,44.17
2026-05-06,2,47.14,38.03,38.08
2026-05-06,3,45.2,38.6,38.47
2026-05-06,4,47.07,40.89,41.55
2026-05-06,5,44.38,38.31,39.58
2026-05-06,6,52.64,45.33,47.32
2026-05-06,7,61.16,55.41,57.9
2026-05-06,8,56.82,53.55,54.4
2026-05-06,9,68.39,67.9,67.88
2026-05-06,10,43.67,43.59,43.6
2026-05-06,11,39.92,38.29,39.26
2026-05-06,12,39.13,34.3,36.97
2026-05-06,13,44.06,31.41,37.3
2026-05-06,14,52.35,30.05,39.62
2026-05-06,15,58.37,28.11,42.1
2026-05-06,16,70.04,26.66,48.2
2026-05-06,17,74.91,26.41,47.98
2026-05-06,18,86.36,30.39,51.76
2026-05-06,19,87.5,37.45,57.64
2026-05-06,20,71.57,42.55,54.18
2026-05-06,21,60.26,40.78,51.46
2026-05-06,22,53.67,39.71,48.9
2026-05-06,23,37.76,27.52,34.07
2026-05-06,24,28.38,20.58,25.69
2026-05-07,1,26,23.21,24.97
2026-05-07,2,28.17,25.75,27.3
2026-05-07,3,27.07,24.98,26.32
2026-05-07,4,24.18,22.72,23.67
2026-05-07,5,23.91,23.21,23.67
2026-05-07,6,28.57,28.21,28.42
2026-05-07,7,36.16,36.28,36
2026-05-07,8,35.01,35.08,34.4
2026-05-07,9,22.63,22.35,22.4
2026-05-07,10,20.76,18.12,20.58
2026-05-07,11,20.7,17.04,20.56
2026-05-07,12,19.55,14.39,20.32
2026-05-07,13,19.71,13.22,21.36
2026-05-07,14,18.46,13.83,19.91
2026-05-07,15,19.28,15.24,20.51
2026-05-07,16,19.65,15.74,20.42
2026-05-07,17,23.31,19.43,23.33
2026-05-07,18,24.21,21.72,22.67
2026-05-07,19,33.2,32.7,33.01
2026-05-07,20,47.76,46.99,46.83
2026-05-07,21,52.4,51.17,51.6
2026-05-07,22,40.62,38.7,39.88
2026-05-07,23,28.14,24.84,26.87
2026-05-07,24,23.26,20.28,21.95
2026-05-08,1,26.04,21.67,24.3
2026-05-08,2,26.92,22.44,24.97
2026-05-08,3,26.79,22.66,24.98
2026-05-08,4,26.42,21,23.93
2026-05-08,5,26.37,20.81,23.75
2026-05-08,6,28.3,23.07,25.36
2026-05-08,7,31.2,26.35,28.56
2026-05-08,8,31.13,27.26,28.99
2026-05-08,9,26.7,24.48,24.67
2026-05-08,10,24.87,21.87,21.35
2026-05-08,11,24.45,19.34,19.78
2026-05-08,12,25.91,17.96,20.07
2026-05-08,13,25.75,16.97,19.88
2026-05-08,14,25.22,16.28,19.76
2026-05-08,15,24.65,16.97,19.66
2026-05-08,16,27.28,17.93,21.77
2026-05-08,17,25.49,19.9,21.6
2026-05-08,18,32.56,28.61,29.71
2026-05-08,19,42.99,42.09,42.55
2026-05-08,20,53.23,51.72,52.39
2026-05-08,21,50.77,48.72,49.5
2026-05-08,22,45.58,43.07,44.33
2026-05-08,23,37.31,34.74,36.19
2026-05-08,24,32.5,30.82,31.83
2026-05-09,1,39.18,36.23,38.02
2026-05-09,2,37.61,34.86,36.54
2026-05-09,3,41.21,39.2,40.44
2026-05-09,4,40.77,38.12,39.53
2026-05-09,5,41.25,38.4,40
2026-05-09,6,38.8,35.44,37.1
2026-05-09,7,39.1,36.15,37.43
2026-05-09,8,33.99,31.69,31.62
2026-05-09,9,21.3,20.9,20.38
2026-05-09,10,21.14,19.87,19.03
2026-05-09,11,22.68,19.16,19.04
2026-05-09,12,20.64,17.12,18.11
2026-05-09,13,23.48,15.62,18.91
2026-05-09,14,28.69,17.11,21.98
2026-05-09,15,30.17,17.75,23.18
2026-05-09,16,33.62,19.57,24.27
2026-05-09,17,41.55,21.9,28.83
2026-05-09,18,47.14,23.77,31.6
2026-05-09,19,51.55,38.23,42.12
2026-05-09,20,54.01,53.39,53.7
2026-05-09,21,48.84,46.34,47.87
2026-05-09,22,38.05,32.37,33.88
2026-05-09,23,31.73,24.39,28.09
2026-05-09,24,27.52,20.58,24.83
2026-05-10,1,25.58,18.56,23.61
2026-05-10,2,25.83,19.01,23.9
2026-05-10,3,22.27,18.65,21.36
2026-05-10,4,21.29,18.29,20.11
2026-05-10,5,21.34,19.54,20.37
2026-05-10,6,20.9,19.24,20.06
2026-05-10,7,21.75,20,19.28
2026-05-10,8,20.24,18.03,17.94
2026-05-10,9,17.62,14.27,14.02
2026-05-10,10,18.71,12.22,14.42
2026-05-10,11,20.83,13.04,16.16
2026-05-10,12,28.66,13.62,20.02
2026-05-10,13,33.14,13.32,22.76
2026-05-10,14,40.21,15.15,27.75
2026-05-10,15,45.94,15.2,28.98
2026-05-10,16,48.88,15.14,30.89
2026-05-10,17,51.4,16.73,30.02
2026-05-10,18,48.37,18.32,30.46
2026-05-10,19,49.4,19.38,32.89
2026-05-10,20,53.97,24.31,40.13
2026-05-10,21,43.73,39.64,41.36
2026-05-10,22,46.58,45.95,46.32
2026-05-10,23,38.13,37.72,38
2026-05-10,24,31.46,31.2,31.38
2026-05-11,1,35.14,34.67,35.05
2026-05-11,2,31.53,31.02,31.37
2026-05-11,3,30.95,30.41,30.8
2026-05-11,4,30.23,28.99,29.82
2026-05-11,5,30.82,29.23,30.25
2026-05-11,6,34.98,33.18,34.11
2026-05-11,7,37.64,36.12,36.95
2026-05-11,8,37.38,35.96,36.35
2026-05-11,9,27.25,25.95,26.44
2026-05-11,10,22.8,21.84,21.87
2026-05-11,11,23.06,20.43,20.5
2026-05-11,12,21.66,17.15,19.34
2026-05-11,13,21.81,17.05,20.45
2026-05-11,14,24.18,17.1,22.06
2026-05-11,15,28.35,18.27,25.32
2026-05-11,16,30.99,18.75,26.92
2026-05-11,17,32.11,20.55,28.12
2026-05-11,18,41.24,25.48,32.12
2026-05-11,19,65.57,58.93,60.52
2026-05-11,20,131.14,125.44,120.77
2026-05-11,21,140.24,123.97,116.19
2026-05-11,22,97.59,84.63,80.1
2026-05-11,23,53.89,45.34,47.12
2026-05-11,24,34.13,30.08,31.93
2026-05-12,1,24.5,20.19,22.58
2026-05-12,2,23.96,19.65,21.47
2026-05-12,3,23.11,19.48,21.42
2026-05-12,4,22.25,18.01,20.1
2026-05-12,5,20.91,17.54,19.11
2026-05-12,6,24.11,20.45,22.02
2026-05-12,7,28,23.89,25.14
2026-05-12,8,21.5,19.32,19.45
2026-05-12,9,17.68,6.39,10.35
2026-05-12,10,18.55,3.11,9.9
2026-05-12,11,18.99,2.98,10.13
2026-05-12,12,21.99,4.32,12.97
2026-05-12,13,25.38,4.93,17.55
2026-05-12,14,29.17,8.24,22.36
2026-05-12,15,35.81,10.04,27.08
2026-05-12,16,39.47,14.2,32
2026-05-12,17,46.93,16.38,32.66
2026-05-12,18,48.03,16.28,30.5
2026-05-12,19,49.91,24.42,33.62
2026-05-12,20,75.56,66.71,68.09
2026-05-12,21,68.41,64.85,66.57
2026-05-12,22,44.46,40.46,43.19
2026-05-12,23,29.39,24.57,27.86
2026-05-12,24,22.64,16.99,20.92
2026-05-13,1,23.86,18.77,22.76
2026-05-13,2,20.88,17.05,19.97
2026-05-13,3,18.53,16.39,17.87
2026-05-13,4,19.73,17.66,19.06
2026-05-13,5,20.86,19.03,20.26
2026-05-13,6,26.64,25.15,26.15
2026-05-13,7,28.67,27.79,28.23
2026-05-13,8,20.07,19.66,19.65
2026-05-13,9,7.33,6.73,7.14
2026-05-13,10,9.41,6.16,8.96
2026-05-13,11,12.66,10.07,12.13
2026-05-13,12,15.88,12.74,15.68
2026-05-13,13,18.03,13.56,17.82
2026-05-13,14,26.76,15.72,23.89
2026-05-13,15,34.8,17.71,30.02
2026-05-13,16,37.87,16.17,30.96
2026-05-13,17,39.74,18.17,30.08
2026-05-13,18,40.14,19.44,29.54
2026-05-13,19,43.35,29.22,32.28
2026-05-13,20,62.47,60.94,60.07
2026-05-13,21,46.93,48.1,46.92
2026-05-13,22,37.33,40.93,37.86
2026-05-13,23,24.89,23.25,24.74
2026-05-13,24,21.25,18.35,21.2
2026-05-14,1,24.1,21.03,23.75
2026-05-14,2,24.49,21.55,23.87
2026-05-14,3,22.93,20.08,22.31
2026-05-14,4,22.96,19.54,21.89
2026-05-14,5,23.15,19.61,21.41
2026-05-14,6,24.63,20.67,22.99
2026-05-14,7,24.57,21.19,22.69
2026-05-14,8,20.03,16.86,18.33
2026-05-14,9,14.79,10.02,12.51
2026-05-14,10,13.59,5.13,13.33
2026-05-14,11,18.19,8.75,16.86
2026-05-14,12,21.87,12.61,20.18
2026-05-14,13,28.01,16.25,27.35
2026-05-14,14,34.56,20.26,38.04
2026-05-14,15,32.67,23.7,39.77
2026-05-14,16,32.82,26.7,42.8
2026-05-14,17,32.32,28.7,37.72
2026-05-14,18,33.94,32.41,32.2
2026-05-14,19,34.39,39.62,33.81
2026-05-14,20,37.48,51.08,40.73
2026-05-14,21,39.01,46.18,41.44
2026-05-14,22,37.65,44.31,40.22
2026-05-14,23,29.91,34.63,31.83
2026-05-14,24,22.1,24.32,23.61
2026-05-15,1,21.77,21.72,23.5
2026-05-15,2,21.65,19.61,22.6
2026-05-15,3,20.96,18.96,21.83
2026-05-15,4,20.48,18.21,21.48
2026-05-15,5,20.74,18.37,21.46
2026-05-15,6,21.23,18.71,21.78
2026-05-15,7,22.03,19.5,22.32
2026-05-15,8,19.72,18.88,20.84
2026-05-15,9,14.95,16.02,16.95
2026-05-15,10,12.58,13.46,17.89
2026-05-15,11,12.14,14.51,20.31
2026-05-15,12,15.16,18.23,29.82
2026-05-15,13,18,17.91,33.2
2026-05-15,14,23.92,20.81,39.98
2026-05-15,15,25.65,24.05,35.04
2026-05-15,16,29.45,24.04,36.19
2026-05-15,17,27.88,27.03,34.74
2026-05-15,18,29.51,34.32,31.82
2026-05-15,19,36.38,36.6,36.38
2026-05-15,20,33.47,34.65,34.64
2026-05-15,21,30.54,31.58,31.18
2026-05-15,22,29.65,30.38,30.5
2026-05-15,23,25.37,27.34,26.64
2026-05-15,24,21.52,22.81,22.73
2026-05-16,1,23.03,24.17,24.07
2026-05-16,2,20.19,21.89,21.34
2026-05-16,3,19.41,19.72,20.06
2026-05-16,4,18.76,18.79,19.68
2026-05-16,5,18.37,17.74,19.02
2026-05-16,6,19.78,19.07,21.48
2026-05-16,7,18.07,17.86,19.07
2026-05-16,8,17.8,17.64,20.37
2026-05-16,9,11.25,12.09,15.86
2026-05-16,10,5.11,6.76,18.5
2026-05-16,11,5.89,7.38,22.99
2026-05-16,12,8.79,10.6,30.17
2026-05-16,13,13.6,14.83,35.49
2026-05-16,14,17.43,22.28,37.36
2026-05-16,15,19.28,22.11,33.48
2026-05-16,16,19.97,19,30.24
2026-05-16,17,19.92,21.3,30.47
2026-05-16,18,22.61,22.25,27.62
2026-05-16,19,21.66,26.95,28.25
2026-05-16,20,31.54,34.82,34.83
2026-05-16,21,31,34.12,33.55
2026-05-16,22,28.37,30.11,30.19
2026-05-16,23,27.99,29.57,29.41
2026-05-16,24,22.97,24.26,24.51
2026-05-17,1,21.92,25.09,23.83
2026-05-17,2,19.86,22.39,21.67
2026-05-17,3,18.26,19.3,19.43
2026-05-17,4,18.4,20.38,20
2026-05-17,5,18.87,20.59,20.04
2026-05-17,6,21.42,23.52,22.95
2026-05-17,7,18.85,19.87,20.13
2026-05-17,8,17.63,19.26,19.1
2026-05-17,9,14.91,17.12,18.1
2026-05-17,10,14.48,17.75,21.53
2026-05-17,11,14.75,18.64,29.18
2026-05-17,12,14.12,18.62,30.47
2026-05-17,13,14.6,19.92,33.79
2026-05-17,14,16.54,22.39,33.88
2026-05-17,15,18.37,24.19,32.39
2026-05-17,16,17.51,24.67,29.97
2026-05-17,17,18.08,27.18,29.96
2026-05-17,18,22.25,30.4,32.44
2026-05-17,19,30.07,36.2,33.63
2026-05-17,20,29.37,36.38,33.06
2026-05-17,21,26.97,33.26,30.17
2026-05-17,22,26.66,31.89,29.56
2026-05-17,23,32.17,37.52,34.68
2026-05-17,24,25.92,30.2,28.03
2026-05-18,1,21.78,23.63,22.91
2026-05-18,2,21.07,21.51,22.05
2026-05-18,3,19.72,20.49,20.4
2026-05-18,4,19.27,20.27,20.09
2026-05-18,5,19.08,20.73,19.94
2026-05-18,6,22.87,25.34,24.19
2026-05-18,7,22.8,25.85,24.56
2026-05-18,8,21.84,25.6,23.87
2026-05-18,9,17.24,22.39,25
2026-05-18,10,16.52,23.62,35.8
2026-05-18,11,16.54,21.92,38.77
2026-05-18,12,18.24,23.09,46.27
2026-05-18,13,18.33,22.31,40.79
2026-05-18,14,22.64,28.82,40.41
2026-05-18,15,26.17,29.56,39.38
2026-05-18,16,26.26,27.34,39.02
2026-05-18,17,30.12,28.83,38.63
2026-05-18,18,32.38,29.9,35.14
2026-05-18,19,34.85,39.17,37.84
2026-05-18,20,38.62,41.04,40.61
2026-05-18,21,37.49,39.52,38.73
2026-05-18,22,34.19,35.5,34.91
2026-05-18,23,34.32,36.79,35.25
2026-05-18,24,27.33,29.34,28.16
2026-05-19,1,20.47,21.15,21.18
2026-05-19,2,19.3,19.94,20.2
2026-05-19,3,19.92,20.37,20.54
2026-05-19,4,20.45,20.44,20.75
2026-05-19,5,23.14,21.88,22.71
2026-05-19,6,26.65,25.04,26.07
2026-05-19,7,29.91,26.63,28.86
2026-05-19,8,28.21,25.68,27.44
2026-05-19,9,19.05,20.44,20.75
2026-05-19,10,19.51,21.37,25.11
2026-05-19,11,18.58,21.73,32.04
2026-05-19,12,18.28,21.39,39.29
2026-05-19,13,20.8,23.59,41.01
2026-05-19,14,24.95,24.49,38.37
2026-05-19,15,24.61,23.57,37.98
2026-05-19,16,27.55,24.85,39.41
2026-05-19,17,29.48,26.76,39.84
2026-05-19,18,29.84,28.63,34.97
2026-05-19,19,37.68,37.3,37.27
2026-05-19,20,44.71,44.19,43.17
2026-05-19,21,49.97,49,48.22
2026-05-19,22,55.51,54.01,53.54
2026-05-19,23,48.23,46.73,46.97
2026-05-19,24,39.02,37.81,38.31
2026-05-20,1,33.48,31.27,32.38
2026-05-20,2,28.71,27.07,28.03
2026-05-20,3,29.08,27.79,28.53
2026-05-20,4,28.27,26.98,27.75
2026-05-20,5,28.4,27.12,27.76
2026-05-20,6,28.31,27.55,27.95
2026-05-20,7,33.33,32.82,32.98
2026-05-20,8,32.59,32.01,32.07
2026-05-20,9,35.48,34.47,34.51
2026-05-20,10,31.07,30.35,29.54
2026-05-20,11,27.34,26.97,26.82
2026-05-20,12,25.78,25.87,27.1
2026-05-20,13,23.23,23.52,25.84
2026-05-20,14,22.67,22.76,24.96
2026-05-20,15,25.44,25.8,27.66
2026-05-20,16,29.59,30.05,32.25
2026-05-20,17,33.98,35.09,34.86
2026-05-20,18,41.04,41.07,39.82
2026-05-20,19,54.53,53.29,51.03
2026-05-20,20,62.43,61.72,60.07
2026-05-20,21,71.7,71.17,70.2
2026-05-20,22,65.21,63.81,62.37
2026-05-20,23,50.04,50.05,48.66
2026-05-20,24,40.61,40.38,39.62
2026-05-21,1,34.81,34.81,34.74
2026-05-21,2,30.69,30.85,30.76
2026-05-21,3,28.98,28.87,28.85
2026-05-21,4,29.89,29.98,29.88
2026-05-21,5,29.73,29.8,29.68
2026-05-21,6,31.07,31.42,31.18
2026-05-21,7,36.76,37.3,36.93
2026-05-21,8,38.76,39.61,39.16
2026-05-21,9,33.65,33.47,33.59
2026-05-21,10,27.5,27.49,27.5
2026-05-21,11,26.58,26.58,26.58
2026-05-21,12,25.66,25.76,25.88
2026-05-21,13,26.12,26.54,27.1
2026-05-21,14,26.6,27.09,27.39
2026-05-21,15,24.57,25.25,25.63
2026-05-21,16,24.1,24.74,25.2
2026-05-21,17,25.52,25.54,26
2026-05-21,18,28.21,27.53,27.93
2026-05-21,19,29.01,28.2,28.7
2026-05-21,20,41.17,40.31,40.84
2026-05-21,21,45.88,44.75,45.45
2026-05-21,22,47.15,45.99,46.71
2026-05-21,23,36.84,35.96,36.51
2026-05-21,24,32.41,31.04,31.9
2026-05-22,1,29.74,28.84,29.39
2026-05-22,2,27.35,26.8,27.09
2026-05-22,3,27.54,27.23,27.44
2026-05-22,4,26.84,26.73,26.81
2026-05-22,5,27.37,27.45,27.43
2026-05-22,6,28.99,29.03,29.03
2026-05-22,7,34.96,35.03,35.01
2026-05-22,8,31.95,31.97,31.95
2026-05-22,9,23.22,23.2,23.19
2026-05-22,10,21.37,21.3,21.29
2026-05-22,11,18.91,18.83,18.89
2026-05-22,12,19.81,18.39,19.59
2026-05-22,13,22.04,17.62,21.28
2026-05-22,14,26.75,18.36,24.17
2026-05-22,15,32.72,20.63,25.69
2026-05-22,16,33.57,24.04,28.68
2026-05-22,17,35.87,27.69,31.27
2026-05-22,18,32.51,25.78,28.01
2026-05-22,19,38.53,37.26,37.51
2026-05-22,20,43.86,43.84,43.82
2026-05-22,21,48.03,48.03,47.99
2026-05-22,22,43.41,43.42,43.38
2026-05-22,23,38.13,38.15,38.13
2026-05-22,24,31.08,31.12,31.1
2026-05-23,1,24.32,24.36,24.31
2026-05-23,2,23.3,23.33,23.31
2026-05-23,3,23.46,23.51,23.47
2026-05-23,4,23.17,23.23,23.2
2026-05-23,5,22.79,22.83,22.81
2026-05-23,6,21.86,21.89,21.87
2026-05-23,7,23.34,23.38,23.36
2026-05-23,8,22.13,22.15,22.14
2026-05-23,9,19.94,19.94,19.94
2026-05-23,10,18.5,18.5,18.5
2026-05-23,11,18.34,18.33,18.33
2026-05-23,12,17.96,17.99,18.23
2026-05-23,13,17.16,17.2,17.67
2026-05-23,14,18.39,18.35,18.88
2026-05-23,15,18.95,18.95,19.2
2026-05-23,16,18.79,18.77,18.93
2026-05-23,17,20.34,20.34,20.41
2026-05-23,18,23.92,23.92,23.92
2026-05-23,19,29.99,30,30
2026-05-23,20,32.8,32.81,32.8
2026-05-23,21,37.51,37.54,37.52
2026-05-23,22,36.12,36.16,36.14
2026-05-23,23,34.25,34.26,34.25
2026-05-23,24,34.51,34.55,34.53
2026-05-24,1,29.66,29.35,29.55
2026-05-24,2,26.32,26.2,26.3
2026-05-24,3,25.29,25.26,25.32
2026-05-24,4,24.62,24.61,24.67
2026-05-24,5,26.36,26.32,26.43
2026-05-24,6,24.31,24.48,24.45
2026-05-24,7,25.5,24.86,25.33
2026-05-24,8,21.87,21.64,21.8
2026-05-24,9,17.13,17.13,17.12
2026-05-24,10,15.82,15.82,15.82
2026-05-24,11,15.54,15.54,15.57
2026-05-24,12,15.86,15.92,16.19
2026-05-24,13,16.24,15.74,16.31
2026-05-24,14,17.85,17.25,18.1
2026-05-24,15,19.21,18.31,19.01
2026-05-24,16,21.47,19.41,20.38
2026-05-24,17,22.21,20.88,21.72
2026-05-24,18,23.61,22.21,22.58
2026-05-24,19,30.58,30.29,30.49
2026-05-24,20,49.31,49.04,49.2
2026-05-24,21,52.6,51.8,52.29
2026-05-24,22,44.53,43.9,44.28
2026-05-24,23,39.51,38.96,39.3
2026-05-24,24,30.75,30.23,30.56
2026-05-25,1,24.53,24.02,24.32
2026-05-25,2,22.21,21.87,22.05
2026-05-25,3,21.26,21.01,21.11
2026-05-25,4,21.65,21.53,21.61
2026-05-25,5,22.28,22.18,22.21
2026-05-25,6,25.28,25.31,25.3
2026-05-25,7,26.22,26.01,26.11
2026-05-25,8,20,20,20
2026-05-25,9,13.97,13.95,13.93
2026-05-25,10,13.58,13.08,13.43
2026-05-25,11,17.36,13.01,15.24
2026-05-25,12,19.34,13.18,17.2
2026-05-25,13,20.96,14.68,19.96
2026-05-25,14,24.31,17.16,23.34
2026-05-25,15,29.02,17.68,27.65
2026-05-25,16,31.78,18.3,29.01
2026-05-25,17,32.28,18.41,27.65
2026-05-25,18,31.43,19.45,26.06
2026-05-25,19,31.01,27.41,28.07
2026-05-25,20,45.24,45.3,45.22
2026-05-25,21,49.97,49.87,49.87
2026-05-25,22,37.38,37.27,37.24
2026-05-25,23,30.8,30.7,30.74
2026-05-25,24,25.4,25.33,25.33
2026-05-26,1,26.98,27,26.99
2026-05-26,2,23.77,23.78,23.77
2026-05-26,3,23.95,23.97,23.97
2026-05-26,4,23.9,23.92,23.92
2026-05-26,5,24.39,24.43,24.41
2026-05-26,6,28.21,28.26,28.23
2026-05-26,7,23.78,23.81,23.79
2026-05-26,8,21.89,21.92,21.9
2026-05-26,9,17.03,17.05,17.04
2026-05-26,10,16.92,16.98,17.04
2026-05-26,11,16.61,16.91,17.47
2026-05-26,12,16.7,17.17,18.49
2026-05-26,13,17.97,18.63,22.31
2026-05-26,14,20.37,20.85,26.25
2026-05-26,15,21.26,21.51,28.66
2026-05-26,16,22.95,23,30.73
2026-05-26,17,26.21,25.21,32
2026-05-26,18,26.72,26.69,31.85
2026-05-26,19,36.24,35.58,34.71
2026-05-26,20,51.01,49.83,47.6
2026-05-26,21,61.75,60.04,57.71
2026-05-26,22,66.58,64.62,62.09
2026-05-26,23,61.39,60.35,57.94
2026-05-26,24,48.5,48.62,46.4
2026-05-27,1,39.91,43.95,40.15
2026-05-27,2,33.27,38.68,34.85
2026-05-27,3,30.08,36.67,32.54
2026-05-27,4,31.93,37.68,34.06
2026-05-27,5,32.68,40.18,35.77
2026-05-27,6,35.07,43.84,38.61
2026-05-27,7,36.3,43.11,39.14
2026-05-27,8,37.61,42.93,39.64
2026-05-27,9,34.55,35.42,34.7
2026-05-27,10,28.06,28.07,27.89
2026-05-27,11,24.39,24.34,24.2
2026-05-27,12,21.63,21.63,21.72
2026-05-27,13,21.92,21.93,22.27
2026-05-27,14,22.15,22.32,22.98
2026-05-27,15,22.98,23.04,23.54
2026-05-27,16,25.62,25.62,26.2
2026-05-27,17,27.84,27.76,28.22
2026-05-27,18,26.6,26.48,27.53
2026-05-27,19,35.65,35.55,35.74
2026-05-27,20,54.76,54.47,54.15
2026-05-27,21,63.96,63.54,63.33
2026-05-27,22,56.68,55.94,56.11
2026-05-27,23,47.33,47.21,47.25
2026-05-27,24,35.13,35.19,35.16
2026-05-28,1,35.18,35.22,35.22
2026-05-28,2,30.3,30.38,30.35
2026-05-28,3,28.57,28.61,28.6
2026-05-28,4,28.04,28.06,28.06
2026-05-28,5,29.35,29.39,29.4
2026-05-28,6,34.97,34.99,35.01
2026-05-28,7,37.16,37.08,36.98
2026-05-28,8,28.33,28.36,28.37
2026-05-28,9,20.39,20.36,20.46
2026-05-28,10,21.05,21.15,21.58
2026-05-28,11,22.64,21.48,23.79
2026-05-28,12,26.41,23.72,28.3
2026-05-28,13,29.27,25.66,31.46
2026-05-28,14,35.77,29.21,37.99
2026-05-28,15,39.97,32.23,42.16
2026-05-28,16,41.37,38.7,48.24
2026-05-28,17,50.1,46.89,52.1
2026-05-28,18,45.56,37.32,45.76
2026-05-28,19,63.78,61.94,66.36
2026-05-28,20,110.41,111.78,111.17
2026-05-28,21,103.77,105.23,104.39
2026-05-28,22,77.79,77.93,78.12
2026-05-28,23,63.24,63.3,63.47
2026-05-28,24,36.18,36.17,36.27
2026-05-29,1,30.73,30.76,30.8
2026-05-29,2,24.11,24.13,24.14
2026-05-29,3,22.72,22.72,22.69
2026-05-29,4,23.01,23.02,23.01
2026-05-29,5,23.65,23.67,23.65
2026-05-29,6,24.5,24.49,24.46
2026-05-29,7,26.64,26.44,26.22
2026-05-29,8,21.84,21.76,21.78
2026-05-29,9,15.3,15.44,16.15
2026-05-29,10,16.52,14.74,17.63
2026-05-29,11,19.29,14.2,20.38
2026-05-29,12,23.9,14.97,26.02
2026-05-29,13,30.96,18.71,36.11
2026-05-29,14,36.27,22.59,43.07
2026-05-29,15,41.12,29.07,53.04
2026-05-29,16,46.79,30.72,63.58
2026-05-29,17,44.42,33.24,54.35
2026-05-29,18,42.7,32.1,54.04
2026-05-29,19,45.07,46.55,57.06
2026-05-29,20,64.04,65.91,68.03
2026-05-29,21,60.26,60.5,60.85
2026-05-29,22,59.14,60.17,59.5
2026-05-29,23,36.94,37.52,37.2
2026-05-29,24,26,26.32,26.62
2026-05-30,1,23.51,23.7,23.69
2026-05-30,2,21.86,22.02,22.02
2026-05-30,3,21.08,21.2,21.37
2026-05-30,4,21.16,21.31,21.41
2026-05-30,5,21.3,21.31,21.48
2026-05-30,6,22.93,23.11,23.16
2026-05-30,7,20.9,20.85,21
2026-05-30,8,18.98,18.54,18.92
2026-05-30,9,16.48,15.6,16.83
2026-05-30,10,16.8,15.25,17.41
2026-05-30,11,17.5,15.28,19.73
2026-05-30,12,21.91,17.09,26.33
2026-05-30,13,27.27,19.87,32.98
2026-05-30,14,34.19,20.36,38.1
2026-05-30,15,35.07,21.27,37.18
2026-05-30,16,36,24.01,40.63
2026-05-30,17,35.5,25.02,40.23
2026-05-30,18,35,26.96,37.4
2026-05-30,19,31.68,32.21,35.88
2026-05-30,20,32.94,40.24,36.51
2026-05-30,21,37.05,42.37,39.24
2026-05-30,22,33.1,35.96,34.49
2026-05-30,23,25.86,27.62,26.55
2026-05-30,24,23.34,23.77,23.62
2026-05-31,1,23.09,22.25,22.75
2026-05-31,2,21.93,21.29,21.72
2026-05-31,3,21.61,20.98,21.44
2026-05-31,4,21.21,20.71,21.01
2026-05-31,5,21.03,20.55,20.78
2026-05-31,6,22.43,22.02,22.21
2026-05-31,7,21.77,21.47,21.47
2026-05-31,8,18.4,17.96,18.56
2026-05-31,9,18.82,7.28,12.73
2026-05-31,10,20.33,9.2,15.19
2026-05-31,11,21.27,14.23,19.84
2026-05-31,12,21.04,18.13,22.9
2026-05-31,13,25.74,20.53,27.69
2026-05-31,14,29.78,24.53,31.96
2026-05-31,15,34.8,29.59,36.65
2026-05-31,16,35.17,32.76,36.65
2026-05-31,17,36.33,36.9,35.88
2026-05-31,18,36.09,33.22,33.09
2026-05-31,19,34.38,36.9,34.9
2026-05-31,20,47.85,53.3,48.59
2026-05-31,21,48.56,51.74,49.21
2026-05-31,22,43.08,44.78,43.53
2026-05-31,23,36.82,36.9,36.8
2026-05-31,24,27.26,26.85,27.09
2026-06-01,1,28,26.24,27.32
2026-06-01,2,25.28,24.34,24.86
2026-06-01,3,23.89,23.38,23.61
2026-06-01,4,23.55,23,23.19
2026-06-01,5,23.39,22.79,22.87
2026-06-01,6,24.78,24.5,24.44
2026-06-01,7,30.39,30.19,30.08
2026-06-01,8,25.78,25.67,25.61
2026-06-01,9,20.76,17,18.24
2026-06-01,10,23.93,15.13,18.29
2026-06-01,11,28.97,17.67,22.37
2026-06-01,12,39.93,21.45,30.58
2026-06-01,13,45.56,25.41,36.07
2026-06-01,14,56,32.68,42.09
2026-06-01,15,56.07,35.88,44.07
2026-06-01,16,60.29,37.22,46.74
2026-06-01,17,53.54,41.73,44.71
2026-06-01,18,54.6,35.55,38.78
2026-06-01,19,52.43,44.08,41.09
2026-06-01,20,60.03,63.5,57.97
2026-06-01,21,70.79,76.75,71.34
2026-06-01,22,67.25,67.88,67.08
2026-06-01,23,43.14,42.71,42.93
2026-06-01,24,33.14,32,32.7
2026-06-02,1,27.12,24.88,26.22
2026-06-02,2,26.32,24.31,25.45
2026-06-02,3,24.67,23.07,24.04
2026-06-02,4,25.65,24.36,24.9
2026-06-02,5,30.77,29.47,30.27
2026-06-02,6,35.33,34.62,35.03
2026-06-02,7,36.99,36.43,36.4
2026-06-02,8,29.29,29,29.04
2026-06-02,9,20.43,20.03,19.75
2026-06-02,10,20.53,19.39,19.23
2026-06-02,11,22.11,20.71,21.51
2026-06-02,12,28.6,22.67,26.01
2026-06-02,13,33.66,24.57,30.1
2026-06-02,14,36.38,26.17,32.12
2026-06-02,15,38.86,28.5,33.58
2026-06-02,16,39.95,30.84,34.59
2026-06-02,17,38.89,31.67,34.28
2026-06-02,18,39.19,32.55,33.73
2026-06-02,19,39.46,38.4,37.8
2026-06-02,20,47.23,46.41,46.69
2026-06-02,21,47.47,45.6,46.85
2026-06-02,22,47.18,44.99,45.4
2026-06-02,23,39.71,38.54,38.81
2026-06-02,24,32.54,31.62,31.76
2026-06-03,1,31.95,30.95,30.98
2026-06-03,2,28.69,27.56,27.44
2026-06-03,3,31.3,30.31,30.28
2026-06-03,4,33.01,31.45,31.56
2026-06-03,5,36.09,35.11,34.99
2026-06-03,6,37.74,36.89,36.75
2026-06-03,7,38.34,36.74,36.58
2026-06-03,8,34.38,32.22,32.18
2026-06-03,9,27.66,25.28,25.2
2026-06-03,10,26.4,24.27,23.1
2026-06-03,11,26.23,24.08,23.78
2026-06-03,12,26.47,24.49,25.16
2026-06-03,13,26.28,24.51,26.08
2026-06-03,14,30.95,29.22,32.35
2026-06-03,15,30.14,30.45,31.9
2026-06-03,16,31.36,33.69,32.06
2026-06-03,17,33.65,35.2,34.23
2026-06-03,18,34.02,35.85,33.45
2026-06-03,19,41.48,43.79,40.35
2026-06-03,20,53.95,56.62,53.25
2026-06-03,21,56.79,59.42,56.35
2026-06-03,22,56.16,56.1,54.22
2026-06-03,23,47.45,45.98,46.5
2026-06-03,24,38.72,36.81,37.34
2026-06-04,1,27.18,25.94,26.12
2026-06-04,2,24.53,23.39,23.36
2026-06-04,3,24.28,23.31,23.21
2026-06-04,4,25.43,24.48,23.9
2026-06-04,5,27.52,26.43,25.98
2026-06-04,6,28.32,27.2,26.73
2026-06-04,7,30.87,29.19,28.6
2026-06-04,8,29.4,27.97,27.37
2026-06-04,9,22.76,21.68,20.9
2026-06-04,10,23.27,22.18,21.16
2026-06-04,11,24.32,21.08,20.87
2026-06-04,12,26.29,21.42,22.95
2026-06-04,13,28.47,22.57,25.59
2026-06-04,14,27.3,25.57,28
2026-06-04,15,30.13,28.14,30.61
2026-06-04,16,32.26,31.68,32.89
2026-06-04,17,31.7,31.54,32.53
2026-06-04,18,32.19,31.73,32.12
2026-06-04,19,37.35,35.26,36.42
2026-06-04,20,43.23,40.47,42.19
2026-06-04,21,44.53,42.33,43.59
2026-06-04,22,41.72,38.73,39.89
2026-06-04,23,32.75,30.54,31.86
2026-06-04,24,25.68,24.01,25
2026-06-05,1,22.4,20.83,21.09
2026-06-05,2,23.36,21.44,21.62
2026-06-05,3,23.46,21.12,21.25
2026-06-05,4,24.47,21.7,21.93
2026-06-05,5,25.97,22.7,22.84
2026-06-05,6,30.67,27.53,26.85
2026-06-05,7,33,29.67,29.46
2026-06-05,8,35.33,31.83,31.38
2026-06-05,9,31.12,28.54,27.94
2026-06-05,10,30.84,27.42,26.72
2026-06-05,11,31.6,25.94,26.79
2026-06-05,12,33.01,26.37,27.5
2026-06-05,13,36.18,26.36,29.22
2026-06-05,14,29.75,29,30.87
2026-06-05,15,31.5,30.96,32.77
2026-06-05,16,32.02,31.49,33.66
2026-06-05,17,36.14,35.17,36.82
2026-06-05,18,36.6,35.6,36.86
2026-06-05,19,37.01,35.42,36.77
2026-06-05,20,41.52,40.29,41.21
2026-06-05,21,41.5,39.95,41.05
2026-06-05,22,41.91,40.62,41.55
2026-06-05,23,35.01,33.91,34.67
2026-06-05,24,32.66,31.56,32.39
2026-06-06,1,33.47,32.51,33.3
2026-06-06,2,33.12,32.07,32.9
2026-06-06,3,31.65,31.24,31.64
2026-06-06,4,32.99,32.72,33.05
2026-06-06,5,31.82,31.63,31.84
2026-06-06,6,33.38,33.47,33.48
2026-06-06,7,35.05,34.93,35.08
2026-06-06,8,31.78,31.83,31.83
2026-06-06,9,27.95,27.83,27.86
2026-06-06,10,25.44,25.33,25.42
2026-06-06,11,24.41,24.23,24.75
2026-06-06,12,24.82,24.69,25.83
2026-06-06,13,26.2,25.91,27.63
2026-06-06,14,26.51,26.01,27.99
2026-06-06,15,28.2,28.29,29.63
2026-06-06,16,30.31,30.07,30.85
2026-06-06,17,30.04,29.98,30.53
2026-06-06,18,32.33,31.4,31.6
2026-06-06,19,40.74,39.49,38.92
2026-06-06,20,51.69,50.26,49.26
2026-06-06,21,54.12,52.25,51.34
2026-06-06,22,54.98,53.1,52.61
2026-06-06,23,45.34,44.69,43.9
2026-06-06,24,34.75,34.16,33.66
2026-06-07,1,33.58,33.64,33
2026-06-07,2,28.6,28.8,28.47
2026-06-07,3,28.38,28.53,28.19
2026-06-07,4,28.42,28.63,28.5
2026-06-07,5,28.43,28.56,28.49
2026-06-07,6,25.93,26.03,25.98
2026-06-07,7,25.34,25.38,25.37
2026-06-07,8,24.76,24.76,24.76
2026-06-07,9,18.62,19.03,18.95
2026-06-07,10,18.09,19.2,20.15
2026-06-07,11,18.15,18.82,21.59
2026-06-07,12,18.78,20.01,25.2
2026-06-07,13,20.19,23.64,31.1
2026-06-07,14,22.78,25.2,35.42
2026-06-07,15,24.76,23.61,31.58
2026-06-07,16,27.71,27.16,33.14
2026-06-07,17,27.96,27.86,31.66
2026-06-07,18,30.21,29.84,30.89
2026-06-07,19,33.08,33.55,33.16
2026-06-07,20,36.28,37.81,36.13
2026-06-07,21,36.78,39.37,37.14
2026-06-07,22,34.05,35.33,34.25
2026-06-07,23,33.28,34.14,33.64
2026-06-07,24,25.62,25.88,25.94
2026-06-08,1,25.4,24.66,25.8
2026-06-08,2,23.57,22.78,24.05
2026-06-08,3,22.24,21.16,22.68
2026-06-08,4,20.87,20.49,21.41
2026-06-08,5,22.01,21.51,22.43
2026-06-08,6,24.13,23.21,24.23
2026-06-08,7,25.73,23.94,25.58
2026-06-08,8,24.11,21.64,24
2026-06-08,9,21.28,19.28,21.83
2026-06-08,10,20.73,19.18,23.42
2026-06-08,11,20.79,19.38,26.49
2026-06-08,12,22.69,21.18,33.74
2026-06-08,13,23.43,21.28,34.92
2026-06-08,14,25.05,23.81,39.14
2026-06-08,15,25.67,27.63,39.66
2026-06-08,16,27.41,30.39,39.53
2026-06-08,17,26.57,31.5,39.66
2026-06-08,18,27.1,29.67,31.81
2026-06-08,19,33,38.68,35.81
2026-06-08,20,42.06,48.24,42.99
2026-06-08,21,37.77,45.2,39.52
2026-06-08,22,35.22,38.19,35.67
2026-06-08,23,32.26,35.01,32.95
2026-06-08,24,26.8,27.07,26.89
2026-06-09,1,26.36,25.55,26.07
2026-06-09,2,24.28,23.53,24.03
2026-06-09,3,24.17,23.19,23.83
2026-06-09,4,23.44,22.62,23.14
2026-06-09,5,23.15,22.28,22.8
2026-06-09,6,24.73,24.15,24.52
2026-06-09,7,26.08,25.15,25.6
2026-06-09,8,23.04,21.93,22.72
2026-06-09,9,20.59,17.38,19.94
2026-06-09,10,20.16,16.38,21.49
2026-06-09,11,21.9,16.91,24.86
2026-06-09,12,28.08,20.21,31.4
2026-06-09,13,32.39,22.74,37.19
2026-06-09,14,35.97,24.05,40.18
2026-06-09,15,32.01,26.39,40.24
2026-06-09,16,33.65,28.86,41.38
2026-06-09,17,32.68,31.55,40.76
2026-06-09,18,31.99,32.09,34.86
2026-06-09,19,36.35,40.52,37.24
2026-06-09,20,46.19,53.14,46.75
2026-06-09,21,46.65,52.02,46.94
2026-06-09,22,41.63,44.58,42.03
2026-06-09,23,35.79,36.54,35.86
2026-06-09,24,27.46,26.67,27.16
2026-06-10,1,27.18,26.72,27.07
2026-06-10,2,26.24,25.23,25.8
2026-06-10,3,25.62,24.61,25.28
2026-06-10,4,23.32,22.5,23.11
2026-06-10,5,24.97,23.83,24.52
2026-06-10,6,26.2,24.78,25.32
2026-06-10,7,25.73,23.06,24.01
2026-06-10,8,24.36,19.33,21.66
2026-06-10,9,21.33,18.06,20.93
2026-06-10,10,22.34,18.41,23.04
2026-06-10,11,23.5,19.42,26.96
2026-06-10,12,28.17,22.55,34.01
2026-06-10,13,37.89,23.3,43.36
2026-06-10,14,39.64,25.35,48.03
2026-06-10,15,40.77,28.89,48.35
2026-06-10,16,40.96,31.61,50.75
2026-06-10,17,36.13,34.21,48.16
2026-06-10,18,33.77,32.75,38.89
2026-06-10,19,36.51,41.01,39.37
2026-06-10,20,42.57,53.13,44.44
2026-06-10,21,43.28,49.66,43.63
2026-06-10,22,39.18,41.5,39.1
2026-06-10,23,37.27,38.73,37.28
2026-06-10,24,29.51,29.99,29.44
2026-06-11,1,28.35,29.14,28.68
2026-06-11,2,26.36,26.63,26.61
2026-06-11,3,25.79,25.35,25.82
2026-06-11,4,23.86,23.31,23.85
2026-06-11,5,24.24,23.36,24.11
2026-06-11,6,25.47,24.9,25.37
2026-06-11,7,24.73,23.51,24.26
2026-06-11,8,22.73,21.39,22.47
2026-06-11,9,19.16,18.5,20.17
2026-06-11,10,18.86,20.09,23.17
2026-06-11,11,18.92,20.45,29.31
2026-06-11,12,23.63,22.76,38.53
2026-06-11,13,29.01,24.94,46.74
2026-06-11,14,32.41,27.85,52.37
2026-06-11,15,35.53,31.7,54.29
2026-06-11,16,34.96,33.98,58.03
2026-06-11,17,34.88,35.11,55.98
2026-06-11,18,36.03,34.46,48.41
2026-06-11,19,39.15,46.45,49.97
2026-06-11,20,51.43,59.86,54.08
2026-06-11,21,56.49,60.5,56.42
2026-06-11,22,55.84,57.47,55.81
2026-06-11,23,56.47,57.62,56.31
2026-06-11,24,44.03,44.02,43.94
2026-06-12,1,35.07,35.14,35.06
2026-06-12,2,30.02,29.99,30.01
2026-06-12,3,31.03,31,31.03
2026-06-12,4,30.55,30.55,30.56
2026-06-12,5,32.82,32.84,32.83
2026-06-12,6,35.2,35.21,35.2
2026-06-12,7,35.44,35.24,35.37
2026-06-12,8,30,30.02,30.01
2026-06-12,9,25.06,25.09,25.1
2026-06-12,10,24,24.55,25.41
2026-06-12,11,24.49,26.64,29.96
2026-06-12,12,25.9,29.07,33.45
2026-06-12,13,28.66,31.86,37.06
2026-06-12,14,32.26,32.67,45.56
2026-06-12,15,32.95,32.4,44.86
2026-06-12,16,33.33,31.74,43.77
2026-06-12,17,35.77,34.83,45.55
2026-06-12,18,34.9,30.88,37.46
2026-06-12,19,37.77,39.81,40.16
2026-06-12,20,50.78,53.53,50.35
2026-06-12,21,52.15,52.02,50.64
2026-06-12,22,48.1,48.06,47.23
2026-06-12,23,40.79,41,40.8
2026-06-12,24,29.76,29.53,29.74
2026-06-13,1,25.56,25.11,25.42
2026-06-13,2,24.86,24.47,24.75
2026-06-13,3,23.66,23.31,23.64
2026-06-13,4,24.01,23.69,23.92
2026-06-13,5,23.39,23.22,23.36
2026-06-13,6,24.94,24.66,24.79
2026-06-13,7,22.94,22.52,22.56
2026-06-13,8,20.15,19.9,19.92
2026-06-13,9,15.73,15.28,16.01
2026-06-13,10,16.78,16.05,18.33
2026-06-13,11,18.03,17.68,23.7
2026-06-13,12,18.83,18.43,27.2
2026-06-13,13,21.95,21.07,42.7
2026-06-13,14,24.05,22.94,47.53
2026-06-13,15,25.49,24.69,40.35
2026-06-13,16,25.86,25.56,40.55
2026-06-13,17,24.58,27.82,37.69
2026-06-13,18,24.73,24.85,32.66
2026-06-13,19,27.12,27.43,31.43
2026-06-13,20,36.98,40.12,37.58
2026-06-13,21,37.97,40.98,38.54
2026-06-13,22,36.7,37.4,36.77
2026-06-13,23,35.26,35.88,35.33
2026-06-13,24,29.25,29.38,29.23
2026-06-14,1,25.95,25.87,25.92
2026-06-14,2,25.27,25.13,25.15
2026-06-14,3,25.16,24.92,25.1
2026-06-14,4,25.32,24.99,25.22
2026-06-14,5,26.48,26.04,26.28
2026-06-14,6,28.75,28.11,28.51
2026-06-14,7,28.48,27.57,28.17
2026-06-14,8,25.33,24.19,24.87
2026-06-14,9,22.09,21.18,21.77
2026-06-14,10,21.57,20.77,21.55
2026-06-14,11,22.1,21.55,22.9
2026-06-14,12,22.5,22.17,24.48
2026-06-14,13,22.8,22.03,25.48
2026-06-14,14,23.96,23.15,29.38
2026-06-14,15,24.25,24.2,29.17
2026-06-14,16,25.56,25.6,30.67
2026-06-14,17,26.15,25.86,28.82
2026-06-14,18,28.34,27.34,28.93
2026-06-14,19,32.12,31.56,31.77
2026-06-14,20,39.2,38.81,38.61
2026-06-14,21,41.37,41.07,40.92
2026-06-14,22,42.17,42.12,42.05
2026-06-14,23,45.28,45.36,45.25
2026-06-14,24,37.39,37.62,37.49
2026-06-15,1,35.89,36.45,36.13
2026-06-15,2,32.63,33.31,32.88
2026-06-15,3,32.06,32.9,32.39
2026-06-15,4,32.52,33.36,32.84
2026-06-15,5,31.55,32.55,31.98
2026-06-15,6,37.47,38.63,38
2026-06-15,7,36.72,37.02,36.92
2026-06-15,8,37.14,37.15,36.85
2026-06-15,9,32.13,32,31.56
2026-06-15,10,33.5,33.16,33.08
2026-06-15,11,31.23,31,30.73
2026-06-15,12,28.96,28.74,28.88
2026-06-15,13,28.09,27.96,28.91
2026-06-15,14,29.33,28.78,30.6
2026-06-15,15,30.67,30.14,31.71
2026-06-15,16,31.72,31.13,32.42
2026-06-15,17,32.95,32.57,33.58
2026-06-15,18,33.96,33.42,34.12
2026-06-15,19,36.96,36.38,36.84
2026-06-15,20,51.29,50.78,51.13
2026-06-15,21,57.84,56.29,57.21
2026-06-15,22,59.08,57.38,58.56
2026-06-15,23,57.42,55.56,56.92
2026-06-15,24,39.32,37.3,38.57
2026-06-16,1,41.01,40.16,40.92
2026-06-16,2,36.2,36.34,36.5
2026-06-16,3,34.57,35.06,35.02
2026-06-16,4,34.81,35.06,35.19
2026-06-16,5,36.43,37.48,37.18
2026-06-16,6,40.98,43.43,42.35
2026-06-16,7,40.86,42.2,41.71
2026-06-16,8,35.89,35.39,35.84
2026-06-16,9,26.38,25.61,26.18
2026-06-16,10,26.16,25.42,25.82
2026-06-16,11,27.01,26.07,26.38
2026-06-16,12,26.89,25.49,25.99
2026-06-16,13,26.85,26.64,26.9
2026-06-16,14,27.06,27.16,27.69
2026-06-16,15,29.94,29.63,30.09
2026-06-16,16,32.92,31.98,32.14
2026-06-16,17,37.32,36.34,36.19
2026-06-16,18,38.05,36.39,36.56
2026-06-16,19,43.66,42.8,43.07
2026-06-16,20,52.39,51.09,51.78
2026-06-16,21,52.73,48.68,51.31
2026-06-16,22,45.1,40.84,43.6
2026-06-16,23,35.73,32.56,34.55
2026-06-16,24,25.84,23.49,24.94
2026-06-17,1,25.13,23.76,24.62
2026-06-17,2,24.07,22.58,23.58
2026-06-17,3,22.7,21.37,22.28
2026-06-17,4,21.5,20.21,21.05
2026-06-17,5,22.1,20.82,21.6
2026-06-17,6,24.3,23.06,23.85
2026-06-17,7,25.38,23.84,24.77
2026-06-17,8,23.34,21.45,22.51
2026-06-17,9,20.36,18.31,19.28
2026-06-17,10,24,20.59,23.55
2026-06-17,11,24.69,20.47,22.84
2026-06-17,12,26.98,20.91,25.9
2026-06-17,13,29.73,21.7,29.21
2026-06-17,14,33.53,22.49,31.52
2026-06-17,15,41.3,24.78,35.86
2026-06-17,16,44.64,25.52,35.24
2026-06-17,17,51.31,26.37,37.23
2026-06-17,18,48.47,27.87,35.31
2026-06-17,19,49.44,31.57,35.82
2026-06-17,20,48.51,43.06,43.44
2026-06-17,21,45.95,46.83,45.69
2026-06-17,22,39.43,39.52,39.04
2026-06-17,23,32.39,32.93,32.25
2026-06-17,24,26.73,26.3,26.33
2026-06-18,1,24,23.48,23.67
2026-06-18,2,21.98,21.55,21.73
2026-06-18,3,21.6,21.3,21.38
2026-06-18,4,20.88,20.67,20.7
2026-06-18,5,21.47,21.25,21.28
2026-06-18,6,22.74,22.58,22.54
2026-06-18,7,25.81,24.53,25.27
2026-06-18,8,23.87,23.01,23.51
2026-06-18,9,18.29,18.19,18.73
2026-06-18,10,19.25,20,21.61
2026-06-18,11,22.73,22.87,28.89
2026-06-18,12,31.37,24.12,39.23
2026-06-18,13,40.5,26.47,45.05
2026-06-18,14,46.08,28.87,48.46
2026-06-18,15,52.68,29.01,48.31
2026-06-18,16,60.29,32.4,50.54
2026-06-18,17,64.26,36.65,52.57
2026-06-18,18,65.99,38.56,48.36
2026-06-18,19,65.87,47.87,47.86
2026-06-18,20,70.47,62.41,57.96
2026-06-18,21,67.35,64.43,61.75
2026-06-18,22,60.86,60.19,57.6
2026-06-18,23,51.76,50.37,49.54
2026-06-18,24,39.88,39.02,38.66
2026-06-19,1,45.67,45.02,44.16
2026-06-19,2,40.2,39.49,39.05
2026-06-19,3,38.38,37.58,37.12
2026-06-19,4,35.85,35.28,35.22
2026-06-19,5,36.5,36.52,36.35
2026-06-19,6,40.23,40.31,40.18
2026-06-19,7,36.86,36.4,36.68
2026-06-19,8,33.03,32.91,32.89
2026-06-19,9,30.6,29.95,29.8
2026-06-19,10,30.27,29.65,29.81
2026-06-19,11,29.24,29.16,31.38
2026-06-19,12,31.4,31.64,35.06
2026-06-19,13,33.96,33.6,41.63
2026-06-19,14,36.22,32.72,45.45
2026-06-19,15,38.46,33.83,45.5
2026-06-19,16,40,35.13,47.37
2026-06-19,17,41.49,37.96,51.08
2026-06-19,18,43.3,38.86,45.64
2026-06-19,19,43.79,40.26,43.08
2026-06-19,20,57.51,55.16,55.03
2026-06-19,21,68.44,65,64.16
2026-06-19,22,71.45,66.82,66.89
2026-06-19,23,72.8,69.97,69.77
2026-06-19,24,53.8,50.99,52.3
2026-06-20,1,43.51,41.63,42.81
2026-06-20,2,39.83,38.81,39.5
2026-06-20,3,36.57,35.66,36.3
2026-06-20,4,36.41,35.51,36.15
2026-06-20,5,35.17,34.22,34.89
2026-06-20,6,36.87,36.13,36.69
2026-06-20,7,34.83,33.05,34.24
2026-06-20,8,29.49,28.64,29.21
2026-06-20,9,23.74,23.59,23.68
2026-06-20,10,23.59,23.47,23.52
2026-06-20,11,22.63,22.44,23.22
2026-06-20,12,22.24,22.11,23.89
2026-06-20,13,23.63,22.98,28.18
2026-06-20,14,23.86,23,29.33
2026-06-20,15,25.62,23.95,31.7
2026-06-20,16,26.14,22.89,31.05
2026-06-20,17,27.69,22.94,30.37
2026-06-20,18,27.93,22.5,28.64
2026-06-20,19,30.12,24.12,29.91
2026-06-20,20,34.78,31.99,35.04
2026-06-20,21,37.05,34.39,35.97
2026-06-20,22,36.06,33.21,34.87
2026-06-20,23,29.78,27.22,28.72
2026-06-20,24,26,22.96,25.07
2026-06-21,1,25.23,23.27,24.56
2026-06-21,2,23.86,22.09,23.24
2026-06-21,3,22.81,21.17,22.21
2026-06-21,4,21.95,20.29,21.39
2026-06-21,5,20.8,19.3,20.21
2026-06-21,6,21.68,20.04,21.09
2026-06-21,7,20.13,18.84,19.79
2026-06-21,8,17.91,16.27,17.41
2026-06-21,9,16.14,8.66,15.82
2026-06-21,10,16.59,10.42,18.08
2026-06-21,11,16.24,11.7,19.88
2026-06-21,12,18.72,16.06,27
2026-06-21,13,21.42,19.04,39.42
2026-06-21,14,21.6,20.48,46.5
2026-06-21,15,21.36,21.24,41.94
2026-06-21,16,23.14,21.75,35.77
2026-06-21,17,24.32,22.2,36.71
2026-06-21,18,25.66,21.81,33.12
2026-06-21,19,28.1,24.78,32.21
2026-06-21,20,35.66,37.51,36.84
2026-06-21,21,37.19,41.07,38.01
2026-06-21,22,40.55,42.51,41
2026-06-21,23,33.61,36.2,34.11
2026-06-21,24,27.45,27.58,27.27
2026-06-22,1,25.32,25.21,25.15
2026-06-22,2,23.42,23.05,23.21
2026-06-22,3,22.24,22.39,22.22
2026-06-22,4,22.63,22.83,22.59
2026-06-22,5,23.71,23.95,23.69
2026-06-22,6,25.99,26.18,25.94
2026-06-22,7,26.26,26.02,26.03
2026-06-22,8,23.92,23.7,23.77
2026-06-22,9,18.6,19.56,19.2
2026-06-22,10,18.01,20.66,20.15
2026-06-22,11,18.11,21.6,23.6
2026-06-22,12,19.75,22.63,28.98
2026-06-22,13,21.96,23.58,38.55
2026-06-22,14,24.44,23.93,37.49
2026-06-22,15,26.72,23.51,36.52
2026-06-22,16,29.36,25.22,39.27
2026-06-22,17,29.73,24.29,37.97
2026-06-22,18,32.04,24.31,33.07
2026-06-22,19,35.62,28.4,33.46
2026-06-22,20,50.23,49.36,49.46
2026-06-22,21,57.95,58.49,57.55
2026-06-22,22,51.19,51.07,50.82
2026-06-22,23,54.04,53.9,53.49
2026-06-22,24,41.89,41.76,41.59
2026-06-23,1,40.8,40.61,40.33
2026-06-23,2,34.29,34.1,33.9
2026-06-23,3,31.28,31.04,30.96
2026-06-23,4,30.1,29.81,29.76
2026-06-23,5,30.63,30.28,30.36
2026-06-23,6,32.62,32.32,32.38
2026-06-23,7,34.28,33.88,34.08
2026-06-23,8,29.12,28.93,29.07
2026-06-23,9,22.48,22.57,22.77
2026-06-23,10,21.78,21.72,22.36
2026-06-23,11,22.03,21.97,23.78
2026-06-23,12,22.75,22.47,26.82
2026-06-23,13,24.59,23.89,29.15
2026-06-23,14,28.11,24.2,37.58
2026-06-23,15,30.63,24.54,39.12
2026-06-23,16,30.5,24.92,36.6
2026-06-23,17,33.65,25.5,34.6
2026-06-23,18,33.26,25.48,31.71
2026-06-23,19,35.93,29.3,31.7
2026-06-23,20,46.09,45.24,44.63
2026-06-23,21,43.62,44.41,43.14
2026-06-23,22,41.63,41.08,41.01
2026-06-23,23,33.18,32.7,32.79
2026-06-23,24,28.52,27.87,28.09
2026-06-24,1,26.43,25.84,26.02
2026-06-24,2,24.71,24.23,24.41
2026-06-24,3,24.05,23.79,23.91
2026-06-24,4,23.69,23.4,23.55
2026-06-24,5,24.23,24.25,24.25
2026-06-24,6,25.01,25.05,25.03
2026-06-24,7,27.81,27.72,27.78
2026-06-24,8,24.18,24.1,24.34
2026-06-24,9,19.69,19.94,19.94
2026-06-24,10,19.11,19.32,20.43
2026-06-24,11,19.48,21.3,22.95
2026-06-24,12,22.68,23.44,27.51
2026-06-24,13,26.97,24.04,30.93
2026-06-24,14,31.97,27.35,36.92
2026-06-24,15,36.24,28.91,37.53
2026-06-24,16,37.32,28.72,34.04
2026-06-24,17,34.42,29.13,33.15
2026-06-24,18,34.27,29.71,30.34
2026-06-24,19,32.37,33.52,30.82
2026-06-24,20,42.28,51.37,43.61
2026-06-24,21,48.26,50.98,47.96
2026-06-24,22,43.26,45.42,43.08
2026-06-24,23,37.66,38.35,37.61
2026-06-24,24,27.82,28.23,27.85
2026-06-25,1,27.44,27.56,27.51
2026-06-25,2,26.66,26.8,26.75
2026-06-25,3,24.86,25.01,24.94
2026-06-25,4,24.65,24.79,24.74
2026-06-25,5,24.83,24.87,24.89
2026-06-25,6,26.92,26.87,26.95
2026-06-25,7,25.69,25.59,25.67
2026-06-25,8,23.15,23.07,23.21
2026-06-25,9,18.69,19.81,19.32
2026-06-25,10,18.15,20.73,20.2
2026-06-25,11,17.69,23.22,22.66
2026-06-25,12,18.74,27.77,26.34
2026-06-25,13,20.75,24.78,29.5
2026-06-25,14,25.62,26.76,35.8
2026-06-25,15,26.88,29.25,37.05
2026-06-25,16,27.84,32.81,38.36
2026-06-25,17,29.11,35.87,34.92
2026-06-25,18,30.89,32.63,33.27
2026-06-25,19,31.12,35.63,31.4
2026-06-25,20,40.52,45.56,41.5
2026-06-25,21,42.71,48.94,44.26
2026-06-25,22,38.56,42.03,39.79
2026-06-25,23,36.39,38.26,36.79
2026-06-25,24,34.67,35.18,34.75
2026-06-26,1,26.31,26.28,26.26
2026-06-26,2,25.12,25.11,25.11
2026-06-26,3,25.39,25.5,25.45
2026-06-26,4,24.83,24.62,24.7
2026-06-26,5,25.41,24.84,25.22
2026-06-26,6,25.77,25.31,25.59
2026-06-26,7,25.54,24.91,25.34
2026-06-26,8,23.18,22.97,23.19
2026-06-26,9,19.17,20.36,19.91
2026-06-26,10,18.19,20.42,20.64
2026-06-26,11,17.77,21.83,23.67
2026-06-26,12,18.87,22.58,28.91
2026-06-26,13,23.19,23.48,35.17
2026-06-26,14,28.7,25.4,36.64
2026-06-26,15,30.57,27.81,37.95
2026-06-26,16,32.58,28.4,34.69
2026-06-26,17,35.11,32.67,34.98
2026-06-26,18,32.27,30.84,31.01
2026-06-26,19,34.77,36.85,31.65
2026-06-26,20,38.35,45.74,38.62
2026-06-26,21,39.77,41.98,39.68
2026-06-26,22,40.67,42.39,40.72
2026-06-26,23,34.45,36.2,34.74
2026-06-26,24,29.63,29.92,29.52
2026-06-27,1,24.65,24.47,24.54
2026-06-27,2,23.59,23.51,23.56
2026-06-27,3,23.71,23.76,23.77
2026-06-27,4,22.5,22.44,22.49
2026-06-27,5,23.88,23.85,23.85
2026-06-27,6,24.13,24.16,24.15
2026-06-27,7,22.01,22.01,22
2026-06-27,8,19.66,19.98,19.86
2026-06-27,9,16.66,16.4,17.53
2026-06-27,10,15.3,15.36,17.29
2026-06-27,11,15.51,15.77,19.7
2026-06-27,12,16.99,17.62,25.78
2026-06-27,13,19.92,21.68,31.85
2026-06-27,14,24.81,20.76,32.05
2026-06-27,15,29.23,22.17,33.46
2026-06-27,16,26.9,22.55,30.26
2026-06-27,17,30.16,22.32,29.62
2026-06-27,18,31.41,22.89,29.62
2026-06-27,19,33.22,24.2,28.99
2026-06-27,20,37.7,38.92,36.63
2026-06-27,21,36,38.3,35.86
2026-06-27,22,33.43,35.12,33.45
2026-06-27,23,32.5,33.36,32.42
2026-06-27,24,27.86,27.4,27.57
2026-06-28,1,24.3,24.12,24.25
2026-06-28,2,23.73,23.52,23.7
2026-06-28,3,23.46,23.45,23.5
2026-06-28,4,23.27,23.28,23.32
2026-06-28,5,22.63,22.72,22.75
2026-06-28,6,22.7,22.79,22.82
2026-06-28,7,21.58,21.71,21.77
2026-06-28,8,18.62,18.87,19.04
2026-06-28,9,16.68,17.19,17.71
2026-06-28,10,14.18,15.3,16.86
2026-06-28,11,14.84,15.62,19.03
2026-06-28,12,16.12,17.9,23.32
2026-06-28,13,18.02,21.92,28.92
2026-06-28,14,21.55,25.33,29.52
2026-06-28,15,22.22,23.64,28.13
2026-06-28,16,24.53,24.31,26.89
2026-06-28,17,24.39,23.15,26.34
2026-06-28,18,27.38,25,26.84
2026-06-28,19,24.58,26.48,25.78
2026-06-28,20,37.74,39.63,37.51
2026-06-28,21,37.42,40.46,37.66
2026-06-28,22,33.45,34.76,33.32
2026-06-28,23,33.47,34.57,33.47
2026-06-28,24,26.49,26.53,26.34
2026-06-29,1,25.38,25.03,25.21
2026-06-29,2,24.04,23.78,23.93
2026-06-29,3,22.72,22.97,22.92
2026-06-29,4,21.69,21.88,21.7
2026-06-29,5,21.89,22.21,22.03
2026-06-29,6,22.95,23.26,23.13
2026-06-29,7,21.82,22.15,22.26
2026-06-29,8,20.82,21.48,21.74
2026-06-29,9,16.79,19.92,19.19
2026-06-29,10,16.46,22.13,21.76
2026-06-29,11,14.69,22.56,22.86
2026-06-29,12,19.59,24.47,29.98
2026-06-29,13,27.21,26.6,33.08
2026-06-29,14,36.79,25.65,34.04
2026-06-29,15,34.03,28.53,35.88
2026-06-29,16,34.44,27.47,34.6
2026-06-29,17,38.87,28.46,34.09
2026-06-29,18,39.6,28.38,33.38
2026-06-29,19,36.51,30.56,33.29
2026-06-29,20,39.32,48.24,40.49
2026-06-29,21,37.55,47.26,39.1
2026-06-29,22,34.12,38.84,34.91
2026-06-29,23,35.58,37.49,35.84
2026-06-29,24,28.29,28.08,28.13
2026-06-30,1,24.67,24.67,24.67
2026-06-30,2,23.41,23.29,23.39
2026-06-30,3,23.25,22.96,23.07
2026-06-30,4,21.57,21.48,21.51
2026-06-30,5,21.73,21.6,21.66
2026-06-30,6,23,22.82,22.84
2026-06-30,7,23.28,22.58,22.88
2026-06-30,8,22.75,20.78,22.01
2026-06-30,9,19.69,17.79,19.48
2026-06-30,10,18.55,17.21,20.3
2026-06-30,11,19.27,17.85,23.5
2026-06-30,12,20.99,18.55,27.89
2026-06-30,13,29,21.96,31.8
2026-06-30,14,38.28,24.3,34.83
2026-06-30,15,38.05,26.05,33.81
2026-06-30,16,43.37,26.92,36.1
2026-06-30,17,41.04,27.21,32.74
2026-06-30,18,36.24,25.92,29.3
2026-06-30,19,31.52,30.57,30.59
2026-06-30,20,38.31,44.2,39.84
2026-06-30,21,40.46,45.13,41.09
2026-06-30,22,38.13,40.88,38.49
2026-06-30,23,34.05,35.4,34.16
2026-06-30,24,27.47,27.11,27.21
2026-07-01,1,27.13,26.84,26.99
2026-07-01,2,25.21,24.89,25.07
2026-07-01,3,24.54,24.07,24.33
2026-07-01,4,23.9,23.46,23.69
2026-07-01,5,23.72,23.21,23.44
2026-07-01,6,25.11,24.78,24.95
2026-07-01,7,25.33,24.46,24.72
2026-07-01,8,21.68,20.62,21.27
2026-07-01,9,17.63,15.85,17.62
2026-07-01,10,18.96,15.77,19.96
2026-07-01,11,20.33,16.88,24.97
2026-07-01,12,24.77,18.65,30.28
2026-07-01,13,32.82,22.73,36.17
2026-07-01,14,38.69,27.37,35.54
2026-07-01,15,37.13,27.94,37.28
2026-07-01,16,37.8,29.35,37.7
2026-07-01,17,36.79,30.9,36.79
2026-07-01,18,35.92,27.43,32.42
2026-07-01,19,35.64,29.82,31.79
2026-07-01,20,45.66,45.49,44.84
2026-07-01,21,47.6,47.01,46.95
2026-07-01,22,43.25,44.12,42.84
2026-07-01,23,39.32,39.11,39.13
2026-07-01,24,31.57,31.27,31.4
2026-07-02,1,27.95,27.59,27.79
2026-07-02,2,24.72,24.31,24.41
2026-07-02,3,23.76,23.31,23.35
2026-07-02,4,23.43,22.76,22.46
2026-07-02,5,24.1,23.16,22.57
2026-07-02,6,25.45,24.62,23.89
2026-07-02,7,25.98,25.04,24.6
2026-07-02,8,23.33,22.69,22.7
2026-07-02,9,20.97,19.02,19.59
2026-07-02,10,24.88,16.67,20.64
2026-07-02,11,25.81,17.29,22.74
2026-07-02,12,29.05,19.28,29.32
2026-07-02,13,33.8,23,31.17
2026-07-02,14,38.9,23.55,36.56
2026-07-02,15,37.07,26.38,35.57
2026-07-02,16,37.75,27.31,35.21
2026-07-02,17,37.17,29.13,34.38
2026-07-02,18,37,29.99,32.3
2026-07-02,19,39.71,37.5,36.87
2026-07-02,20,52.05,49.9,49.42
2026-07-02,21,45.35,43.69,44.09
2026-07-02,22,39.86,39.74,39.06
2026-07-02,23,35.57,34.83,35.24
2026-07-02,24,29.92,29.19,29.64
2026-07-03,1,24.46,24.06,24.3
2026-07-03,2,23.31,22.93,23.16
2026-07-03,3,21.75,21.45,21.68
2026-07-03,4,21.85,21.65,21.81
2026-07-03,5,21.77,21.54,21.72
2026-07-03,6,23.21,23.04,23.17
2026-07-03,7,24.22,23.94,24.14
2026-07-03,8,21.58,21.39,21.56
2026-07-03,9,18.34,17,17.81
2026-07-03,10,18.87,14.26,17.68
2026-07-03,11,19.83,15.83,20.79
2026-07-03,12,23.16,16.22,24.71
2026-07-03,13,30.32,20.17,28.54
2026-07-03,14,34.92,23.87,30.97
2026-07-03,15,37.1,25.49,33.18
2026-07-03,16,37.51,27.65,34.82
2026-07-03,17,36.07,29.1,32.87
2026-07-03,18,36.12,28.53,31.22
2026-07-03,19,38.43,35.83,35.16
2026-07-03,20,47.29,45.27,44.87
2026-07-03,21,46.5,43.61,44.21
2026-07-03,22,41.05,40.52,39.38
2026-07-03,23,35.32,33.89,34.72
2026-07-03,24,28.08,27.11,27.71
2026-07-04,1,24.26,23.91,24.13
2026-07-04,2,22.4,22.18,22.32
2026-07-04,3,22.48,22.3,22.41
2026-07-04,4,21.53,21.37,21.47
2026-07-04,5,22.16,22.09,22.11
2026-07-04,6,22.98,22.91,22.92
2026-07-04,7,21,20.83,20.93
2026-07-04,8,17.5,17.43,17.47
2026-07-04,9,15.34,14.66,15.21
2026-07-04,10,16.23,12.31,15
2026-07-04,11,16.32,14.6,16.94
2026-07-04,12,17.28,17.2,19.6
2026-07-04,13,21.86,21.48,23.92
2026-07-04,14,25.77,24.43,26.83
2026-07-04,15,28.02,26.54,29.4
2026-07-04,16,31.07,27.83,31.11
2026-07-04,17,32.34,31.83,33.07
2026-07-04,18,30.76,30.73,31.46
2026-07-04,19,36.93,37.09,36.28
2026-07-04,20,51.52,50.65,49.03
2026-07-04,21,52.87,50.66,50.63
2026-07-04,22,50.02,51.64,48.08
2026-07-04,23,38.44,38.14,38.02
2026-07-04,24,31.41,31.18,31.3
2026-07-05,1,26.73,26.53,26.65
2026-07-05,2,25.85,25.63,25.77
2026-07-05,3,24.95,24.67,24.85
2026-07-05,4,24.89,24.47,24.74
2026-07-05,5,24.69,24.38,24.58
2026-07-05,6,25.86,25.52,25.73
2026-07-05,7,25.58,24.82,25.3
2026-07-05,8,23.24,22.64,23.04
2026-07-05,9,19.12,19.12,19.17
2026-07-05,10,18.72,18.7,18.84
2026-07-05,11,19.29,19.34,19.87
2026-07-05,12,21.52,21.77,23.09
2026-07-05,13,23.98,24.16,25.75
2026-07-05,14,27.4,27.95,29.12
2026-07-05,15,31.65,33.15,32.78
2026-07-05,16,31.69,33.01,31.97
2026-07-05,17,37.14,37.77,35.27
2026-07-05,18,41.31,40.26,37.51
2026-07-05,19,47.87,47.8,44.07
2026-07-05,20,63.72,62.57,58.07
2026-07-05,21,74.64,73.38,69.26
2026-07-05,22,65.78,71.42,61.87
2026-07-05,23,64.69,66.99,62.09
2026-07-05,24,41.19,41.27,40.69
2026-07-06,1,37.7,37.17,37.51
2026-07-06,2,31.88,31.66,31.8
2026-07-06,3,31.14,30.87,31.04
2026-07-06,4,32.09,31.92,32.03
2026-07-06,5,32.42,32.13,32.31
2026-07-06,6,35.31,34.83,35.13
2026-07-06,7,40.78,40.04,40.51
2026-07-06,8,29.94,29.46,29.76
2026-07-06,9,23.22,23.2,23.21
2026-07-06,10,23.91,23.93,23.92
2026-07-06,11,25.46,25.52,25.61
2026-07-06,12,24.83,24.91,25.31
2026-07-06,13,31.38,30.08,31.46
2026-07-06,14,34.53,32.79,33.96
2026-07-06,15,37.84,35.1,35.74
2026-07-06,16,41.12,39.15,37.53
2026-07-06,17,44.66,40.18,38.03
2026-07-06,18,47.92,41.39,38.48
2026-07-06,19,53.43,50.81,46.71
2026-07-06,20,71.65,69.76,65.44
2026-07-06,21,74.94,74.05,70.87
2026-07-06,22,54.17,61.44,51.3
2026-07-06,23,46.38,47.67,45.64
2026-07-06,24,35.44,34.89,35.2
2026-07-07,1,31.61,31.13,31.43
2026-07-07,2,28.81,28.33,28.63
2026-07-07,3,26.89,26.38,26.7
2026-07-07,4,26.31,25.86,26.14
2026-07-07,5,27.58,27.18,27.44
2026-07-07,6,29.69,29.45,29.6
2026-07-07,7,30.23,29.88,30.11
2026-07-07,8,24.22,23.98,24.13
2026-07-07,9,18.19,18.23,18.52
2026-07-07,10,18.57,18.65,19.36
2026-07-07,11,19.21,19.36,20.35
2026-07-07,12,23.06,23.47,24.73
2026-07-07,13,28.44,28.27,29.51
2026-07-07,14,34.7,32.93,33.48
2026-07-07,15,37.53,33.86,33.99
2026-07-07,16,39.56,34.59,34.46
2026-07-07,17,40.72,35.6,34.47
2026-07-07,18,40.15,36.32,34.96
2026-07-07,19,43.24,40.66,38.37
2026-07-07,20,51.84,50.5,48.93
2026-07-07,21,56.45,55.59,54.31
2026-07-07,22,44.36,48.03,43.03
2026-07-07,23,34.66,34.47,34.47
2026-07-07,24,29.06,28.78,28.93
2026-07-08,1,28.46,28.09,28.31
2026-07-08,2,26.01,25.64,25.81
2026-07-08,3,24.14,23.73,23.9
2026-07-08,4,23.68,23.28,23.5
2026-07-08,5,24.05,23.55,23.74
2026-07-08,6,24.66,24.15,24.32
2026-07-08,7,24.18,23.56,23.7
2026-07-08,8,21.21,20.57,20.74
2026-07-08,9,16.49,15.9,16.6
2026-07-08,10,16.94,14.98,16.96
2026-07-08,11,18.02,16.62,18.79
2026-07-08,12,20.98,20.51,23.63
2026-07-08,13,24.15,26.4,27.23
2026-07-08,14,30.69,25.24,35.08
2026-07-08,15,31.97,26.96,36.39
2026-07-08,16,35.33,27.88,36.99
2026-07-08,17,37.8,28.76,33.93
2026-07-08,18,35.05,28.97,32.7
2026-07-08,19,33.46,31.7,31.9
2026-07-08,20,43.79,43.89,43.34
2026-07-08,21,43.11,43.3,42.96
2026-07-08,22,40.22,40.2,40.19
2026-07-08,23,34.01,34.07,34.05
2026-07-08,24,26.87,26.86,26.9
2026-07-09,1,26.34,26.03,26.02
2026-07-09,2,24.52,24.12,24.16
2026-07-09,3,23.89,23.56,23.59
2026-07-09,4,23.09,22.86,22.92
2026-07-09,5,22.41,22.27,22.3
2026-07-09,6,24.04,23.83,23.84
2026-07-09,7,23.6,23.28,23.34
2026-07-09,8,20.43,20.16,20.29
2026-07-09,9,17.71,15.88,17.68
2026-07-09,10,16.48,16.32,18.34
2026-07-09,11,17.44,17.11,19.78
2026-07-09,12,20.29,19.25,23.26
2026-07-09,13,24.63,24.15,29.63
2026-07-09,14,33.32,23.83,34.07
2026-07-09,15,30.57,24.76,33.57
2026-07-09,16,33.67,26.72,35.92
2026-07-09,17,33.11,26.37,33.06
2026-07-09,18,31.01,25.71,30.5
2026-07-09,19,31.44,27.75,30.05
2026-07-09,20,40.23,40.04,39.83
2026-07-09,21,41.82,42.19,41.59
2026-07-09,22,37.77,38.03,37.6
2026-07-09,23,34.51,35.07,34.71
2026-07-09,24,29.43,29.38,29.35
2026-07-10,1,26.1,25.54,25.78
2026-07-10,2,24.56,24.04,24.12
2026-07-10,3,24.11,23.62,23.7
2026-07-10,4,23.59,23.29,23.34
2026-07-10,5,23.63,23.4,23.46
2026-07-10,6,24.76,24.59,24.71
2026-07-10,7,25,24.75,24.91
2026-07-10,8,22.9,22.56,22.87
2026-07-10,9,18.76,17.4,19.28
2026-07-10,10,19.15,15.67,19.29
2026-07-10,11,19.47,17.22,21.89
2026-07-10,12,20.32,20.27,24.51
2026-07-10,13,24.89,22.74,26.56
2026-07-10,14,31.81,23.54,29.97
2026-07-10,15,33.74,25.62,31.68
2026-07-10,16,33.45,27.39,32.51
2026-07-10,17,34.16,28.09,31.33
2026-07-10,18,33.89,27.29,30
2026-07-10,19,31.38,30.11,30.6
2026-07-10,20,39.24,39.68,39.26
2026-07-10,21,41.81,42.63,42.03
2026-07-10,22,39.56,39.84,39.49
2026-07-10,23,36.69,37.22,36.88
2026-07-10,24,30.05,30.03,30.03
2026-07-11,1,27.3,27.12,27.3
2026-07-11,2,26.69,26.47,26.65
2026-07-11,3,26.14,25.86,26.04
2026-07-11,4,26.08,25.61,25.91
2026-07-11,5,29.07,28.49,28.85
2026-07-11,6,33.19,32.6,32.97
2026-07-11,7,28.36,27.88,28.18
2026-07-11,8,23.45,23.43,23.46
2026-07-11,9,18.72,18.74,18.74
2026-07-11,10,20.23,20.21,20.36
2026-07-11,11,22.53,22.69,22.98
2026-07-11,12,24.65,25.26,25.87
2026-07-11,13,27.89,27.95,28.73
2026-07-11,14,29.16,29.69,29.79
2026-07-11,15,31.6,32.12,31.72
2026-07-11,16,31.98,32.55,31.65
2026-07-11,17,33.64,33,32.07
2026-07-11,18,30.89,30.23,29.92
2026-07-11,19,34.81,35.37,33.95
2026-07-11,20,41.41,42.85,40.58
2026-07-11,21,42.26,42.91,41.63
2026-07-11,22,44.34,46.1,43.77
2026-07-11,23,40.32,41.47,40.63
2026-07-11,24,36.4,36.59,36.48
2026-07-12,1,35.26,34.87,35.11
2026-07-12,2,30.27,29.83,30.1
2026-07-12,3,29.74,29.04,29.48
2026-07-12,4,32.58,31.59,32.21
2026-07-12,5,31.96,30.77,31.52
2026-07-12,6,32.94,31.69,32.47
2026-07-12,7,29.69,27.53,28.89
2026-07-12,8,23.54,22.55,23.18
2026-07-12,9,19.13,19.07,19.11
2026-07-12,10,21.36,21.35,21.35
2026-07-12,11,21.53,21.57,21.54
2026-07-12,12,21.82,22,21.99
2026-07-12,13,24.65,24.81,24.74
2026-07-12,14,26.99,27.07,26.57
2026-07-12,15,28.36,28.53,28.18
2026-07-12,16,30.42,30.3,29.42
2026-07-12,17,32.33,31.61,31.12
2026-07-12,18,34.15,32.77,31.34
2026-07-12,19,35.44,34.98,32.79
2026-07-12,20,39.85,39.68,38.37
2026-07-12,21,38.82,39.01,37.89
2026-07-12,22,43.73,44.76,42.98
2026-07-12,23,47.57,48.33,47.27
2026-07-12,24,43.77,43.76,43.72
2026-07-13,1,37.41,36.93,37.05
2026-07-13,2,33.33,33.09,33.07
2026-07-13,3,33.08,33.11,33.08
2026-07-13,4,35.77,36.01,35.91
2026-07-13,5,35.56,36,35.82
2026-07-13,6,39.85,40.6,40.26
2026-07-13,7,40.49,40.85,40.77
2026-07-13,8,37.41,36.77,37.12
2026-07-13,9,29.82,29.2,29.51
2026-07-13,10,29.97,29.76,29.84
2026-07-13,11,28.13,28.39,28.14
2026-07-13,12,27.45,27.77,27.48
2026-07-13,13,28.21,28.41,28.06
2026-07-13,14,28.64,28.41,28.44
2026-07-13,15,29.09,28.81,28.63
2026-07-13,16,32.22,31.56,31.23
2026-07-13,17,33.91,32.5,31.52
2026-07-13,18,35.35,34.86,32
2026-07-13,19,34.32,34.23,32.41
2026-07-13,20,46.4,46.25,44.5
2026-07-13,21,45.71,45.15,44.48
2026-07-13,22,44.52,45.39,43.47
2026-07-13,23,40.42,42.32,40.72
2026-07-13,24,35.53,36.02,35.36
2026-07-14,1,36.83,35.33,35.94
2026-07-14,2,32.95,32.72,32.77
2026-07-14,3,31.39,31.75,31.56
2026-07-14,4,29.98,30.44,30.3
2026-07-14,5,34.33,35.11,34.78
2026-07-14,6,34.7,37.46,35.88
2026-07-14,7,33.89,35.41,34.49
2026-07-14,8,29.8,29.49,29.4
2026-07-14,9,23.7,23.22,23.41
2026-07-14,10,23.16,22.99,22.93
2026-07-14,11,21.6,21.55,21.41
2026-07-14,12,21.68,21.72,21.56
2026-07-14,13,22.84,22.52,22.12
2026-07-14,14,21.77,21.6,21.15
2026-07-14,15,20.97,21.11,20.78
2026-07-14,16,22.18,22.27,21.53
2026-07-14,17,24.14,24.35,22.95
2026-07-14,18,24.97,24.9,22.65
2026-07-14,19,26.86,27.42,25.74
2026-07-14,20,28.92,29.06,28.15
2026-07-14,21,34.84,34.32,34.08
2026-07-14,22,35.37,35.34,34.57
2026-07-14,23,38.39,38.08,37.82
2026-07-14,24,36.7,36.3,35.87
2026-07-15,1,29.98,30.38,29.52
2026-07-15,2,27.81,29.07,27.69
2026-07-15,3,28.27,30.33,28.56
2026-07-15,4,27.52,30.34,28.24
2026-07-15,5,29.64,32.37,30.33
2026-07-15,6,29.45,32.73,30.41
2026-07-15,7,28.47,31.68,29.42
2026-07-15,8,26.91,28.03,27.11
2026-07-15,9,23.37,23.22,23.02
2026-07-15,10,21.86,21.8,21.49
2026-07-15,11,21.15,21.12,20.87
2026-07-15,12,21.29,21.61,21.26
2026-07-15,13,21.71,22.34,21.97
2026-07-15,14,23.19,23.8,23.76
2026-07-15,15,22.8,23.8,23.36
2026-07-15,16,23.15,24.51,23.98
2026-07-15,17,23.45,25,24.06
2026-07-15,18,23.46,24.84,23.81
2026-07-15,19,24.82,25.18,24.43
2026-07-15,20,29.79,29.67,29.33
2026-07-15,21,32.9,32.8,32.45
2026-07-15,22,30.19,30.67,29.9
2026-07-15,23,29.48,29.65,29.36
2026-07-15,24,28.86,29.17,28.69
2026-07-16,1,29.7,30.03,29.12
2026-07-16,2,27.45,28.15,27.06
2026-07-16,3,26.67,27.49,26.36
2026-07-16,4,28.58,29.25,28.24
2026-07-16,5,29.69,30.35,29.42
2026-07-16,6,30.82,31.36,30.57
2026-07-16,7,30.41,31.33,30.49
2026-07-16,8,28.14,28.37,27.66
2026-07-16,9,26.02,25.76,25.55
2026-07-16,10,24.03,23.96,23.66
2026-07-16,11,21.6,22.06,22.38
2026-07-16,12,20.01,20.99,22.45
2026-07-16,13,19.35,20.75,22.82
2026-07-16,14,19.04,20.75,22.96
2026-07-16,15,18.52,20.94,24.01
2026-07-16,16,20.1,21.18,24.35
2026-07-16,17,19.53,21.95,24.65
2026-07-16,18,20.32,22.92,24.94
2026-07-16,19,24.31,25.46,25.67
2026-07-16,20,36.06,35.94,35.42
2026-07-16,21,37.82,37.69,37.31
2026-07-16,22,35.7,35.87,35.25
2026-07-16,23,33.78,33.74,33.28
2026-07-16,24,28.65,28.56,28.15
2026-07-17,1,28.17,27.99,27.73
2026-07-17,2,25.51,25.35,25.16
2026-07-17,3,24.52,24.36,24.19
2026-07-17,4,24.43,24.26,24.13
2026-07-17,5,24.55,24.4,24.33
2026-07-17,6,25.3,25.16,25.12
2026-07-17,7,25.38,25.42,25.28
2026-07-17,8,23.51,23.58,23.4
2026-07-17,9,21.95,22.11,21.95
2026-07-17,10,18.75,19.4,19.59
2026-07-17,11,17.43,19,19.66
2026-07-17,12,17.25,18.65,20.91
2026-07-17,13,18.88,19.63,22.52
2026-07-17,14,20.35,19.92,25.1
2026-07-17,15,21.59,21.58,26.72
2026-07-17,16,25,21.58,28.44
2026-07-17,17,26.53,22.45,28.92
2026-07-17,18,24.96,23.05,27.57
2026-07-17,19,27.13,26.14,27.55
2026-07-17,20,35.23,35.8,35.16
2026-07-17,21,37.83,37.63,37.45
2026-07-17,22,38.58,38.98,38.22
2026-07-17,23,37.06,36.86,36.68
2026-07-17,24,30.08,29.8,29.78
2026-07-18,1,28.93,28.76,28.65
2026-07-18,2,25.98,25.8,25.75
2026-07-18,3,23.61,23.45,23.45
2026-07-18,4,22.84,22.78,22.71
2026-07-18,5,22.44,22.38,22.34
2026-07-18,6,23.14,23.1,23.06
2026-07-18,7,22.07,22.16,22.07
2026-07-18,8,19.04,19.14,19.03
2026-07-18,9,16.84,17.03,16.97
2026-07-18,10,15.42,15.86,16.7
2026-07-18,11,13.63,15.57,16.64
2026-07-18,12,15.29,17.33,20.86
2026-07-18,13,18.52,19.44,24.19
2026-07-18,14,20.67,21.29,26.75
2026-07-18,15,22.69,22.76,28.69
2026-07-18,16,23.69,24.21,30.86
2026-07-18,17,24.7,26.34,31.35
2026-07-18,18,24.45,27.79,30.51
2026-07-18,19,28.96,30.97,30.53
2026-07-18,20,40.24,40.42,39.1
2026-07-18,21,42.54,42.61,41.51
2026-07-18,22,38.65,40.87,37.55
2026-07-18,23,36.83,37.45,36.09
2026-07-18,24,32.22,31.98,31.69
2026-07-19,1,33.44,33.11,32.98
2026-07-19,2,30.93,30.66,30.62
2026-07-19,3,29.32,28.99,29.05
2026-07-19,4,26.52,26.23,26.33
2026-07-19,5,25.24,24.99,25.04
2026-07-19,6,25.74,25.52,25.57
2026-07-19,7,23.95,23.67,23.74
2026-07-19,8,21.68,21.41,21.56
2026-07-19,9,16.68,16.62,16.64
2026-07-19,10,15.86,16.35,16.9
2026-07-19,11,15.36,16.86,17.99
2026-07-19,12,16.87,19.56,21.09
2026-07-19,13,16.76,19.97,21.53
2026-07-19,14,19.14,23.55,26.53
2026-07-19,15,20.59,25.47,28.86
2026-07-19,16,22.39,26.82,30.52
2026-07-19,17,24.19,30.35,31.32
2026-07-19,18,25.57,29.98,31.75
2026-07-19,19,32.71,34.72,33.48
2026-07-19,20,46.91,46.99,43.89
2026-07-19,21,49.09,48.67,46.39
2026-07-19,22,43.85,48,42.01
2026-07-19,23,48.75,50.3,47.47
2026-07-19,24,37.82,37.86,37.22
2026-07-20,1,32.67,32.57,32.17
2026-07-20,2,29.73,29.6,29.33
2026-07-20,3,27.13,27,26.81
2026-07-20,4,26.45,26.31,26.2
2026-07-20,5,26.17,25.97,25.95
2026-07-20,6,27.47,27.22,27.27
2026-07-20,7,27.39,27.03,27.15
2026-07-20,8,23.3,22.97,23.14
2026-07-20,9,17.19,17.32,17.66
2026-07-20,10,16.26,17.7,19.25
2026-07-20,11,16.52,19.22,21.54
2026-07-20,12,18.02,21.33,24.5
2026-07-20,13,22.51,23.72,30.28
2026-07-20,14,27.03,29.5,33.83
2026-07-20,15,29.49,31.84,32.8
2026-07-20,16,32.76,34.5,36.2
2026-07-20,17,34.65,35.42,35.88
2026-07-20,18,36.76,36.76,35.17
2026-07-20,19,40.63,43.16,37.17
2026-07-20,20,77.98,79.31,72.31
2026-07-20,21,72.69,72.54,68.12
2026-07-20,22,62.08,62.65,58.47
2026-07-20,23,43.04,42.78,41.72
2026-07-20,24,35.29,35.01,34.71
2026-07-21,1,28.96,28.73,28.67
2026-07-21,2,25.71,25.45,25.51
2026-07-21,3,23.93,23.67,23.75
2026-07-21,4,23.94,23.63,23.78
2026-07-21,5,24.5,24.16,24.34
2026-07-21,6,26.08,25.76,25.94
2026-07-21,7,34.2,33.69,33.99
2026-07-21,8,28.21,27.64,27.97
2026-07-21,9,19.21,19.45,19.46
2026-07-21,10,18.88,20.59,21.44
2026-07-21,11,19.78,23.28,25.16
2026-07-21,12,23.41,29.35,30.79
2026-07-21,13,27.57,34.36,32.89
2026-07-21,14,33.64,41.16,36.45
2026-07-21,15,36.4,45.84,39.12
2026-07-21,16,49.78,46.09,39.5
2026-07-21,17,56.72,48.57,41.08
2026-07-21,18,51.14,55.17,42.65
2026-07-21,19,72.43,83.07,65.23
2026-07-21,20,224.39,229.71,206.38
2026-07-21,21,198.89,215.03,187.04
2026-07-21,22,178.14,186.94,164.86
2026-07-21,23,78.13,82.74,74.9
2026-07-21,24,42.05,42.23,41.01
2026-07-22,1,43.9,43.53,43.26
2026-07-22,2,35.88,35.43,35.47
2026-07-22,3,33.39,32.89,33.05
2026-07-22,4,33.66,33.13,33.37
2026-07-22,5,31.3,30.75,31.06
2026-07-22,6,33.25,33.02,33.28
2026-07-22,7,38,37.3,37.7
2026-07-22,8,31.93,31.04,31.52
2026-07-22,9,22.7,22.87,22.92
2026-07-22,10,21.92,23.77,24.88
2026-07-22,11,24.89,28.73,30.79
2026-07-22,12,29.95,33.39,33.67
2026-07-22,13,33.91,38.98,36.98
2026-07-22,14,52.04,50.7,45.88
2026-07-22,15,64.05,52.28,50.57
2026-07-22,16,67.72,55.15,55.62
2026-07-22,17,77.3,63.92,61.79
2026-07-22,18,82.05,70.69,63.22
2026-07-22,19,125.23,114.05,105.44
2026-07-22,20,216.78,229.88,209.89
2026-07-22,21,228.05,241.83,221.38
2026-07-22,22,170.25,183.56,161.53
2026-07-22,23,104.7,107.48,100.8
2026-07-22,24,57.48,55.67,55.64
2026-07-23,1,54.27,50,52.61
2026-07-23,2,45.22,40.39,43.4
2026-07-23,3,39.3,34.94,37.65
2026-07-23,4,38.22,33.31,36.41
2026-07-23,5,38.74,33.35,36.75
2026-07-23,6,42.7,37.48,40.73
2026-07-23,7,45.09,40.14,43.22
2026-07-23,8,34.02,29.96,32.39
2026-07-23,9,24,23.57,23.87
2026-07-23,10,22.24,22.85,23.94
2026-07-23,11,21.88,23.54,26.5
2026-07-23,12,24.26,25.83,29.09
2026-07-23,13,32.65,29.5,34.01
2026-07-23,14,40.25,37.63,40.86
2026-07-23,15,43.68,34.7,38.87
2026-07-23,16,48.45,35.34,40.56
2026-07-23,17,52.33,36.67,36.17
2026-07-23,18,45.5,35.5,35.81
2026-07-23,19,47.32,42.06,39.3
2026-07-23,20,57.42,58.23,53.5
2026-07-23,21,56.03,59.55,56.22
2026-07-23,22,49,50.33,48.55
2026-07-23,23,41.49,39.3,40.43
2026-07-23,24,36.78,34.88,35.98
2026-07-24,1,35.97,33.25,34.95
2026-07-24,2,32.89,30.14,31.86
2026-07-24,3,31.27,28.13,30.1
2026-07-24,4,30.22,27.24,29.11
2026-07-24,5,31.49,28.01,30.19
2026-07-24,6,33.53,29.45,31.99
2026-07-24,7,36.64,32.53,35.07
2026-07-24,8,33.25,29.59,31.84
2026-07-24,9,24.6,24.64,25.44
2026-07-24,10,20.74,23.71,26.72
2026-07-24,11,19.61,24.34,30.22
2026-07-24,12,21.43,27.77,36.59
2026-07-24,13,25.9,30.46,40.3
2026-07-24,14,32.97,37.48,48
2026-07-24,15,34.01,38.89,44.81
2026-07-24,16,36.18,39.62,44.79
2026-07-24,17,35,38.37,44.46
2026-07-24,18,37.14,35.41,43.86
2026-07-24,19,37.3,38.57,41.76
2026-07-24,20,43.79,42.95,42.43
2026-07-24,21,44.7,45.34,44.17
2026-07-24,22,43.88,44.14,43.4
2026-07-24,23,37.82,37.73,37.37
2026-07-24,24,30.65,30.49,30.4
2026-07-25,1,27.7,27.62,27.59
2026-07-25,2,24.97,24.8,24.86
2026-07-25,3,23.79,23.61,23.71
2026-07-25,4,23.86,23.62,23.78
2026-07-25,5,22.96,22.75,22.89
2026-07-25,6,23.14,22.94,23.07
2026-07-25,7,22.34,22.2,22.28
2026-07-25,8,20.87,20.82,20.85
2026-07-25,9,17.74,17.59,17.66
2026-07-25,10,16.81,15.3,17.82
2026-07-25,11,18.58,15.69,20.56
2026-07-25,12,22.85,17.55,24.47
2026-07-25,13,26.28,20.82,28.43
2026-07-25,14,32.8,23.67,29.83
2026-07-25,15,34.51,27.09,31.59
2026-07-25,16,36.87,28.73,32.5
2026-07-25,17,38.31,29.86,33.44
2026-07-25,18,37.86,29,33.26
2026-07-25,19,39.59,33.99,34.66
2026-07-25,20,47.21,45.02,44.56
2026-07-25,21,47.87,47.97,47.38
2026-07-25,22,41.81,42.53,41.31
2026-07-25,23,35.03,34.95,34.88
2026-07-25,24,30.1,30.01,30.06
2026-07-26,1,25.54,25.4,25.49
2026-07-26,2,24.03,23.87,23.97
2026-07-26,3,23,22.78,22.92
2026-07-26,4,22.51,22.26,22.39
2026-07-26,5,21.98,21.75,21.88
2026-07-26,6,21.7,21.5,21.61
2026-07-26,7,20.87,20.69,20.8
2026-07-26,8,19.01,18.83,18.94
2026-07-26,9,15.85,14.94,15.93
2026-07-26,10,15.76,11.33,17.48
2026-07-26,11,17.21,13.46,20.94
2026-07-26,12,20.61,15.56,24.34
2026-07-26,13,27.15,19.82,27.26
2026-07-26,14,32.93,23.46,28.97
2026-07-26,15,35.61,24.65,30.87
2026-07-26,16,37.46,26.09,34.09
2026-07-26,17,38.61,27.6,32.75
2026-07-26,18,38,26.72,31.63
2026-07-26,19,41.04,31.16,35.46
2026-07-26,20,44.76,43.2,43.17
2026-07-26,21,45.75,46.02,45.47
2026-07-26,22,40.05,39.84,39.86
2026-07-26,23,35.25,35.22,35.13
2026-07-26,24,29.4,29.28,29.28
2026-07-27,1,24.46,24.4,24.42
2026-07-27,2,23.08,23.01,23.05
2026-07-27,3,22.1,22,22.06
2026-07-27,4,21.91,21.79,21.86
2026-07-27,5,22.02,21.88,21.97
2026-07-27,6,22.55,22.41,22.5
2026-07-27,7,23.03,22.92,22.99
2026-07-27,8,20.46,20.33,20.41
2026-07-27,9,16.88,16.68,17.32
2026-07-27,10,15.68,15.94,22.24
2026-07-27,11,20.29,18.85,29.15
2026-07-27,12,24.3,22.4,36.48
2026-07-27,13,36.55,24.83,40.93
2026-07-27,14,46.63,29.74,43.47
2026-07-27,15,43.52,32.05,40.6
2026-07-27,16,47.15,33.93,42.54
2026-07-27,17,51.08,36.71,44.42
2026-07-27,18,49.17,37.59,39.66
2026-07-27,19,57.65,38.78,40.18
2026-07-27,20,65.21,59.87,56.48
2026-07-27,21,64.49,65.12,60.51
2026-07-27,22,49.91,50.56,48.63
2026-07-27,23,39.73,40.17,39.43
2026-07-27,24,31.28,31.48,31.11
2026-07-28,1,25.37,25.26,25.24
2026-07-28,2,24.08,24.02,23.98
2026-07-28,3,23.38,23.28,23.3
2026-07-28,4,22.7,22.61,22.61
2026-07-28,5,23.6,23.49,23.54
2026-07-28,6,24.02,23.89,23.97
2026-07-28,7,24.04,23.92,23.98
2026-07-28,8,22.6,22.5,22.56
2026-07-28,9,16.36,17.24,18.05
2026-07-28,10,15.21,16.75,20.74
2026-07-28,11,17.31,18.9,24.94
2026-07-28,12,21.81,22.82,30.95
2026-07-28,13,25.43,26.05,34.85
2026-07-28,14,34.51,29.33,39.8
2026-07-28,15,37.76,33.62,40.93
2026-07-28,16,43.17,34.39,43.7
2026-07-28,17,48.69,36.08,44.41
2026-07-28,18,50.42,35.8,39.85
2026-07-28,19,47.92,38.84,38.95
2026-07-28,20,71.18,60.13,55.12
2026-07-28,21,75.83,66.64,62.36
2026-07-28,22,55.09,55.69,53.28
2026-07-28,23,44.48,44.45,43.89
2026-07-28,24,32.42,32.31,32.02
2026-07-29,1,28,27.85,27.64
2026-07-29,2,25.6,25.48,25.37
2026-07-29,3,24.39,24.24,24.24
2026-07-29,4,24.17,24.06,24.06
2026-07-29,5,25.13,25.02,25.03
2026-07-29,6,27.5,27.46,27.45
2026-07-29,7,29.7,29.62,29.65
2026-07-29,8,26.65,26.57,26.6
2026-07-29,9,19.76,20.6,21.31
2026-07-29,10,17.81,20.96,23.65
2026-07-29,11,17.93,22.55,26.26
2026-07-29,12,20.44,25.89,32.03
2026-07-29,13,25.52,30.64,38.72
2026-07-29,14,30.19,37.41,38.64
2026-07-29,15,34.68,39.08,38.49
2026-07-29,16,40.49,41.99,41.41
2026-07-29,17,46.74,42.39,42.28
2026-07-29,18,47.11,41.39,37.76
2026-07-29,19,61.8,49.72,42.64
2026-07-29,20,71.02,67.71,60.67
2026-07-29,21,74.68,74.85,69.19
2026-07-29,22,64.49,66.72,62.96
2026-07-29,23,47.04,46.83,46.12
2026-07-29,24,34.4,34.18,33.97
2026-07-30,1,29.78,29.56,29.64
2026-07-30,2,26.06,25.81,25.92
2026-07-30,3,25.12,24.87,25.04
2026-07-30,4,24.65,24.44,24.58
2026-07-30,5,24.73,24.58,24.68
2026-07-30,6,26.58,26.48,26.55
2026-07-30,7,31.45,31.51,31.67
2026-07-30,8,27.01,27.06,27.18
2026-07-30,9,20.02,21.87,23.67
2026-07-30,10,14.51,20,25.18
2026-07-30,11,16.66,21.57,28.04
2026-07-30,12,20.08,24.74,32.43
2026-07-30,13,24.86,27.4,38.01
2026-07-30,14,32.34,33.48,43.2
2026-07-30,15,36.59,40.25,43.85
2026-07-30,16,41.8,45.45,48.04
2026-07-30,17,50.73,48.66,50.59
2026-07-30,18,50.34,46.41,46.88
2026-07-30,19,54.65,52.88,43.87
2026-07-30,20,68.62,66.24,60.27
2026-07-30,21,64.45,65.63,61.88
2026-07-30,22,62.09,63.88,61.26
2026-07-30,23,43.18,43.24,42.95
2026-07-30,24,31.2,31.02,31.02
2026-07-31,1,27.58,26.14,28
2026-07-31,2,24.84,23.32,25.38
2026-07-31,3,23.1,21.67,23.59
2026-07-31,4,23.56,22.2,24.16
2026-07-31,5,23.01,22.02,23.42
2026-07-31,6,24.35,23.4,24.73
2026-07-31,7,25.04,24.01,25.13
2026-07-31,8,22.54,21.57,22.63
2026-07-31,9,17.53,16.42,20.4
2026-07-31,10,13.45,15.64,19.76
2026-07-31,11,14.49,17.4,23.44
2026-07-31,12,18.61,20.59,27.34
2026-07-31,13,24.03,29.04,38.78
2026-07-31,14,31.25,35.19,42.58
2026-07-31,15,37.27,40.23,45.91
2026-07-31,16,47.53,47.1,51.04
2026-07-31,17,59.48,54.86,51.08
2026-07-31,18,60.83,55.24,46.08
2026-07-31,19,68.74,69.47,50.13
2026-07-31,20,111.6,102.96,86.07
2026-07-31,21,104.31,101.55,88.11
2026-07-31,22,106.89,105.84,93.15
2026-07-31,23,80.66,81.05,77.97
2026-07-31,24,48.09,48.09,47.29
2026-08-01,1,35.51,35.14,35.14
2026-08-01,2,33.27,33.01,33.09
2026-08-01,3,30.23,29.44,29.93
2026-08-01,4,30.34,29.27,29.94
2026-08-01,5,30.53,28.1,29.62
2026-08-01,6,29.88,26.91,28.77
2026-08-01,7,30.13,27.57,29.17
2026-08-01,8,27.48,24.45,26.36
2026-08-01,9,21.67,21.07,21.45
2026-08-01,10,20.37,20.34,20.7
2026-08-01,11,19.84,20.5,20.96
2026-08-01,12,21.23,20.91,21.99
2026-08-01,13,31.24,22.97,26.33
2026-08-01,14,41.42,25.65,29.67
2026-08-01,15,56.86,29.53,32.82
2026-08-01,16,62.5,31.38,36.21
2026-08-01,17,68.18,34.12,39.04
2026-08-01,18,61.03,37.25,40.3
2026-08-01,19,61.83,52.91,50.06
2026-08-01,20,81.3,79.81,75.15
2026-08-01,21,68.91,69.53,64.65
2026-08-01,22,72.56,74.27,69.58
2026-08-01,23,79.57,80.47,77.2
2026-08-01,24,52.46,52.62,51.25
2026-08-02,1,44.22,40.03,42.42
2026-08-02,2,41.53,36.79,39.55
2026-08-02,3,37.55,32.2,35.47
2026-08-02,4,35.26,30.45,33.47
2026-08-02,5,34.24,29.83,32.59
2026-08-02,6,33.43,29.45,31.96
2026-08-02,7,34.25,29.29,32.46
2026-08-02,8,28.04,23.18,26.21
2026-08-02,9,18.44,17.87,18.1
2026-08-02,10,18.27,17.51,17.82
2026-08-02,11,20.06,18.55,19
2026-08-02,12,25.01,19.83,21.78
2026-08-02,13,32.75,20.96,25.48
2026-08-02,14,46.05,24.06,30.38
2026-08-02,15,57.02,25.91,34.25
2026-08-02,16,64.48,31.16,38.52
2026-08-02,17,71.65,39.74,41.61
2026-08-02,18,75.47,46.06,40.24
2026-08-02,19,75.32,64.13,51.39
2026-08-02,20,89.88,93.12,81.66
2026-08-02,21,89.11,87.07,81.53
2026-08-02,22,63,61.32,61.53
2026-08-02,23,42.14,40.19,41.46
2026-08-02,24,32.43,31.07,31.94
2026-08-03,1,25.88,24.91,25.49
2026-08-03,2,22.71,22.06,22.44
2026-08-03,3,21.64,21.11,21.43
2026-08-03,4,20.94,20.35,20.73
2026-08-03,5,20.91,20.23,20.67
2026-08-03,6,24.1,23.24,23.77
2026-08-03,7,22.18,21.06,21.6
2026-08-03,8,19.57,18.22,18.9
2026-08-03,9,15.92,14.73,15.17
2026-08-03,10,17.46,13.86,18.12
2026-08-03,11,21.75,13.4,21.46
2026-08-03,12,29.4,14.17,26.3
2026-08-03,13,38.06,18.08,33.57
2026-08-03,14,42.93,21.33,37.67
2026-08-03,15,42.91,25.38,38.68
2026-08-03,16,44.76,27.57,42.25
2026-08-03,17,43.83,31.78,43.67
2026-08-03,18,38.74,30.29,38.03
2026-08-03,19,39.79,36.46,37.57
2026-08-03,20,50.57,49.27,47.99
2026-08-03,21,48.76,47.8,47.63
2026-08-03,22,37.54,36.43,36.92
2026-08-03,23,32.33,31.22,31.81
2026-08-03,24,26.66,26.22,26.45
2026-08-04,1,21.35,20.22,21.15
2026-08-04,2,20.26,18.85,20.05
2026-08-04,3,19.89,18.77,19.72
2026-08-04,4,18.88,18.09,18.75
2026-08-04,5,18.91,18.5,18.83
2026-08-04,6,20.44,20.2,20.36
2026-08-04,7,20.45,20.12,20.33
2026-08-04,8,19.22,19.07,19.17
2026-08-04,9,16.29,14.4,16.26
2026-08-04,10,16.87,12.19,21.2
2026-08-04,11,18.83,12.69,26.06
2026-08-04,12,23.61,15.53,33.97
2026-08-04,13,28.41,20.42,37.87
2026-08-04,14,32.6,25.85,42.23
2026-08-04,15,31.38,31.22,43.66
2026-08-04,16,32.84,33.44,44.47
2026-08-04,17,33.46,37.33,41.89
2026-08-04,18,32.92,38.84,38.58
2026-08-04,19,34.17,42.03,38.36
2026-08-04,20,44.51,50.59,42.69
2026-08-04,21,45.89,48.96,44.32
2026-08-04,22,48.96,49.61,48.12
2026-08-04,23,37.29,36.98,36.95
2026-08-04,24,30.09,29.79,29.9
2026-08-05,1,24.41,24.01,24.25
2026-08-05,2,22.65,22.2,22.48
2026-08-05,3,21.77,21.15,21.54
2026-08-05,4,21.62,21.07,21.41
2026-08-05,5,21.35,20.74,21.16
2026-08-05,6,23.21,22.69,23.06
2026-08-05,7,22.77,22.24,22.61
2026-08-05,8,21.64,21.14,21.51
2026-08-05,9,16.86,16.8,18.31
2026-08-05,10,17.01,14.56,21.72
2026-08-05,11,18.37,14.34,25.81
2026-08-05,12,21.59,17.78,30.74
2026-08-05,13,26.6,21.28,33.68
2026-08-05,14,31.33,24.79,37.98
2026-08-05,15,34.12,28.36,40.85
2026-08-05,16,34.86,32.43,42.57
2026-08-05,17,39.2,36.75,44.01
2026-08-05,18,36.98,38.94,42.1
2026-08-05,19,40,41.12,39
2026-08-05,20,43.88,44.63,41.35
2026-08-05,21,42.54,42.3,40.99
2026-08-05,22,39.62,40.39,39.05
2026-08-05,23,35.61,35.4,35.44
2026-08-05,24,28.84,28.62,28.72
2026-08-06,1,22.65,22.13,22.45
2026-08-06,2,21.22,20.64,21
2026-08-06,3,20.35,19.9,20.19
2026-08-06,4,20.67,20.33,20.54
2026-08-06,5,21,20.69,20.89
2026-08-06,6,22.97,22.74,22.89
2026-08-06,7,24.87,24.62,24.78
2026-08-06,8,23.44,23.16,23.37
2026-08-06,9,18.55,18.08,19.29
2026-08-06,10,17.51,14.3,21.71
2026-08-06,11,19.56,14.13,27.88
2026-08-06,12,23.76,16.22,32.71
2026-08-06,13,30.76,19.04,35.06
2026-08-06,14,36.56,22.11,38.07
2026-08-06,15,38.3,27.8,40.98
2026-08-06,16,41.16,27.07,40.57
2026-08-06,17,39.83,29.93,39.72
2026-08-06,18,33.38,31.84,35.68
2026-08-06,19,34.89,35.29,34.49
2026-08-06,20,42.38,41.96,40.02
2026-08-06,21,41.95,41.8,41.13
2026-08-06,22,40.53,40.5,39.97
2026-08-06,23,32.96,32.53,32.73
2026-08-06,24,26.9,26.42,26.72
2026-08-07,1,27.16,26.61,26.93
2026-08-07,2,24.07,23.55,23.87
2026-08-07,3,23.53,23.03,23.34
2026-08-07,4,22.08,21.62,21.91
2026-08-07,5,21.96,21.59,21.83
2026-08-07,6,23.79,23.36,23.64
2026-08-07,7,26.47,25.97,26.29
2026-08-07,8,23.74,22.79,23.35
2026-08-07,9,20.5,17.23,18.6
2026-08-07,10,20.89,14.16,18.78
2026-08-07,11,23.79,13.65,21.2
2026-08-07,12,27.31,16.51,25.44
2026-08-07,13,32.95,20.24,30.47
2026-08-07,14,35.87,25.52,33.73
2026-08-07,15,33.96,28.62,33.27
2026-08-07,16,35.92,29.82,32.78
2026-08-07,17,35.37,34.49,34.16
2026-08-07,18,34.07,35.12,31.39
2026-08-07,19,39.1,39.86,35.88
2026-08-07,20,46.4,46.83,44.14
2026-08-07,21,45.19,45.91,43.76
2026-08-07,22,44.26,45.7,43.28
2026-08-07,23,38.22,38.03,38.09
2026-08-07,24,31.09,30.86,30.99
2026-08-08,1,28.36,27.8,28.15
2026-08-08,2,26.11,25.28,25.8
2026-08-08,3,25.97,25.07,25.61
2026-08-08,4,24.87,24.07,24.51
2026-08-08,5,24.77,23.98,24.43
2026-08-08,6,25.55,24.53,25.12
2026-08-08,7,24.42,23.53,24.04
2026-08-08,8,24.11,22.87,23.54
2026-08-08,9,18.86,18.7,18.82
2026-08-08,10,18.77,17.19,17.98
2026-08-08,11,19.76,16.79,18.16
2026-08-08,12,24.28,19.68,21.67
2026-08-08,13,25.83,21.31,23.93
2026-08-08,14,27.87,22.92,25.38
2026-08-08,15,32.36,23.74,26.15
2026-08-08,16,36.45,25.92,27.7
2026-08-08,17,33.85,28.41,28.04
2026-08-08,18,32.34,28.62,26.72
2026-08-08,19,38.71,35.37,34.1
2026-08-08,20,43.2,42.05,41.38
2026-08-08,21,42.78,41.49,41.75
2026-08-08,22,38.7,37.42,37.95
2026-08-08,23,34.75,32.81,33.96
2026-08-08,24,28.65,26.7,27.88
2026-08-09,1,30.68,27.58,29.51
2026-08-09,2,27.72,25.01,26.68
2026-08-09,3,25.02,22.51,24.06
2026-08-09,4,23.95,21.82,23.07
2026-08-09,5,23.84,21.9,23.03
2026-08-09,6,24.21,22.42,23.45
2026-08-09,7,22.99,21.65,22.42
2026-08-09,8,20.66,19.24,19.96
2026-08-09,9,16.23,15.47,15.78
2026-08-09,10,17.57,14.25,15.6
2026-08-09,11,19.86,14.52,16.55
2026-08-09,12,21.32,17.44,19.18
2026-08-09,13,27.39,22.64,25.37
2026-08-09,14,25.18,24.31,25.27
2026-08-09,15,31.52,27.66,26.37
2026-08-09,16,34.98,28.69,27.72
2026-08-09,17,34.12,30.89,28.56
2026-08-09,18,32.83,29.64,26.98
2026-08-09,19,35.6,34.08,31.89
2026-08-09,20,45.56,44.69,44.19
2026-08-09,21,47.16,45.85,46.19
2026-08-09,22,44.84,43.96,44.22
2026-08-09,23,36.18,34.6,35.56
2026-08-09,24,29.52,28.27,29.04
2026-08-10,1,25.2,24,24.75
2026-08-10,2,23.61,22.61,23.24
2026-08-10,3,22.2,21.12,21.8
2026-08-10,4,21.85,21.19,21.6
2026-08-10,5,22.23,21.63,22
2026-08-10,6,23.93,23.35,23.69
2026-08-10,7,23.92,22.99,23.5
2026-08-10,8,22.25,21.11,21.71
2026-08-10,9,18.62,18.26,18.45
2026-08-10,10,18.59,16.17,18.3
2026-08-10,11,21.18,17.43,22.01
2026-08-10,12,23.98,19.99,25.91
2026-08-10,13,27.4,22.37,29.64
2026-08-10,14,29.3,27.5,30.11
2026-08-10,15,28.72,34.18,29.71
2026-08-10,16,30.13,37.42,30.2
2026-08-10,17,29.58,40.89,31.88
2026-08-10,18,34.24,41.75,31.36
2026-08-10,19,38.2,48.84,36.55
2026-08-10,20,44.53,45.19,41.51
2026-08-10,21,43.63,43.7,42.1
2026-08-10,22,41.45,41.37,40.53
2026-08-10,23,35.83,35.71,35.36
2026-08-10,24,28.44,28.39,28.22
2026-08-11,1,24.03,23.85,23.91
2026-08-11,2,22.35,22.14,22.24
2026-08-11,3,21.62,21.42,21.53
2026-08-11,4,21.5,21.29,21.42
2026-08-11,5,21.52,21.26,21.43
2026-08-11,6,22.48,22.18,22.37
2026-08-11,7,22.55,22.27,22.44
2026-08-11,8,21.81,21.59,21.71
2026-08-11,9,16.45,16.41,16.86
2026-08-11,10,14.91,14.09,17.48
2026-08-11,11,17.12,14.89,21.68
2026-08-11,12,20.8,17.3,24.01
2026-08-11,13,24.62,21.39,29.15
2026-08-11,14,28.02,25.39,32.41
2026-08-11,15,27.54,28.98,31.91
2026-08-11,16,30.79,31.61,33.22
2026-08-11,17,32.18,36.16,35.68
2026-08-11,18,31.48,34.5,30.92
2026-08-11,19,34.58,40.09,33.16
2026-08-11,20,40.02,45.22,38.84
2026-08-11,21,42.23,44.29,41.74
2026-08-11,22,38,38.99,37.86
2026-08-11,23,33.32,33.59,33.25
2026-08-11,24,26.51,26.74,26.46
2026-08-12,1,23.21,23.23,23.2
2026-08-12,2,22.17,22.12,22.14
2026-08-12,3,21.47,21.42,21.44
2026-08-12,4,20.69,20.6,20.65
2026-08-12,5,20.44,20.36,20.41
2026-08-12,6,21.93,21.87,21.92
2026-08-12,7,21.49,21.41,21.47
2026-08-12,8,19.45,19.4,19.43
2026-08-12,9,16.41,16.45,17.21
2026-08-12,10,14.56,15.12,18.45
2026-08-12,11,14.04,17.18,21.21
2026-08-12,12,17.42,20.74,24.92
2026-08-12,13,24.32,20.67,28.65
2026-08-12,14,28.91,22.41,31.22
2026-08-12,15,30.6,26.63,32.72
2026-08-12,16,34.17,28.78,34.96
2026-08-12,17,36.43,33.83,36.74
2026-08-12,18,37.68,33.25,34.41
2026-08-12,19,33.11,37.68,34.4
2026-08-12,20,36.52,41.45,35.93
2026-08-12,21,36.39,39.38,36.14
2026-08-12,22,34.44,35.79,34.27
2026-08-12,23,31.1,32.31,31.47
2026-08-12,24,25.05,25.67,25.19
2026-08-13,1,23.33,23.73,23.48
2026-08-13,2,21.77,22.18,22.02
2026-08-13,3,20.89,21.14,20.99
2026-08-13,4,19.55,19.77,19.63
2026-08-13,5,19.89,20.82,20.35
2026-08-13,6,21.05,22.24,22.62
2026-08-13,7,21.11,21.96,22.36
2026-08-13,8,19.9,20.37,20.75
2026-08-13,9,14.53,16.67,19.48
2026-08-13,10,13.49,15.12,20.38
2026-08-13,11,16.14,16.91,24.23
2026-08-13,12,21.34,19.05,29.86
2026-08-13,13,29.34,19.94,35.23
2026-08-13,14,33.76,23.68,38.16
2026-08-13,15,35.06,27.9,35.26
2026-08-13,16,36.78,32.93,36.88
2026-08-13,17,38.91,37.28,37.76
2026-08-13,18,39.09,38.29,34.99
2026-08-13,19,33.41,39.57,33.84
2026-08-13,20,38.36,44.08,37.28
2026-08-13,21,37.84,40.31,36.89
2026-08-13,22,39.52,41.05,38.94
2026-08-13,23,33.69,33.65,33.38
2026-08-13,24,27.75,27.69,27.57
2026-08-14,1,24.56,24.27,24.23
2026-08-14,2,23.13,22.91,22.96
2026-08-14,3,22.17,21.99,22.06
2026-08-14,4,21.97,21.83,21.91
2026-08-14,5,21.68,21.52,21.62
2026-08-14,6,22.81,22.64,22.74
2026-08-14,7,23.51,23.34,23.45
2026-08-14,8,22.17,22.01,22.13
2026-08-14,9,18.59,18.4,20.04
2026-08-14,10,15.61,14.61,20.85
2026-08-14,11,19.64,15.88,24.14
2026-08-14,12,22.99,18.3,33.4
2026-08-14,13,28.75,21.71,34.62
2026-08-14,14,34.89,24.51,37.3
2026-08-14,15,35.87,31.29,38.75
2026-08-14,16,40,33.6,39.12
2026-08-14,17,38.79,36.35,40.02
2026-08-14,18,35.6,38.44,37.06
2026-08-14,19,37.6,45.07,40.24
2026-08-14,20,42.6,45.4,40.57
2026-08-14,21,39.69,40.03,38.88
2026-08-14,22,39.37,39.47,38.48
2026-08-14,23,36.28,35.99,35.52
2026-08-14,24,30.2,29.94,29.81
2026-08-15,1,24.86,24.59,24.55
2026-08-15,2,24.11,23.92,23.97
2026-08-15,3,23.49,23.35,23.4
2026-08-15,4,22.52,22.44,22.48
2026-08-15,5,22.17,22.06,22.13
2026-08-15,6,22.97,22.79,22.89
2026-08-15,7,23.72,23.5,23.63
2026-08-15,8,22.84,22.67,22.77
2026-08-15,9,17.88,17.62,17.84
2026-08-15,10,16.2,13.56,16.17
2026-08-15,11,19.15,14.05,19.34
2026-08-15,12,22.82,16.58,29.98
2026-08-15,13,29.58,19.28,31.89
2026-08-15,14,37.32,22.75,34.29
2026-08-15,15,39.31,26.44,35.28
2026-08-15,16,42.53,30.29,36.72
2026-08-15,17,40.44,34.31,38.2
2026-08-15,18,39.89,35.32,37.02
2026-08-15,19,39.47,41.69,39.76
2026-08-15,20,47.06,47.67,43.94
2026-08-15,21,44.59,44.95,43.48
2026-08-15,22,44.76,44.81,43.84
2026-08-15,23,38.59,38.23,38.12
2026-08-15,24,32.19,31.78,31.85
2026-08-16,1,25.03,24.69,24.86
2026-08-16,2,23.75,23.43,23.6
2026-08-16,3,23.03,22.72,22.91
2026-08-16,4,22.83,22.64,22.76
2026-08-16,5,22.15,21.96,22.05
2026-08-16,6,23.01,22.86,22.92
2026-08-16,7,22.29,22.12,22.16
2026-08-16,8,20.35,20.11,20.13
2026-08-16,9,16.15,16.11,16.16
2026-08-16,10,16.06,13.16,14.3
2026-08-16,11,18.06,13.77,15.42
2026-08-16,12,22.38,16.87,19.36
2026-08-16,13,26.43,22.46,25.48
2026-08-16,14,30.24,27.54,29.85
2026-08-16,15,32.92,32.55,32.42
2026-08-16,16,37.05,35.67,36.73
2026-08-16,17,39.45,37.55,37.89
2026-08-16,18,41.5,41.45,37.33
2026-08-16,19,57.59,57.31,47.18
2026-08-16,20,73.8,71.94,63.31
2026-08-16,21,63.74,64.07,59.51
2026-08-16,22,58.19,57.78,56.16
2026-08-16,23,52.96,52.72,52.34
2026-08-16,24,32.24,31.95,32.01
2026-08-17,1,29.42,28.71,29.14
2026-08-17,2,27.07,26.46,26.84
2026-08-17,3,26.33,25.58,26.05
2026-08-17,4,24.94,24.41,24.74
2026-08-17,5,26.74,26.17,26.52
2026-08-17,6,29.72,29.16,29.45
2026-08-17,7,32.58,31.9,32.23
2026-08-17,8,31.47,30.59,31.01
2026-08-17,9,21.68,21.57,21.61
2026-08-17,10,21.63,19.82,21.19
2026-08-17,11,23.85,20.72,24
2026-08-17,12,29.74,22.98,27.68
2026-08-17,13,33.37,29.28,32.44
2026-08-17,14,41.76,34.38,36.96
2026-08-17,15,54.07,41.02,36.9
2026-08-17,16,58.95,44.79,39.33
2026-08-17,17,60,51.4,40.79
2026-08-17,18,76.77,61.25,43.85
2026-08-17,19,104.06,94.76,70.54
2026-08-17,20,128.45,134.05,115.35
2026-08-17,21,120.77,128.23,115.2
2026-08-17,22,123.18,128.86,118.81
2026-08-17,23,78.58,79.1,77.69
2026-08-17,24,38.25,37.97,38.08
2026-08-18,1,29.47,28.99,29.27
2026-08-18,2,26.19,25.67,25.99
2026-08-18,3,24.7,24.07,24.46
2026-08-18,4,24.14,23.44,23.88
2026-08-18,5,24.44,23.22,24
2026-08-18,6,25.55,23.98,24.97
2026-08-18,7,26.72,24.02,25.62
2026-08-18,8,25.72,22.81,24.49
2026-08-18,9,19.68,18.73,19.42
2026-08-18,10,19.14,16.16,19.03
2026-08-18,11,21.34,17.46,21.41
2026-08-18,12,28.02,22.22,28.11
2026-08-18,13,34.08,27.03,32.28
2026-08-18,14,46.22,31.3,38.47
2026-08-18,15,53.07,34.14,39.01
2026-08-18,16,54.63,37.86,43.42
2026-08-18,17,53.64,43.22,45.87
2026-08-18,18,60.76,49.04,43.03
2026-08-18,19,75.49,69.16,55.79
2026-08-18,20,82.64,81.72,69.44
2026-08-18,21,82.85,78.44,71.42
2026-08-18,22,60.2,60.12,56.28
2026-08-18,23,41.89,41,41.24
2026-08-18,24,30.66,29.58,30.15
2026-08-19,1,25.35,24.62,25.05
2026-08-19,2,22.88,22.25,22.63
2026-08-19,3,22.01,21.22,21.7
2026-08-19,4,22.42,21.39,22.03
2026-08-19,5,22.21,21.23,21.86
2026-08-19,6,23.4,21.97,22.89
2026-08-19,7,23.65,21.89,22.8
2026-08-19,8,21.68,20.13,20.88
2026-08-19,9,19.02,16.45,17.33
2026-08-19,10,19.33,14.5,17.35
2026-08-19,11,20.23,15.13,19.32
2026-08-19,12,21.81,17.72,21.77
2026-08-19,13,26.4,23.19,27.85
2026-08-19,14,30.62,31.63,33.6
2026-08-19,15,38.39,37.8,43.7
2026-08-19,16,44.16,43.83,47.73
2026-08-19,17,51.42,50.96,51.92
2026-08-19,18,51.83,56.77,45
2026-08-19,19,63.79,79.88,54.75
2026-08-19,20,98.08,109.43,87.96
2026-08-19,21,91.26,100.55,87.79
2026-08-19,22,63.32,67.46,61.82
2026-08-19,23,40.72,41.2,40.86
2026-08-19,24,31.64,31.5,31.54
2026-08-20,1,23.87,23.66,23.78
2026-08-20,2,22.05,21.87,21.98
2026-08-20,3,21.89,21.59,21.78
2026-08-20,4,22.21,21.99,22.13
2026-08-20,5,23.33,22.99,23.2
2026-08-20,6,25.05,24.71,24.92
2026-08-20,7,27.4,27.17,27.31
2026-08-20,8,25.4,25.05,25.1
2026-08-20,9,20.74,20.45,20.34
2026-08-20,10,18.25,18.25,19.76
2026-08-20,11,18.64,19.09,21.66
2026-08-20,12,20.55,22.27,25.53
2026-08-20,13,26.32,27.12,30.37
2026-08-20,14,34.86,35.34,35.01
2026-08-20,15,48.01,44.4,49.45
2026-08-20,16,52.63,52.35,51.53
2026-08-20,17,59.24,62.57,51.52
2026-08-20,18,64.91,75.57,50.39
2026-08-20,19,106.11,119.39,78.66
2026-08-20,20,152.93,171.79,132.57
2026-08-20,21,137,152.96,129.26
2026-08-20,22,120,127.72,111.55
2026-08-20,23,60.3,61.07,57.99
2026-08-20,24,36.65,36.32,36
2026-08-21,1,27.75,27.07,27.45
2026-08-21,2,24.77,24.19,24.53
2026-08-21,3,24.44,23.75,24.17
2026-08-21,4,24.31,23.77,24.1
2026-08-21,5,24.14,23.41,23.87
2026-08-21,6,26.86,25.85,26.49
2026-08-21,7,28.08,26.44,27.46
2026-08-21,8,27.28,25.76,26.7
2026-08-21,9,20.54,20.45,20.53
2026-08-21,10,19.18,19.14,19.62
2026-08-21,11,19.52,20.92,21.91
2026-08-21,12,23.61,24.33,26.13
2026-08-21,13,28.15,30.63,30.34
2026-08-21,14,58.23,37.75,34.42
2026-08-21,15,70.02,48.26,40.53
2026-08-21,16,87.77,57.44,43.13
2026-08-21,17,96.16,74.96,50.28
2026-08-21,18,99.42,83.05,55.11
2026-08-21,19,127.46,137.76,102.86
2026-08-21,20,132.02,142.21,118.06
2026-08-21,21,107.62,112.65,99.88
2026-08-21,22,78.38,77.95,73.09
2026-08-21,23,47.56,47.03,46.43
2026-08-21,24,31.92,30.99,31.49
2026-08-22,1,27,25.43,26.39
2026-08-22,2,25.07,23.62,24.51
2026-08-22,3,23.56,22.41,23.13
2026-08-22,4,22.67,21.78,22.33
2026-08-22,5,22.58,21.6,22.22
2026-08-22,6,23.41,22.13,22.94
2026-08-22,7,23.95,21.85,23.15
2026-08-22,8,22.86,20.97,22.14
2026-08-22,9,18.48,17.83,18.25
2026-08-22,10,18.53,17.94,18.47
2026-08-22,11,19.37,19.08,19.8
2026-08-22,12,22.05,22.21,22.91
2026-08-22,13,29.85,30.57,30.4
2026-08-22,14,37.07,35.77,33.8
2026-08-22,15,49.83,42.21,35.85
2026-08-22,16,56.84,49.98,38.33
2026-08-22,17,74.81,67.34,47.59
2026-08-22,18,77.39,70.56,50.73
2026-08-22,19,96.56,98.62,75.32
2026-08-22,20,120,114.13,97.45
2026-08-22,21,97.38,96.69,87.98
2026-08-22,22,74.06,73.8,69.14
2026-08-22,23,41.18,40.87,40.86
2026-08-22,24,31.55,31.11,31.38
2026-08-23,1,31.73,30.96,31.43
2026-08-23,2,27.62,26.91,27.35
2026-08-23,3,24.84,24.16,24.58
2026-08-23,4,23.9,23.28,23.67
2026-08-23,5,23.68,22.93,23.38
2026-08-23,6,23.93,23.18,23.61
2026-08-23,7,23.94,22.78,23.48
2026-08-23,8,22.39,21.05,21.85
2026-08-23,9,18.6,18.25,18.49
2026-08-23,10,17.11,16.06,16.7
2026-08-23,11,18.42,16.63,17.68
2026-08-23,12,22.36,19.74,21.24
2026-08-23,13,32.51,24.02,27.35
2026-08-23,14,43.61,32.15,34.35
2026-08-23,15,54.24,35.56,36.21
2026-08-23,16,52.4,37.3,36.1
2026-08-23,17,50.37,43.6,39.9
2026-08-23,18,51.5,50.06,39.28
2026-08-23,19,59.61,67.98,53.14
2026-08-23,20,84.24,88.46,76.71
2026-08-23,21,66.62,68.51,64.1
2026-08-23,22,55.78,57.09,54.94
2026-08-23,23,36.29,35.73,36.03
2026-08-23,24,29.06,28.73,28.91
2026-08-24,1,29.07,28.79,28.96
2026-08-24,2,24.25,24.03,24.16
2026-08-24,3,23.38,23.3,23.34
2026-08-24,4,22.95,22.87,22.91
2026-08-24,5,22.85,22.82,22.9
2026-08-24,6,23.63,23.58,23.71
2026-08-24,7,23.83,23.35,23.54
2026-08-24,8,23.25,22.87,23.06
2026-08-24,9,18.76,17.66,18.27
2026-08-24,10,18.74,14.88,17.64
2026-08-24,11,20.01,15.01,20.5
2026-08-24,12,24.27,18.09,24.25
2026-08-24,13,34.53,23.95,34.47
2026-08-24,14,45.21,33.36,38.25
2026-08-24,15,54.33,37.41,40.12
2026-08-24,16,59.88,42.54,45.24
2026-08-24,17,58.83,47.88,45.69
2026-08-24,18,62,54.34,45.41
2026-08-24,19,71.94,74.74,55.27
2026-08-24,20,78.13,88.43,74.53
2026-08-24,21,74.81,77.93,72.4
2026-08-24,22,56.43,57.85,55.96
2026-08-24,23,40.1,40.46,40.22
2026-08-24,24,30.14,30.18,30.16
2026-08-25,1,23.93,24.08,24.11
2026-08-25,2,22.47,22.55,22.62
2026-08-25,3,21.7,21.83,21.8
2026-08-25,4,21.4,21.49,21.48
2026-08-25,5,21.65,21.66,21.67
2026-08-25,6,22.59,22.6,22.6
2026-08-25,7,23.15,23.07,23.12
2026-08-25,8,23.34,23.26,23.29
2026-08-25,9,20.02,20.03,20.06
2026-08-25,10,19.04,19.13,19.45
2026-08-25,11,19.68,20.41,20.87
2026-08-25,12,23.42,24.14,24.8
2026-08-25,13,29.93,29.59,30.73
2026-08-25,14,38.87,35.31,34.69
2026-08-25,15,49.11,39.47,37.95
2026-08-25,16,56.04,41.15,38.37
2026-08-25,17,56.01,45.85,39.48
2026-08-25,18,51.52,53.25,38.5
2026-08-25,19,74.87,85.83,63
2026-08-25,20,106.83,114,95.82
2026-08-25,21,96.13,101.21,92.88
2026-08-25,22,67.93,70.26,66.52
2026-08-25,23,43.35,43.87,43.39
2026-08-25,24,33.41,33.38,33.39
2026-08-26,1,28.26,28.07,28.18
2026-08-26,2,26.57,26.36,26.5
2026-08-26,3,26.81,26.52,26.7
2026-08-26,4,29.04,28.51,28.85
2026-08-26,5,30.69,29.67,30.32
2026-08-26,6,34.2,32.2,33.45
2026-08-26,7,37.06,35.07,36.24
2026-08-26,8,34.99,32.35,33.9
2026-08-26,9,26.87,26.61,26.78
2026-08-26,10,24.91,24.83,25.07
2026-08-26,11,26.33,25.16,25.66
2026-08-26,12,29.85,28.75,29.53
2026-08-26,13,36.77,33.66,34.33
2026-08-26,14,41.72,38.15,37.22
2026-08-26,15,50.67,48.1,44.76
2026-08-26,16,56.53,57.95,50.16
2026-08-26,17,60.53,69.67,54.69
2026-08-26,18,67.13,79.14,57.24
2026-08-26,19,104.92,123.39,96.59
2026-08-26,20,144.11,159.82,136.74
2026-08-26,21,132.74,139.5,126.44
2026-08-26,22,145.9,147.15,142.31
2026-08-26,23,99.1,100.5,98.5
2026-08-26,24,60.09,60.54,59.94
2026-08-27,1,67.19,68.2,67.27
2026-08-27,2,52.18,53.56,52.31
2026-08-27,3,47.04,48.36,47.12
2026-08-27,4,42.09,43.83,42.13
2026-08-27,5,38.28,40.72,38.36
2026-08-27,6,40.89,41.63,40.39
2026-08-27,7,42.58,47.08,42.98
2026-08-27,8,37.65,39.47,37.42
2026-08-27,9,26.94,28,26.96
2026-08-27,10,27.55,26.51,25.96
2026-08-27,11,30.58,27.3,27.92
2026-08-27,12,32.36,28.2,29.07
2026-08-27,13,38.82,33.48,34.3
2026-08-27,14,41.55,35.8,35.8
2026-08-27,15,49.05,41.35,40.83
2026-08-27,16,51.34,44.05,41.3
2026-08-27,17,54.73,54.82,47.38
2026-08-27,18,61.41,65.44,54.67
2026-08-27,19,87.45,93.66,83.26
2026-08-27,20,97.58,103.29,95.03
2026-08-27,21,104.58,108.08,103.22
2026-08-27,22,101.9,103.63,100.53
2026-08-27,23,82.7,81.55,81.61
2026-08-27,24,53.27,50.16,52.05
2026-08-28,1,48.09,43.63,46.41
2026-08-28,2,42.93,38.44,41.24
2026-08-28,3,40.7,34.55,38.39
2026-08-28,4,37.25,31.39,35.05
2026-08-28,5,38.64,32.31,36.27
2026-08-28,6,38.69,33.61,36.78
2026-08-28,7,42.77,37.17,40.68
2026-08-28,8,37.33,31.77,35.1
2026-08-28,9,26.21,23.08,24.5
2026-08-28,10,25.78,21.1,22.38
2026-08-28,11,26.45,21.86,22.91
2026-08-28,12,30.82,23.31,25.51
2026-08-28,13,38.16,28.48,31.52
2026-08-28,14,42.72,34.9,34.64
2026-08-28,15,51.14,38.43,39.35
2026-08-28,16,55.19,40.94,40.32
2026-08-28,17,60.36,43.83,43.66
2026-08-28,18,53.66,52.26,45.2
2026-08-28,19,76.42,78.92,71.69
2026-08-28,20,85.32,86.73,81.47
2026-08-28,21,75.87,74.41,73.04
2026-08-28,22,61.75,60.2,60.18
2026-08-28,23,45.38,42.36,44.21
2026-08-28,24,35.64,32.66,34.54
2026-08-29,1,35.22,32.21,34.14
2026-08-29,2,31.83,28.73,30.71
2026-08-29,3,29.78,26.73,28.68
2026-08-29,4,28.3,25.1,27.13
2026-08-29,5,26.36,23.48,25.34
2026-08-29,6,27.12,23.54,25.82
2026-08-29,7,26.39,22.92,24.9
2026-08-29,8,25.5,21.94,23.99
2026-08-29,9,18.41,17.13,17.88
2026-08-29,10,18.94,15.81,17.27
2026-08-29,11,21.35,15.97,18.7
2026-08-29,12,23.94,16.91,21.19
2026-08-29,13,32.03,20.78,26.21
2026-08-29,14,32.76,26.22,29.4
2026-08-29,15,42.32,29.94,32.92
2026-08-29,16,43.59,34.24,34.3
2026-08-29,17,40.57,35.7,34.27
2026-08-29,18,37.31,40.78,35
2026-08-29,19,50.19,57.96,50.24
2026-08-29,20,62.9,68.37,62.42
2026-08-29,21,59.14,58.54,58.11
2026-08-29,22,51.52,49.47,50.62
2026-08-29,23,36.73,35,36.08
2026-08-29,24,29.98,28.41,29.4
2026-08-30,1,23.63,23.11,23.43
2026-08-30,2,22.1,21.71,21.95
2026-08-30,3,21.36,21.02,21.21
2026-08-30,4,20.21,19.94,20.11
2026-08-30,5,19.87,19.61,19.76
2026-08-30,6,19.81,19.56,19.71
2026-08-30,7,19.54,19.2,19.34
2026-08-30,8,18.62,18.36,18.45
2026-08-30,9,15.51,14.23,14.79
2026-08-30,10,15.91,10.51,13.7
2026-08-30,11,17.28,12.06,16.57
2026-08-30,12,20.91,15.22,19.42
2026-08-30,13,26.02,17.63,23.14
2026-08-30,14,32.27,22.1,26.77
2026-08-30,15,35.13,26.92,30.85
2026-08-30,16,35.68,30.6,32.29
2026-08-30,17,34.56,33.17,34.6
2026-08-30,18,33.5,35.11,33.66
2026-08-30,19,44.06,47.75,41.99
2026-08-30,20,58.04,59.81,55.83
2026-08-30,21,51.34,51.31,49.75
2026-08-30,22,43.98,43.42,43.54
2026-08-30,23,35.73,35.05,35.42
2026-08-30,24,25.11,24.41,24.85
2026-08-31,1,24,23.71,23.9
2026-08-31,2,21.97,21.77,21.9
2026-08-31,3,21.51,21.37,21.46
2026-08-31,4,21,20.93,20.98
2026-08-31,5,21.18,21.16,21.18
2026-08-31,6,22.89,22.86,22.88
2026-08-31,7,24.44,24.39,24.42
2026-08-31,8,24.26,24.02,24.1
2026-08-31,9,19.38,18.11,18.59
2026-08-31,10,19.73,14.18,19.13
2026-08-31,11,20.18,14.75,22.18
2026-08-31,12,24.69,18.71,28.5
2026-08-31,13,30.56,23.9,34.15
2026-08-31,14,33.85,31.56,36.39
2026-08-31,15,39.71,35.05,39.31
2026-08-31,16,37.84,37.7,39.46
2026-08-31,17,36.18,38.75,39.31
2026-08-31,18,34.13,41.87,37.28
2026-08-31,19,51.05,55.55,49.59
2026-08-31,20,71.36,74.8,67.52
2026-08-31,21,64.74,65.56,62.21
2026-08-31,22,51.12,50.67,50.17
2026-08-31,23,40.14,40.39,39.83
2026-08-31,24,29.26,28.85,29.11
2026-09-01,1,25.97,25.52,25.8
2026-09-01,2,24.19,23.76,24.03
2026-09-01,3,24.01,23.65,23.88
2026-09-01,4,24.67,24.38,24.57
2026-09-01,5,23.68,23.47,23.6
2026-09-01,6,27.86,27.67,27.79
2026-09-01,7,31.03,30.73,30.93
2026-09-01,8,28.63,28.41,28.57
2026-09-01,9,22.39,21.99,22.22
2026-09-01,10,22.19,19.35,21.43
2026-09-01,11,22.73,19.77,21.67
2026-09-01,12,27.1,22.8,24.97
2026-09-01,13,32.24,29.11,30.43
2026-09-01,14,37.96,37.44,36.19
2026-09-01,15,42.2,41.3,39.12
2026-09-01,16,48.66,44.63,39.39
2026-09-01,17,50.07,48.24,41.2
2026-09-01,18,50.76,54.22,44.3
2026-09-01,19,66.44,68.12,59.97
2026-09-01,20,69.5,67.9,62.12
2026-09-01,21,57.63,56.35,54.04
2026-09-01,22,49.85,47.97,48.1
2026-09-01,23,39.18,38.27,38.13
2026-09-01,24,31.43,30.48,30.84
2026-09-02,1,27.62,26.59,27.21
2026-09-02,2,25.23,24.38,24.9
2026-09-02,3,24.33,23.51,24.02
2026-09-02,4,24.18,23.5,23.92
2026-09-02,5,25.64,25.19,25.47
2026-09-02,6,28.39,27.95,28.23
2026-09-02,7,30.63,30.06,30.43
2026-09-02,8,29.93,29.52,29.76
2026-09-02,9,23.9,23.7,23.87
2026-09-02,10,22.95,22.84,23.1
2026-09-02,11,23.15,23.14,23.26
2026-09-02,12,27.31,26.24,26.69
2026-09-02,13,36.29,32.99,33.27
2026-09-02,14,42.97,39.38,38.55
2026-09-02,15,54.82,43.5,44.63
2026-09-02,16,60.58,51.96,51.03
2026-09-02,17,62.55,52.79,49.88
2026-09-02,18,64.54,60.17,54.76
2026-09-02,19,73.19,68.4,62.3
2026-09-02,20,69.15,65.33,60.32
2026-09-02,21,59.92,54.47,53.04
2026-09-02,22,47.83,43.7,44.09
2026-09-02,23,35.07,33.45,33.64
2026-09-02,24,29.05,27.82,28.19
2026-09-03,1,26.79,25.97,26.4
2026-09-03,2,24.93,24.58,24.77
2026-09-03,3,25.34,24.99,25.2
2026-09-03,4,25.36,25.11,25.27
2026-09-03,5,25.18,24.99,25.11
2026-09-03,6,29.29,29.08,29.21
2026-09-03,7,31.85,31.67,31.8
2026-09-03,8,31.13,30.92,31.05
2026-09-03,9,26.27,26.19,26.3
2026-09-03,10,24.78,25.01,25.4
2026-09-03,11,26.46,26.21,26.77
2026-09-03,12,29.27,28.68,29.46
2026-09-03,13,35.88,34.34,34.77
2026-09-03,14,43.26,38.41,38.37
2026-09-03,15,47.92,41.06,41.24
2026-09-03,16,53.68,42.09,41.96
2026-09-03,17,57.49,41.68,41.99
2026-09-03,18,55.87,47.06,44.75
2026-09-03,19,60.82,57.3,53.65
2026-09-03,20,61.37,58.31,55.3
2026-09-03,21,57.14,53.97,52.35
2026-09-03,22,42.86,40.95,41.17
2026-09-03,23,34.29,33.41,33.67
2026-09-03,24,27.17,26.74,26.87
2026-09-04,1,28.91,28.63,28.76
2026-09-04,2,26.34,26.15,26.25
2026-09-04,3,25.91,25.82,25.87
2026-09-04,4,26.01,25.93,25.98
2026-09-04,5,27.16,27.09,27.13
2026-09-04,6,30.12,30,30.07
2026-09-04,7,31.99,31.46,31.67
2026-09-04,8,31.07,30.83,31.01
2026-09-04,9,25.06,24.7,24.88
2026-09-04,10,25.11,22.24,24.08
2026-09-04,11,25.71,22.16,24.46
2026-09-04,12,28.26,23.69,26.62
2026-09-04,13,33.15,27.85,30.43
2026-09-04,14,34.68,31.79,33.32
2026-09-04,15,39.31,33.23,35.71
2026-09-04,16,39.82,34.7,35.85
2026-09-04,17,40.91,35.84,36.4
2026-09-04,18,36.95,36.97,35.16
2026-09-04,19,48.29,46.86,44.41
2026-09-04,20,51.7,51.21,49.2
2026-09-04,21,47.43,46.86,45.47
2026-09-04,22,39.48,39.35,39.1
2026-09-04,23,35.66,35.56,35.54
2026-09-04,24,31.67,31.49,31.56
2026-09-05,1,30.04,29.76,29.93
2026-09-05,2,27.71,27.28,27.55
2026-09-05,3,28.03,27.7,27.91
2026-09-05,4,27.41,27.07,27.26
2026-09-05,5,27.67,27.21,27.49
2026-09-05,6,30.05,29.44,29.81
2026-09-05,7,30.58,29.68,30.17
2026-09-05,8,30.54,29.34,29.97
2026-09-05,9,22.7,22.06,22.2
2026-09-05,10,22.96,20.26,20.74
2026-09-05,11,26.99,20.94,22.59
2026-09-05,12,30.48,23.04,24.95
2026-09-05,13,34.01,28.03,29.89
2026-09-05,14,39.79,33.97,35.3
2026-09-05,15,42.21,35.11,36.08
2026-09-05,16,41.03,38.91,36.48
2026-09-05,17,41.9,41.61,37.38
2026-09-05,18,45.37,49.16,43.6
2026-09-05,19,57.29,59.81,55.35
2026-09-05,20,62.58,64.17,60.45
2026-09-05,21,57.5,57.75,56.82
2026-09-05,22,52.03,51.86,52.57
2026-09-05,23,40.51,39.3,40.04
2026-09-05,24,36.09,35.12,35.72
2026-09-06,1,31.88,31.47,31.73
2026-09-06,2,30.59,29.94,30.35
2026-09-06,3,30.83,30.13,30.57
2026-09-06,4,33.56,32.85,33.29
2026-09-06,5,35.87,34.98,35.54
2026-09-06,6,38.32,37.18,37.9
2026-09-06,7,35.46,34.12,34.94
2026-09-06,8,33.66,31.64,32.9
2026-09-06,9,23.72,23.28,23.51
2026-09-06,10,21.97,20.76,21.05
2026-09-06,11,22.14,20.29,20.67
2026-09-06,12,24.49,22.28,22.64
2026-09-06,13,27.8,25.47,25.91
2026-09-06,14,33.85,29.88,30.67
2026-09-06,15,37.51,34.26,34.74
2026-09-06,16,39.19,37.16,36.42
2026-09-06,17,39.67,40.38,38.34
2026-09-06,18,42.92,46.19,41.98
2026-09-06,19,54.37,56.89,52.65
2026-09-06,20,62.75,65.68,61.92
2026-09-06,21,61.3,61.92,61.02
2026-09-06,22,56.84,56,56.41
2026-09-06,23,50.95,49.96,50.47
2026-09-06,24,38.67,37.82,38.35
2026-09-07,1,45.06,44.3,44.78
2026-09-07,2,40.72,39.98,40.44
2026-09-07,3,38.21,37.38,37.91
2026-09-07,4,36.58,35.98,36.36
2026-09-07,5,37.31,36.76,37.11
2026-09-07,6,40.8,40.19,40.58
2026-09-07,7,37.6,36.86,37.33
2026-09-07,8,34.66,33.89,34.38
2026-09-07,9,24.51,24.3,24.48
2026-09-07,10,22.32,22.24,22.36
2026-09-07,11,22.56,21.74,23.29
2026-09-07,12,24.79,22.87,25.69
2026-09-07,13,30.38,27,30.81
2026-09-07,14,39.91,33.39,42.22
2026-09-07,15,44.01,38.74,45.95
2026-09-07,16,49.19,41.32,48.83
2026-09-07,17,51.49,42.92,52.06
2026-09-07,18,51.44,53.2,52.61
2026-09-07,19,76.88,76.71,73.45
2026-09-07,20,88.17,88.65,83.18
2026-09-07,21,81.28,81.35,78.67
2026-09-07,22,71.54,70.58,70.5
2026-09-07,23,63.93,63.15,63.55
2026-09-07,24,41.99,41.41,41.76
2026-09-08,1,33.36,33.15,33.27
2026-09-08,2,30.77,30.46,30.65
2026-09-08,3,30.3,29.99,30.19
2026-09-08,4,29.12,28.93,29.05
2026-09-08,5,29.87,29.74,29.82
2026-09-08,6,35.1,34.99,35.06
2026-09-08,7,37.26,37.17,37.23
2026-09-08,8,34.8,34.71,34.77
2026-09-08,9,24.66,24.62,24.68
2026-09-08,10,23.29,20.35,23.61
2026-09-08,11,24.83,19.98,26.09
2026-09-08,12,27.7,21.8,29.81
2026-09-08,13,33.83,26.62,38.7
2026-09-08,14,38.98,32.98,47.46
2026-09-08,15,50.53,34.84,43.61
2026-09-08,16,52.76,37.39,47.04
2026-09-08,17,52.61,42.3,50.56
2026-09-08,18,57.47,46.95,48.88
2026-09-08,19,70.37,70.51,66.65
2026-09-08,20,87.18,88,82.09
2026-09-08,21,79.39,79.04,76.07
2026-09-08,22,67.64,67.67,67.23
2026-09-08,23,49.3,49,49.21
2026-09-08,24,37.51,37.23,37.4
2026-09-09,1,32.78,32.62,32.72
2026-09-09,2,30.52,30.39,30.47
2026-09-09,3,30.13,30.06,30.1
2026-09-09,4,28.75,28.7,28.73
2026-09-09,5,30.1,30.06,30.09
2026-09-09,6,33.97,33.92,33.95
2026-09-09,7,40.03,40.01,40.02
2026-09-09,8,35.27,35.24,35.26
2026-09-09,9,26.62,26.44,26.61
2026-09-09,10,24.64,21.67,24.58
2026-09-09,11,27.55,21.95,25.95
2026-09-09,12,31.54,25.59,30.25
2026-09-09,13,39.56,32.74,35.81
2026-09-09,14,46.54,38.52,40.84
2026-09-09,15,56.23,41.98,45.61
2026-09-09,16,69.91,43.74,49.77
2026-09-09,17,64.25,45.52,47.66
2026-09-09,18,68.99,59.03,56.95
2026-09-09,19,88.25,87.54,80.51
2026-09-09,20,108.57,107,97.8
2026-09-09,21,100.94,100.54,96.56
2026-09-09,22,91.86,92.89,92.06
2026-09-09,23,58.32,58.5,58.42
2026-09-09,24,40.1,40.09,40.1
2026-09-10,1,32.52,32.45,32.5
2026-09-10,2,29.5,29.45,29.48
2026-09-10,3,30.51,30.47,30.49
2026-09-10,4,28.87,28.87,28.87
2026-09-10,5,30.09,30.09,30.09
2026-09-10,6,33.92,33.91,33.92
2026-09-10,7,39.01,39.01,39.01
2026-09-10,8,37.43,37.41,37.43
2026-09-10,9,26.35,26.14,26.24
2026-09-10,10,24.16,22.58,23.3
2026-09-10,11,27.14,23.37,26.28
2026-09-10,12,30.4,24.73,28.16
2026-09-10,13,39.83,30.59,34.73
2026-09-10,14,51.04,40.03,43.27
2026-09-10,15,57.51,42.98,47.15
2026-09-10,16,62.65,43.69,49.03
2026-09-10,17,63.16,49.48,51.98
2026-09-10,18,68.95,61.11,61.18
2026-09-10,19,87.46,85.36,82.06
2026-09-10,20,97.86,97.47,92.75
2026-09-10,21,97.63,97.85,93.74
2026-09-10,22,83.7,84.54,81.62
2026-09-10,23,58.63,58.99,58.54
2026-09-10,24,40.14,40.18,40.14
2026-09-11,1,34.82,34.8,34.8
2026-09-11,2,31.5,31.5,31.5
2026-09-11,3,30.55,30.55,30.54
2026-09-11,4,30,30,30
2026-09-11,5,30,30,30
2026-09-11,6,32.49,32.49,32.49
2026-09-11,7,37.79,37.76,37.78
2026-09-11,8,35.4,35.36,35.39
2026-09-11,9,27.09,27.12,27.14
2026-09-11,10,23.37,23.63,24.04
2026-09-11,11,22.73,22.9,24.36
2026-09-11,12,24.62,23.55,26.23
2026-09-11,13,30.38,26.69,31.33
2026-09-11,14,36.24,32.53,35.88
2026-09-11,15,43.01,33.77,38.14
2026-09-11,16,49.94,34.13,39.54
2026-09-11,17,48.46,33.87,37.42
2026-09-11,18,48.54,38.57,38.53
2026-09-11,19,59.14,53.16,50.64
2026-09-11,20,58.4,56.35,53.18
2026-09-11,21,50.17,48.59,46.76
2026-09-11,22,37.53,36.39,36.04
2026-09-11,23,28.81,28.18,28.19
2026-09-11,24,24.12,23.56,23.76
2026-09-12,1,24.76,24.01,24.67
2026-09-12,2,24.24,23.48,24.17
2026-09-12,3,24.1,23.3,24.03
2026-09-12,4,23.85,23.2,23.75
2026-09-12,5,23.31,22.81,23.23
2026-09-12,6,24.02,23.73,23.97
2026-09-12,7,26.1,25.86,26.06
2026-09-12,8,24.33,24.33,24.34
2026-09-12,9,17.35,17.35,17.69
2026-09-12,10,14.47,13.65,18.66
2026-09-12,11,15.42,14.56,22.35
2026-09-12,12,20.43,17.7,24.7
2026-09-12,13,25.56,21.83,28.31
2026-09-12,14,31.93,26.36,34.42
2026-09-12,15,37.93,28.85,35.16
2026-09-12,16,46.15,32.34,39.1
2026-09-12,17,45.69,33.94,37.13
2026-09-12,18,46.32,36.31,36.74
2026-09-12,19,60.39,52.66,51.04
2026-09-12,20,58.9,56.18,53.25
2026-09-12,21,52.95,51.95,50.27
2026-09-12,22,48.99,48.35,47.79
2026-09-12,23,33.92,33.7,33.77
2026-09-12,24,28.23,27.92,28.07
2026-09-13,1,28.07,28.01,28.03
2026-09-13,2,25.76,25.76,25.76
2026-09-13,3,26.02,26.01,26.01
2026-09-13,4,25.86,25.85,25.85
2026-09-13,5,26.45,26.45,26.45
2026-09-13,6,29.02,29.02,29.02
2026-09-13,7,31.98,31.97,31.98
2026-09-13,8,29.69,29.66,29.68
2026-09-13,9,20.06,20.06,20.11
2026-09-13,10,16.72,15.8,18.35
2026-09-13,11,16.9,15.55,19.85
2026-09-13,12,18.45,17.03,22.82
2026-09-13,13,23.92,20.37,27.56
2026-09-13,14,29.54,22.79,31.26
2026-09-13,15,34.55,25.74,33.56
2026-09-13,16,34.74,27.02,34.05
2026-09-13,17,33.38,28.2,34.18
2026-09-13,18,33.83,31.7,33.52
2026-09-13,19,53.26,52.31,51.38
2026-09-13,20,57.36,57.42,56.1
2026-09-13,21,52.75,52.46,51.92
2026-09-13,22,48.25,48.13,48.13
2026-09-13,23,35.53,35.35,35.44
2026-09-13,24,30.4,30.29,30.35
2026-09-14,1,28.39,28.33,28.37
2026-09-14,2,25.15,25.12,25.14
2026-09-14,3,24.61,24.6,24.61
2026-09-14,4,24.18,24.17,24.18
2026-09-14,5,24.19,24.18,24.19
2026-09-14,6,26.52,26.49,26.51
2026-09-14,7,30.36,30.32,30.35
2026-09-14,8,28.73,28.66,28.71
2026-09-14,9,21.28,20.92,21.18
2026-09-14,10,18.62,16.31,21.07
2026-09-14,11,19.94,16.08,26.82
2026-09-14,12,21.84,18.28,25.41
2026-09-14,13,26.84,20.5,30.6
2026-09-14,14,32.39,23.56,37.52
2026-09-14,15,35.65,25.77,37.48
2026-09-14,16,42.36,28.53,41.06
2026-09-14,17,35.75,31.2,35.62
2026-09-14,18,31.46,34.09,34.74
2026-09-14,19,45.16,47.74,45.46
2026-09-14,20,50.26,51.88,49.19
2026-09-14,21,47.45,48.28,46.68
2026-09-14,22,41.62,41.66,41.38
2026-09-14,23,32.91,32.85,32.84
2026-09-14,24,27.27,27.23,27.24
2026-09-15,1,26.88,26.83,26.85
2026-09-15,2,24.66,24.61,24.63
2026-09-15,3,23.24,23.18,23.22
2026-09-15,4,23.41,23.37,23.39
2026-09-15,5,23.3,23.28,23.3
2026-09-15,6,24.43,24.4,24.42
2026-09-15,7,26.17,26.16,26.17
2026-09-15,8,25.74,25.75,25.75
2026-09-15,9,18.82,18.5,19.1
2026-09-15,10,16.64,15.62,23.75
2026-09-15,11,17.01,15.76,28.44
2026-09-15,12,17.92,16.53,32.28
2026-09-15,13,21.91,21.58,34.69
2026-09-15,14,25.01,24.24,33.85
2026-09-15,15,30.37,27.72,35.27
2026-09-15,16,34.69,29.42,34.86
2026-09-15,17,33.48,32.82,35.73
2026-09-15,18,31.13,34.76,34.43
2026-09-15,19,46.52,47.78,45.61
2026-09-15,20,59.45,61.22,58.25
2026-09-15,21,53.62,54.32,53.08
2026-09-15,22,52.02,52.39,51.94
2026-09-15,23,44.46,44.5,44.45
2026-09-15,24,40,40,40
2026-09-16,1,34.57,34.57,34.58
2026-09-16,2,31.48,31.48,31.49
2026-09-16,3,31.12,31.12,31.12
2026-09-16,4,30.72,30.72,30.72
2026-09-16,5,32.15,32.13,32.14
2026-09-16,6,38.39,38.39,38.39
2026-09-16,7,40.02,40.01,40.03
2026-09-16,8,36.27,36.23,36.27
2026-09-16,9,27.72,26.23,27.23
2026-09-16,10,28.69,20.59,25.78
2026-09-16,11,34.42,19.25,29.05
2026-09-16,12,34.08,21.88,29.73
2026-09-16,13,39.16,25.9,34.61
2026-09-16,14,47.07,33.63,40.65
2026-09-16,15,57.62,38.5,45.36
2026-09-16,16,70.08,47.02,46.7
2026-09-16,17,60.42,49.79,54.82
2026-09-16,18,65.84,61.98,50.48
2026-09-16,19,80.97,85.5,63.26
2026-09-16,20,85.19,89.6,66.84
2026-09-16,21,70.07,81.17,67.52
2026-09-16,22,58.78,62.23,58.98
2026-09-16,23,46.32,47.61,46.24
2026-09-16,24,37.66,37.27,37.47
2026-09-17,1,35.12,35.01,35.56
2026-09-17,2,33.65,33.37,33.52
2026-09-17,3,34.72,34.45,34.6
2026-09-17,4,33.63,33.42,33.52
2026-09-17,5,35.27,34.93,35.09
2026-09-17,6,38.08,37.86,37.86
2026-09-17,7,42.6,42.03,42.23
2026-09-17,8,42.04,41.63,41.94
2026-09-17,9,31.78,31.72,31.78
2026-09-17,10,28.96,26.09,28.92
2026-09-17,11,27.32,25.16,32.28
2026-09-17,12,28.72,26.61,37.83
2026-09-17,13,32.79,32.63,44.24
2026-09-17,14,40.18,42.78,55.05
2026-09-17,15,40.22,49.03,58.65
2026-09-17,16,46.68,55.97,66.51
2026-09-17,17,50.15,60.64,71.7
2026-09-17,18,44.49,70.16,69.61
2026-09-17,19,56.61,87.67,72.12
2026-09-17,20,63.38,88.56,66.9
2026-09-17,21,65.42,81.96,64.97
2026-09-17,22,55.7,58.61,54.64
2026-09-17,23,44.81,45.76,44.57
2026-09-17,24,37.31,36.52,36.96
2026-09-18,1,34.34,34,34.4
2026-09-18,2,32.11,31.78,31.92
2026-09-18,3,30.89,30.5,30.58
2026-09-18,4,29.84,29.5,29.59
2026-09-18,5,30.63,30.03,30.13
2026-09-18,6,34.77,33.44,33.57
2026-09-18,7,41.18,40.12,40.58
2026-09-18,8,40.67,39.84,40.08
2026-09-18,9,27.12,26.41,26.22
2026-09-18,10,25.38,22.23,23.79
2026-09-18,11,25.81,21.3,26.65
2026-09-18,12,30.02,23.42,33.17
2026-09-18,13,32.6,27.3,37.85
2026-09-18,14,37.37,37.88,45.69
2026-09-18,15,40.37,48.92,51.21
2026-09-18,16,39.5,57.62,52.85
2026-09-18,17,41.57,63.93,52.8
2026-09-18,18,43.78,79.29,50.24
2026-09-18,19,63.22,132.4,86.03
2026-09-18,20,74.84,132.12,81.22
2026-09-18,21,67.17,99.99,68.42
2026-09-18,22,53.34,60.83,53.82
2026-09-18,23,40.65,41.79,40.56
2026-09-18,24,32.19,32.06,32.1
2026-09-19,1,34.52,33.67,33.65
2026-09-19,2,29.17,28.12,28.05
2026-09-19,3,27.24,26.15,26.06
2026-09-19,4,26.57,25.49,25.41
2026-09-19,5,26.75,25.76,25.75
2026-09-19,6,29.21,27.88,28.02
2026-09-19,7,31.04,29.65,29.93
2026-09-19,8,30.65,29.08,29.37
2026-09-19,9,23.12,22.13,22.31
2026-09-19,10,20.07,18.9,19.68
2026-09-19,11,20.93,19.76,22.3
2026-09-19,12,24.06,23.27,27.45
2026-09-19,13,29.17,28.78,36.3
2026-09-19,14,34.83,38.72,44.13
2026-09-19,15,36.93,50.41,44.05
2026-09-19,16,39.64,63.01,48.36
2026-09-19,17,38.81,76.85,50.53
2026-09-19,18,46.85,98.26,66.33
2026-09-19,19,77.64,140,90.86
2026-09-19,20,90.79,131.37,89.35
2026-09-19,21,69.48,77.4,69.7
2026-09-19,22,58.49,56.63,57.54
2026-09-19,23,43.29,40.05,41.89
2026-09-19,24,35.83,34.01,34.99
